timestamp,regiao,consumo,capacidade_disponivel,prioridade,custo
2026-01-01T00:00,Norte,690,900,3,65
2026-01-01T00:00,Nordeste,898,1100,5,90
2026-01-01T00:00,Sudeste,1373,1600,4,75
2026-01-01T00:00,Sul,810,1000,2,55
2026-01-01T01:00,Norte,716,900,3,65
2026-01-01T01:00,Nordeste,874,1100,5,90
2026-01-01T01:00,Sudeste,1366,1600,4,75
2026-01-01T01:00,Sul,763,1000,2,55
2026-01-01T02:00,Norte,662,900,3,65
2026-01-01T02:00,Nordeste,911,1100,5,90
2026-01-01T02:00,Sudeste,1430,1600,4,75
2026-01-01T02:00,Sul,797,1000,2,55
2026-01-01T03:00,Norte,680,900,3,65
2026-01-01T03:00,Nordeste,901,1100,5,90
2026-01-01T03:00,Sudeste,1439,1600,4,75
2026-01-01T03:00,Sul,841,1000,2,55
2026-01-01T04:00,Norte,740,900,3,65
2026-01-01T04:00,Nordeste,929,1100,5,90
2026-01-01T04:00,Sudeste,1416,1600,4,75
2026-01-01T04:00,Sul,807,1000,2,55
2026-01-01T05:00,Norte,754,900,3,65
2026-01-01T05:00,Nordeste,948,1100,5,90
2026-01-01T05:00,Sudeste,1424,1600,4,75
2026-01-01T05:00,Sul,854,1000,2,55
2026-01-01T06:00,Norte,786,900,3,65
2026-01-01T06:00,Nordeste,976,1100,5,90
2026-01-01T06:00,Sudeste,1473,1600,4,75
2026-01-01T06:00,Sul,891,1000,2,55
2026-01-01T07:00,Norte,822,918,3,65
2026-01-01T07:00,Nordeste,1032,1118,5,90
2026-01-01T07:00,Sudeste,1496,1618,4,75
2026-01-01T07:00,Sul,928,1018,2,55
2026-01-01T08:00,Norte,867,934,3,65
2026-01-01T08:00,Nordeste,1082,1134,5,90
2026-01-01T08:00,Sudeste,1549,1634,4,75
2026-01-01T08:00,Sul,940,1034,2,55
2026-01-01T09:00,Norte,880,949,3,65
2026-01-01T09:00,Nordeste,1109,1149,5,90
2026-01-01T09:00,Sudeste,1584,1649,4,75
2026-01-01T09:00,Sul,960,1049,2,55
2026-01-01T10:00,Norte,946,960,3,65
2026-01-01T10:00,Nordeste,1114,1160,5,90
2026-01-01T10:00,Sudeste,1576,1660,4,75
2026-01-01T10:00,Sul,1013,1060,2,55
2026-01-01T11:00,Norte,936,967,3,65
2026-01-01T11:00,Nordeste,1162,1167,5,90
2026-01-01T11:00,Sudeste,1621,1667,4,75
2026-01-01T11:00,Sul,1049,1067,2,55
2026-01-01T12:00,Norte,964,970,3,65
2026-01-01T12:00,Nordeste,1146,1170,5,90
2026-01-01T12:00,Sudeste,1665,1670,4,75
2026-01-01T12:00,Sul,1067,1070,2,55
2026-01-01T13:00,Norte,935,967,3,65
2026-01-01T13:00,Nordeste,1144,1167,5,90
2026-01-01T13:00,Sudeste,1654,1667,4,75
2026-01-01T13:00,Sul,1048,1067,2,55
2026-01-01T14:00,Norte,915,960,3,65
2026-01-01T14:00,Nordeste,1120,1160,5,90
2026-01-01T14:00,Sudeste,1615,1660,4,75
2026-01-01T14:00,Sul,1069,1060,2,55
2026-01-01T15:00,Norte,932,949,3,65
2026-01-01T15:00,Nordeste,1163,1149,5,90
2026-01-01T15:00,Sudeste,1665,1649,4,75
2026-01-01T15:00,Sul,1057,1049,2,55
2026-01-01T16:00,Norte,919,934,3,65
2026-01-01T16:00,Nordeste,1094,1134,5,90
2026-01-01T16:00,Sudeste,1601,1634,4,75
2026-01-01T16:00,Sul,984,1034,2,55
2026-01-01T17:00,Norte,901,918,3,65
2026-01-01T17:00,Nordeste,1074,1118,5,90
2026-01-01T17:00,Sudeste,1605,1618,4,75
2026-01-01T17:00,Sul,984,1018,2,55
2026-01-01T18:00,Norte,841,900,3,65
2026-01-01T18:00,Nordeste,1063,1100,5,90
2026-01-01T18:00,Sudeste,1573,1600,4,75
2026-01-01T18:00,Sul,959,1000,2,55
2026-01-01T19:00,Norte,810,900,3,65
2026-01-01T19:00,Nordeste,1026,1100,5,90
2026-01-01T19:00,Sudeste,1497,1600,4,75
2026-01-01T19:00,Sul,892,1000,2,55
2026-01-01T20:00,Norte,781,900,3,65
2026-01-01T20:00,Nordeste,987,1100,5,90
2026-01-01T20:00,Sudeste,1482,1600,4,75
2026-01-01T20:00,Sul,867,1000,2,55
2026-01-01T21:00,Norte,763,900,3,65
2026-01-01T21:00,Nordeste,943,1100,5,90
2026-01-01T21:00,Sudeste,1458,1600,4,75
2026-01-01T21:00,Sul,879,1000,2,55
2026-01-01T22:00,Norte,697,900,3,65
2026-01-01T22:00,Nordeste,899,1100,5,90
2026-01-01T22:00,Sudeste,1439,1600,4,75
2026-01-01T22:00,Sul,804,1000,2,55
2026-01-01T23:00,Norte,709,900,3,65
2026-01-01T23:00,Nordeste,914,1100,5,90
2026-01-01T23:00,Sudeste,1375,1600,4,75
2026-01-01T23:00,Sul,814,1000,2,55
2026-01-02T00:00,Norte,696,900,3,65
2026-01-02T00:00,Nordeste,901,1100,5,90
2026-01-02T00:00,Sudeste,1379,1600,4,75
2026-01-02T00:00,Sul,812,1000,2,55
2026-01-02T01:00,Norte,664,900,3,65
2026-01-02T01:00,Nordeste,892,1100,5,90
2026-01-02T01:00,Sudeste,1379,1600,4,75
2026-01-02T01:00,Sul,811,1000,2,55
2026-01-02T02:00,Norte,697,900,3,65
2026-01-02T02:00,Nordeste,877,1100,5,90
2026-01-02T02:00,Sudeste,1392,1600,4,75
2026-01-02T02:00,Sul,808,1000,2,55
2026-01-02T03:00,Norte,693,900,3,65
2026-01-02T03:00,Nordeste,915,1100,5,90
2026-01-02T03:00,Sudeste,1374,1600,4,75
2026-01-02T03:00,Sul,819,1000,2,55
2026-01-02T04:00,Norte,699,900,3,65
2026-01-02T04:00,Nordeste,952,1100,5,90
2026-01-02T04:00,Sudeste,1415,1600,4,75
2026-01-02T04:00,Sul,840,1000,2,55
2026-01-02T05:00,Norte,767,900,3,65
2026-01-02T05:00,Nordeste,958,1100,5,90
2026-01-02T05:00,Sudeste,1433,1600,4,75
2026-01-02T05:00,Sul,877,1000,2,55
2026-01-02T06:00,Norte,778,900,3,65
2026-01-02T06:00,Nordeste,1006,1100,5,90
2026-01-02T06:00,Sudeste,1478,1600,4,75
2026-01-02T06:00,Sul,866,1000,2,55
2026-01-02T07:00,Norte,792,918,3,65
2026-01-02T07:00,Nordeste,992,1118,5,90
2026-01-02T07:00,Sudeste,1492,1618,4,75
2026-01-02T07:00,Sul,906,1018,2,55
2026-01-02T08:00,Norte,837,934,3,65
2026-01-02T08:00,Nordeste,1023,1134,5,90
2026-01-02T08:00,Sudeste,1587,1634,4,75
2026-01-02T08:00,Sul,980,1034,2,55
2026-01-02T09:00,Norte,880,949,3,65
2026-01-02T09:00,Nordeste,1090,1149,5,90
2026-01-02T09:00,Sudeste,1553,1649,4,75
2026-01-02T09:00,Sul,964,1049,2,55
2026-01-02T10:00,Norte,943,960,3,65
2026-01-02T10:00,Nordeste,1113,1160,5,90
2026-01-02T10:00,Sudeste,1628,1660,4,75
2026-01-02T10:00,Sul,1001,1060,2,55
2026-01-02T11:00,Norte,958,967,3,65
2026-01-02T11:00,Nordeste,1122,1167,5,90
2026-01-02T11:00,Sudeste,1627,1667,4,75
2026-01-02T11:00,Sul,1053,1067,2,55
2026-01-02T12:00,Norte,962,970,3,65
2026-01-02T12:00,Nordeste,1172,1170,5,90
2026-01-02T12:00,Sudeste,1614,1670,4,75
2026-01-02T12:00,Sul,1038,1070,2,55
2026-01-02T13:00,Norte,968,967,3,65
2026-01-02T13:00,Nordeste,1171,1167,5,90
2026-01-02T13:00,Sudeste,1646,1667,4,75
2026-01-02T13:00,Sul,1069,1067,2,55
2026-01-02T14:00,Norte,937,960,3,65
2026-01-02T14:00,Nordeste,1173,1160,5,90
2026-01-02T14:00,Sudeste,1634,1660,4,75
2026-01-02T14:00,Sul,1014,1060,2,55
2026-01-02T15:00,Norte,901,949,3,65
2026-01-02T15:00,Nordeste,1129,1149,5,90
2026-01-02T15:00,Sudeste,1629,1649,4,75
2026-01-02T15:00,Sul,1028,1049,2,55
2026-01-02T16:00,Norte,943,934,3,65
2026-01-02T16:00,Nordeste,1102,1134,5,90
2026-01-02T16:00,Sudeste,1605,1634,4,75
2026-01-02T16:00,Sul,1029,1034,2,55
2026-01-02T17:00,Norte,882,918,3,65
2026-01-02T17:00,Nordeste,1067,1118,5,90
2026-01-02T17:00,Sudeste,1590,1618,4,75
2026-01-02T17:00,Sul,955,1018,2,55
2026-01-02T18:00,Norte,858,900,3,65
2026-01-02T18:00,Nordeste,1032,1100,5,90
2026-01-02T18:00,Sudeste,1569,1600,4,75
2026-01-02T18:00,Sul,923,1000,2,55
2026-01-02T19:00,Norte,848,900,3,65
2026-01-02T19:00,Nordeste,1034,1100,5,90
2026-01-02T19:00,Sudeste,1496,1600,4,75
2026-01-02T19:00,Sul,940,1000,2,55
2026-01-02T20:00,Norte,778,900,3,65
2026-01-02T20:00,Nordeste,973,1100,5,90
2026-01-02T20:00,Sudeste,1495,1600,4,75
2026-01-02T20:00,Sul,889,1000,2,55
2026-01-02T21:00,Norte,781,900,3,65
2026-01-02T21:00,Nordeste,961,1100,5,90
2026-01-02T21:00,Sudeste,1474,1600,4,75
2026-01-02T21:00,Sul,888,1000,2,55
2026-01-02T22:00,Norte,721,900,3,65
2026-01-02T22:00,Nordeste,928,1100,5,90
2026-01-02T22:00,Sudeste,1437,1600,4,75
2026-01-02T22:00,Sul,844,1000,2,55
2026-01-02T23:00,Norte,736,900,3,65
2026-01-02T23:00,Nordeste,882,1100,5,90
2026-01-02T23:00,Sudeste,1408,1600,4,75
2026-01-02T23:00,Sul,797,1000,2,55
2026-01-03T00:00,Norte,665,900,3,65
2026-01-03T00:00,Nordeste,910,1100,5,90
2026-01-03T00:00,Sudeste,1376,1600,4,75
2026-01-03T00:00,Sul,794,1000,2,55
2026-01-03T01:00,Norte,662,900,3,65
2026-01-03T01:00,Nordeste,876,1100,5,90
2026-01-03T01:00,Sudeste,1414,1600,4,75
2026-01-03T01:00,Sul,815,1000,2,55
2026-01-03T02:00,Norte,711,900,3,65
2026-01-03T02:00,Nordeste,909,1100,5,90
2026-01-03T02:00,Sudeste,1387,1600,4,75
2026-01-03T02:00,Sul,760,1000,2,55
2026-01-03T03:00,Norte,700,900,3,65
2026-01-03T03:00,Nordeste,893,1100,5,90
2026-01-03T03:00,Sudeste,1374,1600,4,75
2026-01-03T03:00,Sul,805,1000,2,55
2026-01-03T04:00,Norte,708,900,3,65
2026-01-03T04:00,Nordeste,944,1100,5,90
2026-01-03T04:00,Sudeste,1442,1600,4,75
2026-01-03T04:00,Sul,822,1000,2,55
2026-01-03T05:00,Norte,791,900,3,65
2026-01-03T05:00,Nordeste,927,1100,5,90
2026-01-03T05:00,Sudeste,1446,1600,4,75
2026-01-03T05:00,Sul,841,1000,2,55
2026-01-03T06:00,Norte,794,900,3,65
2026-01-03T06:00,Nordeste,1012,1100,5,90
2026-01-03T06:00,Sudeste,1519,1600,4,75
2026-01-03T06:00,Sul,908,1000,2,55
2026-01-03T07:00,Norte,788,918,3,65
2026-01-03T07:00,Nordeste,995,1118,5,90
2026-01-03T07:00,Sudeste,1489,1618,4,75
2026-01-03T07:00,Sul,899,1018,2,55
2026-01-03T08:00,Norte,880,934,3,65
2026-01-03T08:00,Nordeste,1050,1134,5,90
2026-01-03T08:00,Sudeste,1535,1634,4,75
2026-01-03T08:00,Sul,923,1034,2,55
2026-01-03T09:00,Norte,895,949,3,65
2026-01-03T09:00,Nordeste,1059,1149,5,90
2026-01-03T09:00,Sudeste,1615,1649,4,75
2026-01-03T09:00,Sul,950,1049,2,55
2026-01-03T10:00,Norte,914,960,3,65
2026-01-03T10:00,Nordeste,1120,1160,5,90
2026-01-03T10:00,Sudeste,1585,1660,4,75
2026-01-03T10:00,Sul,986,1060,2,55
2026-01-03T11:00,Norte,966,967,3,65
2026-01-03T11:00,Nordeste,1155,1167,5,90
2026-01-03T11:00,Sudeste,1645,1667,4,75
2026-01-03T11:00,Sul,1023,1067,2,55
2026-01-03T12:00,Norte,949,970,3,65
2026-01-03T12:00,Nordeste,1159,1170,5,90
2026-01-03T12:00,Sudeste,1639,1670,4,75
2026-01-03T12:00,Sul,1072,1070,2,55
2026-01-03T13:00,Norte,966,967,3,65
2026-01-03T13:00,Nordeste,1127,1167,5,90
2026-01-03T13:00,Sudeste,1624,1667,4,75
2026-01-03T13:00,Sul,1029,1067,2,55
2026-01-03T14:00,Norte,956,960,3,65
2026-01-03T14:00,Nordeste,1175,1160,5,90
2026-01-03T14:00,Sudeste,1665,1660,4,75
2026-01-03T14:00,Sul,1063,1060,2,55
2026-01-03T15:00,Norte,953,949,3,65
2026-01-03T15:00,Nordeste,1105,1149,5,90
2026-01-03T15:00,Sudeste,1622,1649,4,75
2026-01-03T15:00,Sul,1035,1049,2,55
2026-01-03T16:00,Norte,937,934,3,65
2026-01-03T16:00,Nordeste,1130,1134,5,90
2026-01-03T16:00,Sudeste,1591,1634,4,75
2026-01-03T16:00,Sul,997,1034,2,55
2026-01-03T17:00,Norte,896,918,3,65
2026-01-03T17:00,Nordeste,1069,1118,5,90
2026-01-03T17:00,Sudeste,1571,1618,4,75
2026-01-03T17:00,Sul,968,1018,2,55
2026-01-03T18:00,Norte,859,900,3,65
2026-01-03T18:00,Nordeste,1081,1100,5,90
2026-01-03T18:00,Sudeste,1561,1600,4,75
2026-01-03T18:00,Sul,951,1000,2,55
2026-01-03T19:00,Norte,854,900,3,65
2026-01-03T19:00,Nordeste,985,1100,5,90
2026-01-03T19:00,Sudeste,1506,1600,4,75
2026-01-03T19:00,Sul,885,1000,2,55
2026-01-03T20:00,Norte,791,900,3,65
2026-01-03T20:00,Nordeste,967,1100,5,90
2026-01-03T20:00,Sudeste,1521,1600,4,75
2026-01-03T20:00,Sul,866,1000,2,55
2026-01-03T21:00,Norte,783,900,3,65
2026-01-03T21:00,Nordeste,982,1100,5,90
2026-01-03T21:00,Sudeste,1488,1600,4,75
2026-01-03T21:00,Sul,830,1000,2,55
2026-01-03T22:00,Norte,760,900,3,65
2026-01-03T22:00,Nordeste,925,1100,5,90
2026-01-03T22:00,Sudeste,1446,1600,4,75
2026-01-03T22:00,Sul,831,1000,2,55
2026-01-03T23:00,Norte,718,900,3,65
2026-01-03T23:00,Nordeste,902,1100,5,90
2026-01-03T23:00,Sudeste,1396,1600,4,75
2026-01-03T23:00,Sul,773,1000,2,55
2026-01-04T00:00,Norte,666,900,3,65
2026-01-04T00:00,Nordeste,900,1100,5,90
2026-01-04T00:00,Sudeste,1429,1600,4,75
2026-01-04T00:00,Sul,819,1000,2,55
2026-01-04T01:00,Norte,694,900,3,65
2026-01-04T01:00,Nordeste,919,1100,5,90
2026-01-04T01:00,Sudeste,1411,1600,4,75
2026-01-04T01:00,Sul,811,1000,2,55
2026-01-04T02:00,Norte,710,900,3,65
2026-01-04T02:00,Nordeste,878,1100,5,90
2026-01-04T02:00,Sudeste,1392,1600,4,75
2026-01-04T02:00,Sul,806,1000,2,55
2026-01-04T03:00,Norte,716,900,3,65
2026-01-04T03:00,Nordeste,890,1100,5,90
2026-01-04T03:00,Sudeste,1428,1600,4,75
2026-01-04T03:00,Sul,783,1000,2,55
2026-01-04T04:00,Norte,712,900,3,65
2026-01-04T04:00,Nordeste,916,1100,5,90
2026-01-04T04:00,Sudeste,1430,1600,4,75
2026-01-04T04:00,Sul,841,1000,2,55
2026-01-04T05:00,Norte,746,900,3,65
2026-01-04T05:00,Nordeste,965,1100,5,90
2026-01-04T05:00,Sudeste,1432,1600,4,75
2026-01-04T05:00,Sul,830,1000,2,55
2026-01-04T06:00,Norte,803,900,3,65
2026-01-04T06:00,Nordeste,974,1100,5,90
2026-01-04T06:00,Sudeste,1494,1600,4,75
2026-01-04T06:00,Sul,899,1000,2,55
2026-01-04T07:00,Norte,826,918,3,65
2026-01-04T07:00,Nordeste,1007,1118,5,90
2026-01-04T07:00,Sudeste,1523,1618,4,75
2026-01-04T07:00,Sul,887,1018,2,55
2026-01-04T08:00,Norte,820,934,3,65
2026-01-04T08:00,Nordeste,1085,1134,5,90
2026-01-04T08:00,Sudeste,1529,1634,4,75
2026-01-04T08:00,Sul,963,1034,2,55
2026-01-04T09:00,Norte,861,949,3,65
2026-01-04T09:00,Nordeste,1069,1149,5,90
2026-01-04T09:00,Sudeste,1572,1649,4,75
2026-01-04T09:00,Sul,1012,1049,2,55
2026-01-04T10:00,Norte,885,960,3,65
2026-01-04T10:00,Nordeste,1090,1160,5,90
2026-01-04T10:00,Sudeste,1598,1660,4,75
2026-01-04T10:00,Sul,1037,1060,2,55
2026-01-04T11:00,Norte,925,967,3,65
2026-01-04T11:00,Nordeste,1135,1167,5,90
2026-01-04T11:00,Sudeste,1648,1667,4,75
2026-01-04T11:00,Sul,1027,1067,2,55
2026-01-04T12:00,Norte,972,970,3,65
2026-01-04T12:00,Nordeste,1138,1170,5,90
2026-01-04T12:00,Sudeste,1649,1670,4,75
2026-01-04T12:00,Sul,1057,1070,2,55
2026-01-04T13:00,Norte,944,967,3,65
2026-01-04T13:00,Nordeste,1156,1167,5,90
2026-01-04T13:00,Sudeste,1683,1667,4,75
2026-01-04T13:00,Sul,1082,1067,2,55
2026-01-04T14:00,Norte,967,960,3,65
2026-01-04T14:00,Nordeste,1161,1160,5,90
2026-01-04T14:00,Sudeste,1674,1660,4,75
2026-01-04T14:00,Sul,1061,1060,2,55
2026-01-04T15:00,Norte,937,949,3,65
2026-01-04T15:00,Nordeste,1133,1149,5,90
2026-01-04T15:00,Sudeste,1653,1649,4,75
2026-01-04T15:00,Sul,1049,1049,2,55
2026-01-04T16:00,Norte,877,934,3,65
2026-01-04T16:00,Nordeste,1108,1134,5,90
2026-01-04T16:00,Sudeste,1599,1634,4,75
2026-01-04T16:00,Sul,1045,1034,2,55
2026-01-04T17:00,Norte,907,918,3,65
2026-01-04T17:00,Nordeste,1095,1118,5,90
2026-01-04T17:00,Sudeste,1600,1618,4,75
2026-01-04T17:00,Sul,998,1018,2,55
2026-01-04T18:00,Norte,821,900,3,65
2026-01-04T18:00,Nordeste,1037,1100,5,90
2026-01-04T18:00,Sudeste,1583,1600,4,75
2026-01-04T18:00,Sul,926,1000,2,55
2026-01-04T19:00,Norte,843,900,3,65
2026-01-04T19:00,Nordeste,1029,1100,5,90
2026-01-04T19:00,Sudeste,1524,1600,4,75
2026-01-04T19:00,Sul,896,1000,2,55
2026-01-04T20:00,Norte,785,900,3,65
2026-01-04T20:00,Nordeste,1013,1100,5,90
2026-01-04T20:00,Sudeste,1480,1600,4,75
2026-01-04T20:00,Sul,913,1000,2,55
2026-01-04T21:00,Norte,729,900,3,65
2026-01-04T21:00,Nordeste,940,1100,5,90
2026-01-04T21:00,Sudeste,1451,1600,4,75
2026-01-04T21:00,Sul,829,1000,2,55
2026-01-04T22:00,Norte,732,900,3,65
2026-01-04T22:00,Nordeste,910,1100,5,90
2026-01-04T22:00,Sudeste,1400,1600,4,75
2026-01-04T22:00,Sul,814,1000,2,55
2026-01-04T23:00,Norte,723,900,3,65
2026-01-04T23:00,Nordeste,943,1100,5,90
2026-01-04T23:00,Sudeste,1441,1600,4,75
2026-01-04T23:00,Sul,806,1000,2,55
2026-01-05T00:00,Norte,662,900,3,65
2026-01-05T00:00,Nordeste,927,1100,5,90
2026-01-05T00:00,Sudeste,1391,1600,4,75
2026-01-05T00:00,Sul,780,1000,2,55
2026-01-05T01:00,Norte,667,900,3,65
2026-01-05T01:00,Nordeste,881,1100,5,90
2026-01-05T01:00,Sudeste,1359,1600,4,75
2026-01-05T01:00,Sul,795,1000,2,55
2026-01-05T02:00,Norte,670,900,3,65
2026-01-05T02:00,Nordeste,875,1100,5,90
2026-01-05T02:00,Sudeste,1394,1600,4,75
2026-01-05T02:00,Sul,767,1000,2,55
2026-01-05T03:00,Norte,709,900,3,65
2026-01-05T03:00,Nordeste,895,1100,5,90
2026-01-05T03:00,Sudeste,1392,1600,4,75
2026-01-05T03:00,Sul,826,1000,2,55
2026-01-05T04:00,Norte,710,900,3,65
2026-01-05T04:00,Nordeste,904,1100,5,90
2026-01-05T04:00,Sudeste,1440,1600,4,75
2026-01-05T04:00,Sul,794,1000,2,55
2026-01-05T05:00,Norte,791,900,3,65
2026-01-05T05:00,Nordeste,940,1100,5,90
2026-01-05T05:00,Sudeste,1485,1600,4,75
2026-01-05T05:00,Sul,873,1000,2,55
2026-01-05T06:00,Norte,771,900,3,65
2026-01-05T06:00,Nordeste,979,1100,5,90
2026-01-05T06:00,Sudeste,1490,1600,4,75
2026-01-05T06:00,Sul,913,1000,2,55
2026-01-05T07:00,Norte,849,918,3,65
2026-01-05T07:00,Nordeste,993,1118,5,90
2026-01-05T07:00,Sudeste,1533,1618,4,75
2026-01-05T07:00,Sul,906,1018,2,55
2026-01-05T08:00,Norte,838,934,3,65
2026-01-05T08:00,Nordeste,1050,1134,5,90
2026-01-05T08:00,Sudeste,1583,1634,4,75
2026-01-05T08:00,Sul,968,1034,2,55
2026-01-05T09:00,Norte,917,949,3,65
2026-01-05T09:00,Nordeste,1087,1149,5,90
2026-01-05T09:00,Sudeste,1600,1649,4,75
2026-01-05T09:00,Sul,991,1049,2,55
2026-01-05T10:00,Norte,897,960,3,65
2026-01-05T10:00,Nordeste,1125,1160,5,90
2026-01-05T10:00,Sudeste,1583,1660,4,75
2026-01-05T10:00,Sul,1030,1060,2,55
2026-01-05T11:00,Norte,900,967,3,65
2026-01-05T11:00,Nordeste,1132,1167,5,90
2026-01-05T11:00,Sudeste,1599,1667,4,75
2026-01-05T11:00,Sul,1035,1067,2,55
2026-01-05T12:00,Norte,929,970,3,65
2026-01-05T12:00,Nordeste,1120,1170,5,90
2026-01-05T12:00,Sudeste,1630,1670,4,75
2026-01-05T12:00,Sul,1024,1070,2,55
2026-01-05T13:00,Norte,916,967,3,65
2026-01-05T13:00,Nordeste,1144,1167,5,90
2026-01-05T13:00,Sudeste,1644,1667,4,75
2026-01-05T13:00,Sul,1085,1067,2,55
2026-01-05T14:00,Norte,911,960,3,65
2026-01-05T14:00,Nordeste,1171,1160,5,90
2026-01-05T14:00,Sudeste,1678,1660,4,75
2026-01-05T14:00,Sul,1033,1060,2,55
2026-01-05T15:00,Norte,954,949,3,65
2026-01-05T15:00,Nordeste,1145,1149,5,90
2026-01-05T15:00,Sudeste,1640,1649,4,75
2026-01-05T15:00,Sul,1019,1049,2,55
2026-01-05T16:00,Norte,943,934,3,65
2026-01-05T16:00,Nordeste,1100,1134,5,90
2026-01-05T16:00,Sudeste,1589,1634,4,75
2026-01-05T16:00,Sul,1036,1034,2,55
2026-01-05T17:00,Norte,894,918,3,65
2026-01-05T17:00,Nordeste,1088,1118,5,90
2026-01-05T17:00,Sudeste,1601,1618,4,75
2026-01-05T17:00,Sul,953,1018,2,55
2026-01-05T18:00,Norte,845,900,3,65
2026-01-05T18:00,Nordeste,1050,1100,5,90
2026-01-05T18:00,Sudeste,1557,1600,4,75
2026-01-05T18:00,Sul,979,1000,2,55
2026-01-05T19:00,Norte,828,900,3,65
2026-01-05T19:00,Nordeste,995,1100,5,90
2026-01-05T19:00,Sudeste,1515,1600,4,75
2026-01-05T19:00,Sul,925,1000,2,55
2026-01-05T20:00,Norte,765,900,3,65
2026-01-05T20:00,Nordeste,956,1100,5,90
2026-01-05T20:00,Sudeste,1493,1600,4,75
2026-01-05T20:00,Sul,919,1000,2,55
2026-01-05T21:00,Norte,781,900,3,65
2026-01-05T21:00,Nordeste,966,1100,5,90
2026-01-05T21:00,Sudeste,1431,1600,4,75
2026-01-05T21:00,Sul,843,1000,2,55
2026-01-05T22:00,Norte,699,900,3,65
2026-01-05T22:00,Nordeste,957,1100,5,90
2026-01-05T22:00,Sudeste,1460,1600,4,75
2026-01-05T22:00,Sul,863,1000,2,55
2026-01-05T23:00,Norte,704,900,3,65
2026-01-05T23:00,Nordeste,877,1100,5,90
2026-01-05T23:00,Sudeste,1398,1600,4,75
2026-01-05T23:00,Sul,782,1000,2,55
2026-01-06T00:00,Norte,703,900,3,65
2026-01-06T00:00,Nordeste,877,1100,5,90
2026-01-06T00:00,Sudeste,1399,1600,4,75
2026-01-06T00:00,Sul,774,1000,2,55
2026-01-06T01:00,Norte,719,900,3,65
2026-01-06T01:00,Nordeste,920,1100,5,90
2026-01-06T01:00,Sudeste,1355,1600,4,75
2026-01-06T01:00,Sul,764,1000,2,55
2026-01-06T02:00,Norte,688,900,3,65
2026-01-06T02:00,Nordeste,895,1100,5,90
2026-01-06T02:00,Sudeste,1362,1600,4,75
2026-01-06T02:00,Sul,764,1000,2,55
2026-01-06T03:00,Norte,674,900,3,65
2026-01-06T03:00,Nordeste,934,1100,5,90
2026-01-06T03:00,Sudeste,1391,1600,4,75
2026-01-06T03:00,Sul,800,1000,2,55
2026-01-06T04:00,Norte,740,900,3,65
2026-01-06T04:00,Nordeste,925,1100,5,90
2026-01-06T04:00,Sudeste,1438,1600,4,75
2026-01-06T04:00,Sul,832,1000,2,55
2026-01-06T05:00,Norte,770,900,3,65
2026-01-06T05:00,Nordeste,972,1100,5,90
2026-01-06T05:00,Sudeste,1425,1600,4,75
2026-01-06T05:00,Sul,843,1000,2,55
2026-01-06T06:00,Norte,804,900,3,65
2026-01-06T06:00,Nordeste,1015,1100,5,90
2026-01-06T06:00,Sudeste,1460,1600,4,75
2026-01-06T06:00,Sul,917,1000,2,55
2026-01-06T07:00,Norte,850,918,3,65
2026-01-06T07:00,Nordeste,1023,1118,5,90
2026-01-06T07:00,Sudeste,1521,1618,4,75
2026-01-06T07:00,Sul,911,1018,2,55
2026-01-06T08:00,Norte,873,934,3,65
2026-01-06T08:00,Nordeste,1059,1134,5,90
2026-01-06T08:00,Sudeste,1540,1634,4,75
2026-01-06T08:00,Sul,945,1034,2,55
2026-01-06T09:00,Norte,851,949,3,65
2026-01-06T09:00,Nordeste,1110,1149,5,90
2026-01-06T09:00,Sudeste,1604,1649,4,75
2026-01-06T09:00,Sul,984,1049,2,55
2026-01-06T10:00,Norte,918,960,3,65
2026-01-06T10:00,Nordeste,1128,1160,5,90
2026-01-06T10:00,Sudeste,1628,1660,4,75
2026-01-06T10:00,Sul,1017,1060,2,55
2026-01-06T11:00,Norte,923,967,3,65
2026-01-06T11:00,Nordeste,1129,1167,5,90
2026-01-06T11:00,Sudeste,1632,1667,4,75
2026-01-06T11:00,Sul,1062,1067,2,55
2026-01-06T12:00,Norte,921,970,3,65
2026-01-06T12:00,Nordeste,1113,1170,5,90
2026-01-06T12:00,Sudeste,1661,1670,4,75
2026-01-06T12:00,Sul,1043,1070,2,55
2026-01-06T13:00,Norte,951,967,3,65
2026-01-06T13:00,Nordeste,1131,1167,5,90
2026-01-06T13:00,Sudeste,1655,1667,4,75
2026-01-06T13:00,Sul,1026,1067,2,55
2026-01-06T14:00,Norte,931,960,3,65
2026-01-06T14:00,Nordeste,1121,1160,5,90
2026-01-06T14:00,Sudeste,1637,1660,4,75
2026-01-06T14:00,Sul,1042,1060,2,55
2026-01-06T15:00,Norte,924,949,3,65
2026-01-06T15:00,Nordeste,1160,1149,5,90
2026-01-06T15:00,Sudeste,1611,1649,4,75
2026-01-06T15:00,Sul,1040,1049,2,55
2026-01-06T16:00,Norte,877,934,3,65
2026-01-06T16:00,Nordeste,1134,1134,5,90
2026-01-06T16:00,Sudeste,1602,1634,4,75
2026-01-06T16:00,Sul,997,1034,2,55
2026-01-06T17:00,Norte,860,918,3,65
2026-01-06T17:00,Nordeste,1080,1118,5,90
2026-01-06T17:00,Sudeste,1615,1618,4,75
2026-01-06T17:00,Sul,961,1018,2,55
2026-01-06T18:00,Norte,832,900,3,65
2026-01-06T18:00,Nordeste,1058,1100,5,90
2026-01-06T18:00,Sudeste,1555,1600,4,75
2026-01-06T18:00,Sul,937,1000,2,55
2026-01-06T19:00,Norte,794,900,3,65
2026-01-06T19:00,Nordeste,1007,1100,5,90
2026-01-06T19:00,Sudeste,1488,1600,4,75
2026-01-06T19:00,Sul,908,1000,2,55
2026-01-06T20:00,Norte,778,900,3,65
2026-01-06T20:00,Nordeste,985,1100,5,90
2026-01-06T20:00,Sudeste,1456,1600,4,75
2026-01-06T20:00,Sul,893,1000,2,55
2026-01-06T21:00,Norte,763,900,3,65
2026-01-06T21:00,Nordeste,967,1100,5,90
2026-01-06T21:00,Sudeste,1441,1600,4,75
2026-01-06T21:00,Sul,842,1000,2,55
2026-01-06T22:00,Norte,721,900,3,65
2026-01-06T22:00,Nordeste,900,1100,5,90
2026-01-06T22:00,Sudeste,1400,1600,4,75
2026-01-06T22:00,Sul,814,1000,2,55
2026-01-06T23:00,Norte,680,900,3,65
2026-01-06T23:00,Nordeste,906,1100,5,90
2026-01-06T23:00,Sudeste,1436,1600,4,75
2026-01-06T23:00,Sul,786,1000,2,55
2026-01-07T00:00,Norte,685,900,3,65
2026-01-07T00:00,Nordeste,877,1100,5,90
2026-01-07T00:00,Sudeste,1410,1600,4,75
2026-01-07T00:00,Sul,821,1000,2,55
2026-01-07T01:00,Norte,724,900,3,65
2026-01-07T01:00,Nordeste,918,1100,5,90
2026-01-07T01:00,Sudeste,1424,1600,4,75
2026-01-07T01:00,Sul,796,1000,2,55
2026-01-07T02:00,Norte,706,900,3,65
2026-01-07T02:00,Nordeste,915,1100,5,90
2026-01-07T02:00,Sudeste,1411,1600,4,75
2026-01-07T02:00,Sul,764,1000,2,55
2026-01-07T03:00,Norte,677,900,3,65
2026-01-07T03:00,Nordeste,896,1100,5,90
2026-01-07T03:00,Sudeste,1392,1600,4,75
2026-01-07T03:00,Sul,818,1000,2,55
2026-01-07T04:00,Norte,722,900,3,65
2026-01-07T04:00,Nordeste,931,1100,5,90
2026-01-07T04:00,Sudeste,1424,1600,4,75
2026-01-07T04:00,Sul,840,1000,2,55
2026-01-07T05:00,Norte,745,900,3,65
2026-01-07T05:00,Nordeste,965,1100,5,90
2026-01-07T05:00,Sudeste,1470,1600,4,75
2026-01-07T05:00,Sul,867,1000,2,55
2026-01-07T06:00,Norte,820,900,3,65
2026-01-07T06:00,Nordeste,966,1100,5,90
2026-01-07T06:00,Sudeste,1480,1600,4,75
2026-01-07T06:00,Sul,876,1000,2,55
2026-01-07T07:00,Norte,829,918,3,65
2026-01-07T07:00,Nordeste,1008,1118,5,90
2026-01-07T07:00,Sudeste,1553,1618,4,75
2026-01-07T07:00,Sul,912,1018,2,55
2026-01-07T08:00,Norte,820,934,3,65
2026-01-07T08:00,Nordeste,1021,1134,5,90
2026-01-07T08:00,Sudeste,1533,1634,4,75
2026-01-07T08:00,Sul,942,1034,2,55
2026-01-07T09:00,Norte,886,949,3,65
2026-01-07T09:00,Nordeste,1090,1149,5,90
2026-01-07T09:00,Sudeste,1618,1649,4,75
2026-01-07T09:00,Sul,1012,1049,2,55
2026-01-07T10:00,Norte,881,960,3,65
2026-01-07T10:00,Nordeste,1115,1160,5,90
2026-01-07T10:00,Sudeste,1626,1660,4,75
2026-01-07T10:00,Sul,996,1060,2,55
2026-01-07T11:00,Norte,914,967,3,65
2026-01-07T11:00,Nordeste,1145,1167,5,90
2026-01-07T11:00,Sudeste,1656,1667,4,75
2026-01-07T11:00,Sul,1041,1067,2,55
2026-01-07T12:00,Norte,955,970,3,65
2026-01-07T12:00,Nordeste,1110,1170,5,90
2026-01-07T12:00,Sudeste,1667,1670,4,75
2026-01-07T12:00,Sul,1027,1070,2,55
2026-01-07T13:00,Norte,972,967,3,65
2026-01-07T13:00,Nordeste,1118,1167,5,90
2026-01-07T13:00,Sudeste,1668,1667,4,75
2026-01-07T13:00,Sul,1042,1067,2,55
2026-01-07T14:00,Norte,924,960,3,65
2026-01-07T14:00,Nordeste,1152,1160,5,90
2026-01-07T14:00,Sudeste,1647,1660,4,75
2026-01-07T14:00,Sul,1016,1060,2,55
2026-01-07T15:00,Norte,907,949,3,65
2026-01-07T15:00,Nordeste,1158,1149,5,90
2026-01-07T15:00,Sudeste,1617,1649,4,75
2026-01-07T15:00,Sul,1064,1049,2,55
2026-01-07T16:00,Norte,883,934,3,65
2026-01-07T16:00,Nordeste,1099,1134,5,90
2026-01-07T16:00,Sudeste,1606,1634,4,75
2026-01-07T16:00,Sul,1018,1034,2,55
2026-01-07T17:00,Norte,851,918,3,65
2026-01-07T17:00,Nordeste,1051,1118,5,90
2026-01-07T17:00,Sudeste,1597,1618,4,75
2026-01-07T17:00,Sul,1004,1018,2,55
2026-01-07T18:00,Norte,847,900,3,65
2026-01-07T18:00,Nordeste,1035,1100,5,90
2026-01-07T18:00,Sudeste,1523,1600,4,75
2026-01-07T18:00,Sul,935,1000,2,55
2026-01-07T19:00,Norte,808,900,3,65
2026-01-07T19:00,Nordeste,1021,1100,5,90
2026-01-07T19:00,Sudeste,1514,1600,4,75
2026-01-07T19:00,Sul,940,1000,2,55
2026-01-07T20:00,Norte,792,900,3,65
2026-01-07T20:00,Nordeste,1021,1100,5,90
2026-01-07T20:00,Sudeste,1499,1600,4,75
2026-01-07T20:00,Sul,873,1000,2,55
2026-01-07T21:00,Norte,765,900,3,65
2026-01-07T21:00,Nordeste,990,1100,5,90
2026-01-07T21:00,Sudeste,1465,1600,4,75
2026-01-07T21:00,Sul,854,1000,2,55
2026-01-07T22:00,Norte,736,900,3,65
2026-01-07T22:00,Nordeste,962,1100,5,90
2026-01-07T22:00,Sudeste,1398,1600,4,75
2026-01-07T22:00,Sul,863,1000,2,55
2026-01-07T23:00,Norte,692,900,3,65
2026-01-07T23:00,Nordeste,919,1100,5,90
2026-01-07T23:00,Sudeste,1398,1600,4,75
2026-01-07T23:00,Sul,836,1000,2,55
2026-01-08T00:00,Norte,720,900,3,65
2026-01-08T00:00,Nordeste,875,1100,5,90
2026-01-08T00:00,Sudeste,1369,1600,4,75
2026-01-08T00:00,Sul,785,1000,2,55
2026-01-08T01:00,Norte,675,900,3,65
2026-01-08T01:00,Nordeste,873,1100,5,90
2026-01-08T01:00,Sudeste,1425,1600,4,75
2026-01-08T01:00,Sul,772,1000,2,55
2026-01-08T02:00,Norte,666,900,3,65
2026-01-08T02:00,Nordeste,928,1100,5,90
2026-01-08T02:00,Sudeste,1404,1600,4,75
2026-01-08T02:00,Sul,770,1000,2,55
2026-01-08T03:00,Norte,679,900,3,65
2026-01-08T03:00,Nordeste,892,1100,5,90
2026-01-08T03:00,Sudeste,1442,1600,4,75
2026-01-08T03:00,Sul,795,1000,2,55
2026-01-08T04:00,Norte,727,900,3,65
2026-01-08T04:00,Nordeste,901,1100,5,90
2026-01-08T04:00,Sudeste,1431,1600,4,75
2026-01-08T04:00,Sul,854,1000,2,55
2026-01-08T05:00,Norte,756,900,3,65
2026-01-08T05:00,Nordeste,947,1100,5,90
2026-01-08T05:00,Sudeste,1481,1600,4,75
2026-01-08T05:00,Sul,857,1000,2,55
2026-01-08T06:00,Norte,819,900,3,65
2026-01-08T06:00,Nordeste,959,1100,5,90
2026-01-08T06:00,Sudeste,1469,1600,4,75
2026-01-08T06:00,Sul,888,1000,2,55
2026-01-08T07:00,Norte,838,918,3,65
2026-01-08T07:00,Nordeste,990,1118,5,90
2026-01-08T07:00,Sudeste,1485,1618,4,75
2026-01-08T07:00,Sul,929,1018,2,55
2026-01-08T08:00,Norte,885,934,3,65
2026-01-08T08:00,Nordeste,1064,1134,5,90
2026-01-08T08:00,Sudeste,1527,1634,4,75
2026-01-08T08:00,Sul,943,1034,2,55
2026-01-08T09:00,Norte,904,949,3,65
2026-01-08T09:00,Nordeste,1059,1149,5,90
2026-01-08T09:00,Sudeste,1603,1649,4,75
2026-01-08T09:00,Sul,953,1049,2,55
2026-01-08T10:00,Norte,912,960,3,65
2026-01-08T10:00,Nordeste,1101,1160,5,90
2026-01-08T10:00,Sudeste,1601,1660,4,75
2026-01-08T10:00,Sul,998,1060,2,55
2026-01-08T11:00,Norte,922,967,3,65
2026-01-08T11:00,Nordeste,1107,1167,5,90
2026-01-08T11:00,Sudeste,1608,1667,4,75
2026-01-08T11:00,Sul,998,1067,2,55
2026-01-08T12:00,Norte,910,970,3,65
2026-01-08T12:00,Nordeste,1147,1170,5,90
2026-01-08T12:00,Sudeste,1676,1670,4,75
2026-01-08T12:00,Sul,1076,1070,2,55
2026-01-08T13:00,Norte,982,967,3,65
2026-01-08T13:00,Nordeste,1169,1167,5,90
2026-01-08T13:00,Sudeste,1623,1667,4,75
2026-01-08T13:00,Sul,1026,1067,2,55
2026-01-08T14:00,Norte,976,960,3,65
2026-01-08T14:00,Nordeste,1153,1160,5,90
2026-01-08T14:00,Sudeste,1631,1660,4,75
2026-01-08T14:00,Sul,1035,1060,2,55
2026-01-08T15:00,Norte,962,949,3,65
2026-01-08T15:00,Nordeste,1167,1149,5,90
2026-01-08T15:00,Sudeste,1604,1649,4,75
2026-01-08T15:00,Sul,1004,1049,2,55
2026-01-08T16:00,Norte,884,934,3,65
2026-01-08T16:00,Nordeste,1093,1134,5,90
2026-01-08T16:00,Sudeste,1631,1634,4,75
2026-01-08T16:00,Sul,993,1034,2,55
2026-01-08T17:00,Norte,862,918,3,65
2026-01-08T17:00,Nordeste,1115,1118,5,90
2026-01-08T17:00,Sudeste,1590,1618,4,75
2026-01-08T17:00,Sul,1014,1018,2,55
2026-01-08T18:00,Norte,861,900,3,65
2026-01-08T18:00,Nordeste,1053,1100,5,90
2026-01-08T18:00,Sudeste,1535,1600,4,75
2026-01-08T18:00,Sul,933,1000,2,55
2026-01-08T19:00,Norte,794,900,3,65
2026-01-08T19:00,Nordeste,985,1100,5,90
2026-01-08T19:00,Sudeste,1505,1600,4,75
2026-01-08T19:00,Sul,890,1000,2,55
2026-01-08T20:00,Norte,786,900,3,65
2026-01-08T20:00,Nordeste,1021,1100,5,90
2026-01-08T20:00,Sudeste,1506,1600,4,75
2026-01-08T20:00,Sul,890,1000,2,55
2026-01-08T21:00,Norte,766,900,3,65
2026-01-08T21:00,Nordeste,940,1100,5,90
2026-01-08T21:00,Sudeste,1488,1600,4,75
2026-01-08T21:00,Sul,867,1000,2,55
2026-01-08T22:00,Norte,762,900,3,65
2026-01-08T22:00,Nordeste,952,1100,5,90
2026-01-08T22:00,Sudeste,1425,1600,4,75
2026-01-08T22:00,Sul,851,1000,2,55
2026-01-08T23:00,Norte,694,900,3,65
2026-01-08T23:00,Nordeste,934,1100,5,90
2026-01-08T23:00,Sudeste,1442,1600,4,75
2026-01-08T23:00,Sul,776,1000,2,55
2026-01-09T00:00,Norte,684,900,3,65
2026-01-09T00:00,Nordeste,893,1100,5,90
2026-01-09T00:00,Sudeste,1417,1600,4,75
2026-01-09T00:00,Sul,802,1000,2,55
2026-01-09T01:00,Norte,675,900,3,65
2026-01-09T01:00,Nordeste,893,1100,5,90
2026-01-09T01:00,Sudeste,1375,1600,4,75
2026-01-09T01:00,Sul,795,1000,2,55
2026-01-09T02:00,Norte,698,900,3,65
2026-01-09T02:00,Nordeste,900,1100,5,90
2026-01-09T02:00,Sudeste,1386,1600,4,75
2026-01-09T02:00,Sul,828,1000,2,55
2026-01-09T03:00,Norte,734,900,3,65
2026-01-09T03:00,Nordeste,910,1100,5,90
2026-01-09T03:00,Sudeste,1407,1600,4,75
2026-01-09T03:00,Sul,820,1000,2,55
2026-01-09T04:00,Norte,715,900,3,65
2026-01-09T04:00,Nordeste,934,1100,5,90
2026-01-09T04:00,Sudeste,1406,1600,4,75
2026-01-09T04:00,Sul,823,1000,2,55
2026-01-09T05:00,Norte,763,900,3,65
2026-01-09T05:00,Nordeste,945,1100,5,90
2026-01-09T05:00,Sudeste,1443,1600,4,75
2026-01-09T05:00,Sul,877,1000,2,55
2026-01-09T06:00,Norte,764,900,3,65
2026-01-09T06:00,Nordeste,991,1100,5,90
2026-01-09T06:00,Sudeste,1456,1600,4,75
2026-01-09T06:00,Sul,918,1000,2,55
2026-01-09T07:00,Norte,785,918,3,65
2026-01-09T07:00,Nordeste,990,1118,5,90
2026-01-09T07:00,Sudeste,1485,1618,4,75
2026-01-09T07:00,Sul,907,1018,2,55
2026-01-09T08:00,Norte,846,934,3,65
2026-01-09T08:00,Nordeste,1049,1134,5,90
2026-01-09T08:00,Sudeste,1565,1634,4,75
2026-01-09T08:00,Sul,968,1034,2,55
2026-01-09T09:00,Norte,898,949,3,65
2026-01-09T09:00,Nordeste,1079,1149,5,90
2026-01-09T09:00,Sudeste,1605,1649,4,75
2026-01-09T09:00,Sul,1004,1049,2,55
2026-01-09T10:00,Norte,913,960,3,65
2026-01-09T10:00,Nordeste,1140,1160,5,90
2026-01-09T10:00,Sudeste,1587,1660,4,75
2026-01-09T10:00,Sul,1019,1060,2,55
2026-01-09T11:00,Norte,902,967,3,65
2026-01-09T11:00,Nordeste,1109,1167,5,90
2026-01-09T11:00,Sudeste,1620,1667,4,75
2026-01-09T11:00,Sul,1004,1067,2,55
2026-01-09T12:00,Norte,962,970,3,65
2026-01-09T12:00,Nordeste,1110,1170,5,90
2026-01-09T12:00,Sudeste,1660,1670,4,75
2026-01-09T12:00,Sul,1030,1070,2,55
2026-01-09T13:00,Norte,970,967,3,65
2026-01-09T13:00,Nordeste,1120,1167,5,90
2026-01-09T13:00,Sudeste,1643,1667,4,75
2026-01-09T13:00,Sul,1062,1067,2,55
2026-01-09T14:00,Norte,953,960,3,65
2026-01-09T14:00,Nordeste,1175,1160,5,90
2026-01-09T14:00,Sudeste,1654,1660,4,75
2026-01-09T14:00,Sul,1026,1060,2,55
2026-01-09T15:00,Norte,897,949,3,65
2026-01-09T15:00,Nordeste,1141,1149,5,90
2026-01-09T15:00,Sudeste,1643,1649,4,75
2026-01-09T15:00,Sul,1009,1049,2,55
2026-01-09T16:00,Norte,924,934,3,65
2026-01-09T16:00,Nordeste,1103,1134,5,90
2026-01-09T16:00,Sudeste,1638,1634,4,75
2026-01-09T16:00,Sul,1021,1034,2,55
2026-01-09T17:00,Norte,904,918,3,65
2026-01-09T17:00,Nordeste,1119,1118,5,90
2026-01-09T17:00,Sudeste,1560,1618,4,75
2026-01-09T17:00,Sul,999,1018,2,55
2026-01-09T18:00,Norte,838,900,3,65
2026-01-09T18:00,Nordeste,1029,1100,5,90
2026-01-09T18:00,Sudeste,1575,1600,4,75
2026-01-09T18:00,Sul,967,1000,2,55
2026-01-09T19:00,Norte,852,900,3,65
2026-01-09T19:00,Nordeste,1011,1100,5,90
2026-01-09T19:00,Sudeste,1488,1600,4,75
2026-01-09T19:00,Sul,896,1000,2,55
2026-01-09T20:00,Norte,788,900,3,65
2026-01-09T20:00,Nordeste,964,1100,5,90
2026-01-09T20:00,Sudeste,1468,1600,4,75
2026-01-09T20:00,Sul,868,1000,2,55
2026-01-09T21:00,Norte,779,900,3,65
2026-01-09T21:00,Nordeste,977,1100,5,90
2026-01-09T21:00,Sudeste,1465,1600,4,75
2026-01-09T21:00,Sul,873,1000,2,55
2026-01-09T22:00,Norte,734,900,3,65
2026-01-09T22:00,Nordeste,945,1100,5,90
2026-01-09T22:00,Sudeste,1433,1600,4,75
2026-01-09T22:00,Sul,844,1000,2,55
2026-01-09T23:00,Norte,686,900,3,65
2026-01-09T23:00,Nordeste,916,1100,5,90
2026-01-09T23:00,Sudeste,1421,1600,4,75
2026-01-09T23:00,Sul,838,1000,2,55
2026-01-10T00:00,Norte,669,900,3,65
2026-01-10T00:00,Nordeste,922,1100,5,90
2026-01-10T00:00,Sudeste,1415,1600,4,75
2026-01-10T00:00,Sul,807,1000,2,55
2026-01-10T01:00,Norte,684,900,3,65
2026-01-10T01:00,Nordeste,875,1100,5,90
2026-01-10T01:00,Sudeste,1409,1600,4,75
2026-01-10T01:00,Sul,791,1000,2,55
2026-01-10T02:00,Norte,675,900,3,65
2026-01-10T02:00,Nordeste,902,1100,5,90
2026-01-10T02:00,Sudeste,1428,1600,4,75
2026-01-10T02:00,Sul,764,1000,2,55
2026-01-10T03:00,Norte,739,900,3,65
2026-01-10T03:00,Nordeste,903,1100,5,90
2026-01-10T03:00,Sudeste,1396,1600,4,75
2026-01-10T03:00,Sul,834,1000,2,55
2026-01-10T04:00,Norte,723,900,3,65
2026-01-10T04:00,Nordeste,960,1100,5,90
2026-01-10T04:00,Sudeste,1439,1600,4,75
2026-01-10T04:00,Sul,848,1000,2,55
2026-01-10T05:00,Norte,777,900,3,65
2026-01-10T05:00,Nordeste,974,1100,5,90
2026-01-10T05:00,Sudeste,1489,1600,4,75
2026-01-10T05:00,Sul,836,1000,2,55
2026-01-10T06:00,Norte,815,900,3,65
2026-01-10T06:00,Nordeste,953,1100,5,90
2026-01-10T06:00,Sudeste,1507,1600,4,75
2026-01-10T06:00,Sul,897,1000,2,55
2026-01-10T07:00,Norte,845,918,3,65
2026-01-10T07:00,Nordeste,1020,1118,5,90
2026-01-10T07:00,Sudeste,1510,1618,4,75
2026-01-10T07:00,Sul,903,1018,2,55
2026-01-10T08:00,Norte,860,934,3,65
2026-01-10T08:00,Nordeste,1064,1134,5,90
2026-01-10T08:00,Sudeste,1537,1634,4,75
2026-01-10T08:00,Sul,951,1034,2,55
2026-01-10T09:00,Norte,918,949,3,65
2026-01-10T09:00,Nordeste,1110,1149,5,90
2026-01-10T09:00,Sudeste,1566,1649,4,75
2026-01-10T09:00,Sul,1011,1049,2,55
2026-01-10T10:00,Norte,925,960,3,65
2026-01-10T10:00,Nordeste,1137,1160,5,90
2026-01-10T10:00,Sudeste,1620,1660,4,75
2026-01-10T10:00,Sul,1041,1060,2,55
2026-01-10T11:00,Norte,901,967,3,65
2026-01-10T11:00,Nordeste,1152,1167,5,90
2026-01-10T11:00,Sudeste,1629,1667,4,75
2026-01-10T11:00,Sul,1020,1067,2,55
2026-01-10T12:00,Norte,978,970,3,65
2026-01-10T12:00,Nordeste,1132,1170,5,90
2026-01-10T12:00,Sudeste,1612,1670,4,75
2026-01-10T12:00,Sul,1068,1070,2,55
2026-01-10T13:00,Norte,954,967,3,65
2026-01-10T13:00,Nordeste,1131,1167,5,90
2026-01-10T13:00,Sudeste,1620,1667,4,75
2026-01-10T13:00,Sul,1015,1067,2,55
2026-01-10T14:00,Norte,939,960,3,65
2026-01-10T14:00,Nordeste,1153,1160,5,90
2026-01-10T14:00,Sudeste,1629,1660,4,75
2026-01-10T14:00,Sul,1050,1060,2,55
2026-01-10T15:00,Norte,938,949,3,65
2026-01-10T15:00,Nordeste,1154,1149,5,90
2026-01-10T15:00,Sudeste,1626,1649,4,75
2026-01-10T15:00,Sul,1032,1049,2,55
2026-01-10T16:00,Norte,883,934,3,65
2026-01-10T16:00,Nordeste,1084,1134,5,90
2026-01-10T16:00,Sudeste,1580,1634,4,75
2026-01-10T16:00,Sul,1032,1034,2,55
2026-01-10T17:00,Norte,863,918,3,65
2026-01-10T17:00,Nordeste,1080,1118,5,90
2026-01-10T17:00,Sudeste,1577,1618,4,75
2026-01-10T17:00,Sul,1009,1018,2,55
2026-01-10T18:00,Norte,886,900,3,65
2026-01-10T18:00,Nordeste,1026,1100,5,90
2026-01-10T18:00,Sudeste,1587,1600,4,75
2026-01-10T18:00,Sul,938,1000,2,55
2026-01-10T19:00,Norte,807,900,3,65
2026-01-10T19:00,Nordeste,1010,1100,5,90
2026-01-10T19:00,Sudeste,1485,1600,4,75
2026-01-10T19:00,Sul,909,1000,2,55
2026-01-10T20:00,Norte,817,900,3,65
2026-01-10T20:00,Nordeste,976,1100,5,90
2026-01-10T20:00,Sudeste,1480,1600,4,75
2026-01-10T20:00,Sul,853,1000,2,55
2026-01-10T21:00,Norte,785,900,3,65
2026-01-10T21:00,Nordeste,982,1100,5,90
2026-01-10T21:00,Sudeste,1462,1600,4,75
2026-01-10T21:00,Sul,865,1000,2,55
2026-01-10T22:00,Norte,727,900,3,65
2026-01-10T22:00,Nordeste,945,1100,5,90
2026-01-10T22:00,Sudeste,1410,1600,4,75
2026-01-10T22:00,Sul,837,1000,2,55
2026-01-10T23:00,Norte,688,900,3,65
2026-01-10T23:00,Nordeste,905,1100,5,90
2026-01-10T23:00,Sudeste,1406,1600,4,75
2026-01-10T23:00,Sul,785,1000,2,55
2026-01-11T00:00,Norte,667,900,3,65
2026-01-11T00:00,Nordeste,903,1100,5,90
2026-01-11T00:00,Sudeste,1367,1600,4,75
2026-01-11T00:00,Sul,809,1000,2,55
2026-01-11T01:00,Norte,663,900,3,65
2026-01-11T01:00,Nordeste,881,1100,5,90
2026-01-11T01:00,Sudeste,1386,1600,4,75
2026-01-11T01:00,Sul,761,1000,2,55
2026-01-11T02:00,Norte,722,900,3,65
2026-01-11T02:00,Nordeste,909,1100,5,90
2026-01-11T02:00,Sudeste,1406,1600,4,75
2026-01-11T02:00,Sul,768,1000,2,55
2026-01-11T03:00,Norte,683,900,3,65
2026-01-11T03:00,Nordeste,891,1100,5,90
2026-01-11T03:00,Sudeste,1430,1600,4,75
2026-01-11T03:00,Sul,827,1000,2,55
2026-01-11T04:00,Norte,759,900,3,65
2026-01-11T04:00,Nordeste,942,1100,5,90
2026-01-11T04:00,Sudeste,1407,1600,4,75
2026-01-11T04:00,Sul,815,1000,2,55
2026-01-11T05:00,Norte,739,900,3,65
2026-01-11T05:00,Nordeste,925,1100,5,90
2026-01-11T05:00,Sudeste,1442,1600,4,75
2026-01-11T05:00,Sul,879,1000,2,55
2026-01-11T06:00,Norte,820,900,3,65
2026-01-11T06:00,Nordeste,1019,1100,5,90
2026-01-11T06:00,Sudeste,1512,1600,4,75
2026-01-11T06:00,Sul,908,1000,2,55
2026-01-11T07:00,Norte,831,918,3,65
2026-01-11T07:00,Nordeste,1040,1118,5,90
2026-01-11T07:00,Sudeste,1516,1618,4,75
2026-01-11T07:00,Sul,917,1018,2,55
2026-01-11T08:00,Norte,852,934,3,65
2026-01-11T08:00,Nordeste,1018,1134,5,90
2026-01-11T08:00,Sudeste,1552,1634,4,75
2026-01-11T08:00,Sul,968,1034,2,55
2026-01-11T09:00,Norte,891,949,3,65
2026-01-11T09:00,Nordeste,1085,1149,5,90
2026-01-11T09:00,Sudeste,1564,1649,4,75
2026-01-11T09:00,Sul,969,1049,2,55
2026-01-11T10:00,Norte,941,960,3,65
2026-01-11T10:00,Nordeste,1100,1160,5,90
2026-01-11T10:00,Sudeste,1596,1660,4,75
2026-01-11T10:00,Sul,1025,1060,2,55
2026-01-11T11:00,Norte,966,967,3,65
2026-01-11T11:00,Nordeste,1113,1167,5,90
2026-01-11T11:00,Sudeste,1620,1667,4,75
2026-01-11T11:00,Sul,1021,1067,2,55
2026-01-11T12:00,Norte,919,970,3,65
2026-01-11T12:00,Nordeste,1179,1170,5,90
2026-01-11T12:00,Sudeste,1619,1670,4,75
2026-01-11T12:00,Sul,1049,1070,2,55
2026-01-11T13:00,Norte,918,967,3,65
2026-01-11T13:00,Nordeste,1125,1167,5,90
2026-01-11T13:00,Sudeste,1679,1667,4,75
2026-01-11T13:00,Sul,1073,1067,2,55
2026-01-11T14:00,Norte,922,960,3,65
2026-01-11T14:00,Nordeste,1177,1160,5,90
2026-01-11T14:00,Sudeste,1610,1660,4,75
2026-01-11T14:00,Sul,1045,1060,2,55
2026-01-11T15:00,Norte,930,949,3,65
2026-01-11T15:00,Nordeste,1122,1149,5,90
2026-01-11T15:00,Sudeste,1621,1649,4,75
2026-01-11T15:00,Sul,1011,1049,2,55
2026-01-11T16:00,Norte,908,934,3,65
2026-01-11T16:00,Nordeste,1127,1134,5,90
2026-01-11T16:00,Sudeste,1610,1634,4,75
2026-01-11T16:00,Sul,1043,1034,2,55
2026-01-11T17:00,Norte,883,918,3,65
2026-01-11T17:00,Nordeste,1049,1118,5,90
2026-01-11T17:00,Sudeste,1562,1618,4,75
2026-01-11T17:00,Sul,1000,1018,2,55
2026-01-11T18:00,Norte,864,900,3,65
2026-01-11T18:00,Nordeste,1038,1100,5,90
2026-01-11T18:00,Sudeste,1580,1600,4,75
2026-01-11T18:00,Sul,961,1000,2,55
2026-01-11T19:00,Norte,809,900,3,65
2026-01-11T19:00,Nordeste,1047,1100,5,90
2026-01-11T19:00,Sudeste,1516,1600,4,75
2026-01-11T19:00,Sul,906,1000,2,55
2026-01-11T20:00,Norte,773,900,3,65
2026-01-11T20:00,Nordeste,994,1100,5,90
2026-01-11T20:00,Sudeste,1456,1600,4,75
2026-01-11T20:00,Sul,878,1000,2,55
2026-01-11T21:00,Norte,745,900,3,65
2026-01-11T21:00,Nordeste,989,1100,5,90
2026-01-11T21:00,Sudeste,1480,1600,4,75
2026-01-11T21:00,Sul,888,1000,2,55
2026-01-11T22:00,Norte,735,900,3,65
2026-01-11T22:00,Nordeste,910,1100,5,90
2026-01-11T22:00,Sudeste,1415,1600,4,75
2026-01-11T22:00,Sul,840,1000,2,55
2026-01-11T23:00,Norte,738,900,3,65
2026-01-11T23:00,Nordeste,928,1100,5,90
2026-01-11T23:00,Sudeste,1430,1600,4,75
2026-01-11T23:00,Sul,819,1000,2,55
2026-01-12T00:00,Norte,701,900,3,65
2026-01-12T00:00,Nordeste,869,1100,5,90
2026-01-12T00:00,Sudeste,1418,1600,4,75
2026-01-12T00:00,Sul,822,1000,2,55
2026-01-12T01:00,Norte,689,900,3,65
2026-01-12T01:00,Nordeste,888,1100,5,90
2026-01-12T01:00,Sudeste,1374,1600,4,75
2026-01-12T01:00,Sul,769,1000,2,55
2026-01-12T02:00,Norte,692,900,3,65
2026-01-12T02:00,Nordeste,916,1100,5,90
2026-01-12T02:00,Sudeste,1424,1600,4,75
2026-01-12T02:00,Sul,822,1000,2,55
2026-01-12T03:00,Norte,731,900,3,65
2026-01-12T03:00,Nordeste,883,1100,5,90
2026-01-12T03:00,Sudeste,1407,1600,4,75
2026-01-12T03:00,Sul,820,1000,2,55
2026-01-12T04:00,Norte,763,900,3,65
2026-01-12T04:00,Nordeste,906,1100,5,90
2026-01-12T04:00,Sudeste,1432,1600,4,75
2026-01-12T04:00,Sul,795,1000,2,55
2026-01-12T05:00,Norte,741,900,3,65
2026-01-12T05:00,Nordeste,970,1100,5,90
2026-01-12T05:00,Sudeste,1486,1600,4,75
2026-01-12T05:00,Sul,843,1000,2,55
2026-01-12T06:00,Norte,801,900,3,65
2026-01-12T06:00,Nordeste,1013,1100,5,90
2026-01-12T06:00,Sudeste,1474,1600,4,75
2026-01-12T06:00,Sul,856,1000,2,55
2026-01-12T07:00,Norte,825,918,3,65
2026-01-12T07:00,Nordeste,1013,1118,5,90
2026-01-12T07:00,Sudeste,1516,1618,4,75
2026-01-12T07:00,Sul,936,1018,2,55
2026-01-12T08:00,Norte,886,934,3,65
2026-01-12T08:00,Nordeste,1039,1134,5,90
2026-01-12T08:00,Sudeste,1542,1634,4,75
2026-01-12T08:00,Sul,978,1034,2,55
2026-01-12T09:00,Norte,907,949,3,65
2026-01-12T09:00,Nordeste,1087,1149,5,90
2026-01-12T09:00,Sudeste,1598,1649,4,75
2026-01-12T09:00,Sul,983,1049,2,55
2026-01-12T10:00,Norte,918,960,3,65
2026-01-12T10:00,Nordeste,1131,1160,5,90
2026-01-12T10:00,Sudeste,1602,1660,4,75
2026-01-12T10:00,Sul,980,1060,2,55
2026-01-12T11:00,Norte,904,967,3,65
2026-01-12T11:00,Nordeste,1167,1167,5,90
2026-01-12T11:00,Sudeste,1621,1667,4,75
2026-01-12T11:00,Sul,1001,1067,2,55
2026-01-12T12:00,Norte,977,970,3,65
2026-01-12T12:00,Nordeste,1173,1170,5,90
2026-01-12T12:00,Sudeste,1652,1670,4,75
2026-01-12T12:00,Sul,1042,1070,2,55
2026-01-12T13:00,Norte,922,967,3,65
2026-01-12T13:00,Nordeste,1131,1167,5,90
2026-01-12T13:00,Sudeste,1662,1667,4,75
2026-01-12T13:00,Sul,1021,1067,2,55
2026-01-12T14:00,Norte,961,960,3,65
2026-01-12T14:00,Nordeste,1163,1160,5,90
2026-01-12T14:00,Sudeste,1657,1660,4,75
2026-01-12T14:00,Sul,1041,1060,2,55
2026-01-12T15:00,Norte,941,949,3,65
2026-01-12T15:00,Nordeste,1153,1149,5,90
2026-01-12T15:00,Sudeste,1643,1649,4,75
2026-01-12T15:00,Sul,1047,1049,2,55
2026-01-12T16:00,Norte,879,934,3,65
2026-01-12T16:00,Nordeste,1125,1134,5,90
2026-01-12T16:00,Sudeste,1592,1634,4,75
2026-01-12T16:00,Sul,993,1034,2,55
2026-01-12T17:00,Norte,909,918,3,65
2026-01-12T17:00,Nordeste,1101,1118,5,90
2026-01-12T17:00,Sudeste,1581,1618,4,75
2026-01-12T17:00,Sul,970,1018,2,55
2026-01-12T18:00,Norte,874,900,3,65
2026-01-12T18:00,Nordeste,1085,1100,5,90
2026-01-12T18:00,Sudeste,1564,1600,4,75
2026-01-12T18:00,Sul,965,1000,2,55
2026-01-12T19:00,Norte,798,900,3,65
2026-01-12T19:00,Nordeste,1008,1100,5,90
2026-01-12T19:00,Sudeste,1503,1600,4,75
2026-01-12T19:00,Sul,923,1000,2,55
2026-01-12T20:00,Norte,817,900,3,65
2026-01-12T20:00,Nordeste,971,1100,5,90
2026-01-12T20:00,Sudeste,1460,1600,4,75
2026-01-12T20:00,Sul,915,1000,2,55
2026-01-12T21:00,Norte,725,900,3,65
2026-01-12T21:00,Nordeste,956,1100,5,90
2026-01-12T21:00,Sudeste,1446,1600,4,75
2026-01-12T21:00,Sul,821,1000,2,55
2026-01-12T22:00,Norte,749,900,3,65
2026-01-12T22:00,Nordeste,946,1100,5,90
2026-01-12T22:00,Sudeste,1428,1600,4,75
2026-01-12T22:00,Sul,857,1000,2,55
2026-01-12T23:00,Norte,694,900,3,65
2026-01-12T23:00,Nordeste,876,1100,5,90
2026-01-12T23:00,Sudeste,1386,1600,4,75
2026-01-12T23:00,Sul,790,1000,2,55
2026-01-13T00:00,Norte,712,900,3,65
2026-01-13T00:00,Nordeste,895,1100,5,90
2026-01-13T00:00,Sudeste,1417,1600,4,75
2026-01-13T00:00,Sul,769,1000,2,55
2026-01-13T01:00,Norte,696,900,3,65
2026-01-13T01:00,Nordeste,888,1100,5,90
2026-01-13T01:00,Sudeste,1424,1600,4,75
2026-01-13T01:00,Sul,811,1000,2,55
2026-01-13T02:00,Norte,681,900,3,65
2026-01-13T02:00,Nordeste,862,1100,5,90
2026-01-13T02:00,Sudeste,1403,1600,4,75
2026-01-13T02:00,Sul,792,1000,2,55
2026-01-13T03:00,Norte,705,900,3,65
2026-01-13T03:00,Nordeste,906,1100,5,90
2026-01-13T03:00,Sudeste,1422,1600,4,75
2026-01-13T03:00,Sul,816,1000,2,55
2026-01-13T04:00,Norte,701,900,3,65
2026-01-13T04:00,Nordeste,916,1100,5,90
2026-01-13T04:00,Sudeste,1448,1600,4,75
2026-01-13T04:00,Sul,827,1000,2,55
2026-01-13T05:00,Norte,733,900,3,65
2026-01-13T05:00,Nordeste,951,1100,5,90
2026-01-13T05:00,Sudeste,1434,1600,4,75
2026-01-13T05:00,Sul,833,1000,2,55
2026-01-13T06:00,Norte,815,900,3,65
2026-01-13T06:00,Nordeste,987,1100,5,90
2026-01-13T06:00,Sudeste,1504,1600,4,75
2026-01-13T06:00,Sul,867,1000,2,55
2026-01-13T07:00,Norte,834,918,3,65
2026-01-13T07:00,Nordeste,1040,1118,5,90
2026-01-13T07:00,Sudeste,1544,1618,4,75
2026-01-13T07:00,Sul,951,1018,2,55
2026-01-13T08:00,Norte,875,934,3,65
2026-01-13T08:00,Nordeste,1038,1134,5,90
2026-01-13T08:00,Sudeste,1578,1634,4,75
2026-01-13T08:00,Sul,983,1034,2,55
2026-01-13T09:00,Norte,871,949,3,65
2026-01-13T09:00,Nordeste,1085,1149,5,90
2026-01-13T09:00,Sudeste,1593,1649,4,75
2026-01-13T09:00,Sul,984,1049,2,55
2026-01-13T10:00,Norte,885,960,3,65
2026-01-13T10:00,Nordeste,1132,1160,5,90
2026-01-13T10:00,Sudeste,1642,1660,4,75
2026-01-13T10:00,Sul,1043,1060,2,55
2026-01-13T11:00,Norte,921,967,3,65
2026-01-13T11:00,Nordeste,1134,1167,5,90
2026-01-13T11:00,Sudeste,1665,1667,4,75
2026-01-13T11:00,Sul,1046,1067,2,55
2026-01-13T12:00,Norte,943,970,3,65
2026-01-13T12:00,Nordeste,1178,1170,5,90
2026-01-13T12:00,Sudeste,1669,1670,4,75
2026-01-13T12:00,Sul,1077,1070,2,55
2026-01-13T13:00,Norte,957,967,3,65
2026-01-13T13:00,Nordeste,1122,1167,5,90
2026-01-13T13:00,Sudeste,1656,1667,4,75
2026-01-13T13:00,Sul,1074,1067,2,55
2026-01-13T14:00,Norte,957,960,3,65
2026-01-13T14:00,Nordeste,1180,1160,5,90
2026-01-13T14:00,Sudeste,1654,1660,4,75
2026-01-13T14:00,Sul,1028,1060,2,55
2026-01-13T15:00,Norte,925,949,3,65
2026-01-13T15:00,Nordeste,1126,1149,5,90
2026-01-13T15:00,Sudeste,1644,1649,4,75
2026-01-13T15:00,Sul,1006,1049,2,55
2026-01-13T16:00,Norte,909,934,3,65
2026-01-13T16:00,Nordeste,1129,1134,5,90
2026-01-13T16:00,Sudeste,1633,1634,4,75
2026-01-13T16:00,Sul,1012,1034,2,55
2026-01-13T17:00,Norte,902,918,3,65
2026-01-13T17:00,Nordeste,1113,1118,5,90
2026-01-13T17:00,Sudeste,1570,1618,4,75
2026-01-13T17:00,Sul,1000,1018,2,55
2026-01-13T18:00,Norte,846,900,3,65
2026-01-13T18:00,Nordeste,1067,1100,5,90
2026-01-13T18:00,Sudeste,1554,1600,4,75
2026-01-13T18:00,Sul,958,1000,2,55
2026-01-13T19:00,Norte,802,900,3,65
2026-01-13T19:00,Nordeste,1017,1100,5,90
2026-01-13T19:00,Sudeste,1541,1600,4,75
2026-01-13T19:00,Sul,912,1000,2,55
2026-01-13T20:00,Norte,777,900,3,65
2026-01-13T20:00,Nordeste,1013,1100,5,90
2026-01-13T20:00,Sudeste,1464,1600,4,75
2026-01-13T20:00,Sul,915,1000,2,55
2026-01-13T21:00,Norte,741,900,3,65
2026-01-13T21:00,Nordeste,929,1100,5,90
2026-01-13T21:00,Sudeste,1453,1600,4,75
2026-01-13T21:00,Sul,823,1000,2,55
2026-01-13T22:00,Norte,713,900,3,65
2026-01-13T22:00,Nordeste,934,1100,5,90
2026-01-13T22:00,Sudeste,1444,1600,4,75
2026-01-13T22:00,Sul,836,1000,2,55
2026-01-13T23:00,Norte,719,900,3,65
2026-01-13T23:00,Nordeste,890,1100,5,90
2026-01-13T23:00,Sudeste,1383,1600,4,75
2026-01-13T23:00,Sul,838,1000,2,55
2026-01-14T00:00,Norte,667,900,3,65
2026-01-14T00:00,Nordeste,919,1100,5,90
2026-01-14T00:00,Sudeste,1407,1600,4,75
2026-01-14T00:00,Sul,780,1000,2,55
2026-01-14T01:00,Norte,699,900,3,65
2026-01-14T01:00,Nordeste,901,1100,5,90
2026-01-14T01:00,Sudeste,1366,1600,4,75
2026-01-14T01:00,Sul,800,1000,2,55
2026-01-14T02:00,Norte,725,900,3,65
2026-01-14T02:00,Nordeste,873,1100,5,90
2026-01-14T02:00,Sudeste,1419,1600,4,75
2026-01-14T02:00,Sul,816,1000,2,55
2026-01-14T03:00,Norte,737,900,3,65
2026-01-14T03:00,Nordeste,935,1100,5,90
2026-01-14T03:00,Sudeste,1396,1600,4,75
2026-01-14T03:00,Sul,789,1000,2,55
2026-01-14T04:00,Norte,734,900,3,65
2026-01-14T04:00,Nordeste,946,1100,5,90
2026-01-14T04:00,Sudeste,1410,1600,4,75
2026-01-14T04:00,Sul,863,1000,2,55
2026-01-14T05:00,Norte,759,900,3,65
2026-01-14T05:00,Nordeste,980,1100,5,90
2026-01-14T05:00,Sudeste,1442,1600,4,75
2026-01-14T05:00,Sul,843,1000,2,55
2026-01-14T06:00,Norte,780,900,3,65
2026-01-14T06:00,Nordeste,1008,1100,5,90
2026-01-14T06:00,Sudeste,1476,1600,4,75
2026-01-14T06:00,Sul,904,1000,2,55
2026-01-14T07:00,Norte,801,918,3,65
2026-01-14T07:00,Nordeste,1054,1118,5,90
2026-01-14T07:00,Sudeste,1488,1618,4,75
2026-01-14T07:00,Sul,924,1018,2,55
2026-01-14T08:00,Norte,838,934,3,65
2026-01-14T08:00,Nordeste,1087,1134,5,90
2026-01-14T08:00,Sudeste,1548,1634,4,75
2026-01-14T08:00,Sul,960,1034,2,55
2026-01-14T09:00,Norte,868,949,3,65
2026-01-14T09:00,Nordeste,1113,1149,5,90
2026-01-14T09:00,Sudeste,1578,1649,4,75
2026-01-14T09:00,Sul,989,1049,2,55
2026-01-14T10:00,Norte,930,960,3,65
2026-01-14T10:00,Nordeste,1088,1160,5,90
2026-01-14T10:00,Sudeste,1581,1660,4,75
2026-01-14T10:00,Sul,1020,1060,2,55
2026-01-14T11:00,Norte,962,967,3,65
2026-01-14T11:00,Nordeste,1135,1167,5,90
2026-01-14T11:00,Sudeste,1618,1667,4,75
2026-01-14T11:00,Sul,1053,1067,2,55
2026-01-14T12:00,Norte,922,970,3,65
2026-01-14T12:00,Nordeste,1146,1170,5,90
2026-01-14T12:00,Sudeste,1636,1670,4,75
2026-01-14T12:00,Sul,1031,1070,2,55
2026-01-14T13:00,Norte,923,967,3,65
2026-01-14T13:00,Nordeste,1182,1167,5,90
2026-01-14T13:00,Sudeste,1655,1667,4,75
2026-01-14T13:00,Sul,1026,1067,2,55
2026-01-14T14:00,Norte,913,960,3,65
2026-01-14T14:00,Nordeste,1127,1160,5,90
2026-01-14T14:00,Sudeste,1627,1660,4,75
2026-01-14T14:00,Sul,1019,1060,2,55
2026-01-14T15:00,Norte,919,949,3,65
2026-01-14T15:00,Nordeste,1130,1149,5,90
2026-01-14T15:00,Sudeste,1618,1649,4,75
2026-01-14T15:00,Sul,1003,1049,2,55
2026-01-14T16:00,Norte,919,934,3,65
2026-01-14T16:00,Nordeste,1116,1134,5,90
2026-01-14T16:00,Sudeste,1610,1634,4,75
2026-01-14T16:00,Sul,1035,1034,2,55
2026-01-14T17:00,Norte,909,918,3,65
2026-01-14T17:00,Nordeste,1068,1118,5,90
2026-01-14T17:00,Sudeste,1563,1618,4,75
2026-01-14T17:00,Sul,1013,1018,2,55
2026-01-14T18:00,Norte,858,900,3,65
2026-01-14T18:00,Nordeste,1055,1100,5,90
2026-01-14T18:00,Sudeste,1550,1600,4,75
2026-01-14T18:00,Sul,957,1000,2,55
2026-01-14T19:00,Norte,792,900,3,65
2026-01-14T19:00,Nordeste,1051,1100,5,90
2026-01-14T19:00,Sudeste,1485,1600,4,75
2026-01-14T19:00,Sul,953,1000,2,55
2026-01-14T20:00,Norte,808,900,3,65
2026-01-14T20:00,Nordeste,985,1100,5,90
2026-01-14T20:00,Sudeste,1452,1600,4,75
2026-01-14T20:00,Sul,919,1000,2,55
2026-01-14T21:00,Norte,767,900,3,65
2026-01-14T21:00,Nordeste,929,1100,5,90
2026-01-14T21:00,Sudeste,1454,1600,4,75
2026-01-14T21:00,Sul,828,1000,2,55
2026-01-14T22:00,Norte,762,900,3,65
2026-01-14T22:00,Nordeste,950,1100,5,90
2026-01-14T22:00,Sudeste,1402,1600,4,75
2026-01-14T22:00,Sul,855,1000,2,55
2026-01-14T23:00,Norte,726,900,3,65
2026-01-14T23:00,Nordeste,932,1100,5,90
2026-01-14T23:00,Sudeste,1437,1600,4,75
2026-01-14T23:00,Sul,833,1000,2,55
2026-01-15T00:00,Norte,722,900,3,65
2026-01-15T00:00,Nordeste,901,1100,5,90
2026-01-15T00:00,Sudeste,1365,1600,4,75
2026-01-15T00:00,Sul,826,1000,2,55
2026-01-15T01:00,Norte,682,900,3,65
2026-01-15T01:00,Nordeste,876,1100,5,90
2026-01-15T01:00,Sudeste,1405,1600,4,75
2026-01-15T01:00,Sul,791,1000,2,55
2026-01-15T02:00,Norte,705,900,3,65
2026-01-15T02:00,Nordeste,922,1100,5,90
2026-01-15T02:00,Sudeste,1364,1600,4,75
2026-01-15T02:00,Sul,794,1000,2,55
2026-01-15T03:00,Norte,691,900,3,65
2026-01-15T03:00,Nordeste,926,1100,5,90
2026-01-15T03:00,Sudeste,1400,1600,4,75
2026-01-15T03:00,Sul,841,1000,2,55
2026-01-15T04:00,Norte,747,900,3,65
2026-01-15T04:00,Nordeste,941,1100,5,90
2026-01-15T04:00,Sudeste,1407,1600,4,75
2026-01-15T04:00,Sul,821,1000,2,55
2026-01-15T05:00,Norte,774,900,3,65
2026-01-15T05:00,Nordeste,954,1100,5,90
2026-01-15T05:00,Sudeste,1452,1600,4,75
2026-01-15T05:00,Sul,878,1000,2,55
2026-01-15T06:00,Norte,767,900,3,65
2026-01-15T06:00,Nordeste,975,1100,5,90
2026-01-15T06:00,Sudeste,1466,1600,4,75
2026-01-15T06:00,Sul,861,1000,2,55
2026-01-15T07:00,Norte,846,918,3,65
2026-01-15T07:00,Nordeste,1003,1118,5,90
2026-01-15T07:00,Sudeste,1536,1618,4,75
2026-01-15T07:00,Sul,897,1018,2,55
2026-01-15T08:00,Norte,847,934,3,65
2026-01-15T08:00,Nordeste,1047,1134,5,90
2026-01-15T08:00,Sudeste,1539,1634,4,75
2026-01-15T08:00,Sul,939,1034,2,55
2026-01-15T09:00,Norte,870,949,3,65
2026-01-15T09:00,Nordeste,1057,1149,5,90
2026-01-15T09:00,Sudeste,1583,1649,4,75
2026-01-15T09:00,Sul,965,1049,2,55
2026-01-15T10:00,Norte,909,960,3,65
2026-01-15T10:00,Nordeste,1103,1160,5,90
2026-01-15T10:00,Sudeste,1614,1660,4,75
2026-01-15T10:00,Sul,986,1060,2,55
2026-01-15T11:00,Norte,908,967,3,65
2026-01-15T11:00,Nordeste,1151,1167,5,90
2026-01-15T11:00,Sudeste,1647,1667,4,75
2026-01-15T11:00,Sul,1055,1067,2,55
2026-01-15T12:00,Norte,946,970,3,65
2026-01-15T12:00,Nordeste,1176,1170,5,90
2026-01-15T12:00,Sudeste,1660,1670,4,75
2026-01-15T12:00,Sul,1037,1070,2,55
2026-01-15T13:00,Norte,924,967,3,65
2026-01-15T13:00,Nordeste,1164,1167,5,90
2026-01-15T13:00,Sudeste,1671,1667,4,75
2026-01-15T13:00,Sul,1073,1067,2,55
2026-01-15T14:00,Norte,975,960,3,65
2026-01-15T14:00,Nordeste,1171,1160,5,90
2026-01-15T14:00,Sudeste,1645,1660,4,75
2026-01-15T14:00,Sul,1048,1060,2,55
2026-01-15T15:00,Norte,942,949,3,65
2026-01-15T15:00,Nordeste,1121,1149,5,90
2026-01-15T15:00,Sudeste,1631,1649,4,75
2026-01-15T15:00,Sul,1021,1049,2,55
2026-01-15T16:00,Norte,938,934,3,65
2026-01-15T16:00,Nordeste,1104,1134,5,90
2026-01-15T16:00,Sudeste,1646,1634,4,75
2026-01-15T16:00,Sul,1000,1034,2,55
2026-01-15T17:00,Norte,911,918,3,65
2026-01-15T17:00,Nordeste,1090,1118,5,90
2026-01-15T17:00,Sudeste,1604,1618,4,75
2026-01-15T17:00,Sul,967,1018,2,55
2026-01-15T18:00,Norte,865,900,3,65
2026-01-15T18:00,Nordeste,1081,1100,5,90
2026-01-15T18:00,Sudeste,1546,1600,4,75
2026-01-15T18:00,Sul,951,1000,2,55
2026-01-15T19:00,Norte,815,900,3,65
2026-01-15T19:00,Nordeste,1045,1100,5,90
2026-01-15T19:00,Sudeste,1488,1600,4,75
2026-01-15T19:00,Sul,955,1000,2,55
2026-01-15T20:00,Norte,771,900,3,65
2026-01-15T20:00,Nordeste,982,1100,5,90
2026-01-15T20:00,Sudeste,1519,1600,4,75
2026-01-15T20:00,Sul,919,1000,2,55
2026-01-15T21:00,Norte,728,900,3,65
2026-01-15T21:00,Nordeste,965,1100,5,90
2026-01-15T21:00,Sudeste,1480,1600,4,75
2026-01-15T21:00,Sul,871,1000,2,55
2026-01-15T22:00,Norte,760,900,3,65
2026-01-15T22:00,Nordeste,897,1100,5,90
2026-01-15T22:00,Sudeste,1433,1600,4,75
2026-01-15T22:00,Sul,823,1000,2,55
2026-01-15T23:00,Norte,692,900,3,65
2026-01-15T23:00,Nordeste,881,1100,5,90
2026-01-15T23:00,Sudeste,1397,1600,4,75
2026-01-15T23:00,Sul,827,1000,2,55
2026-01-16T00:00,Norte,685,900,3,65
2026-01-16T00:00,Nordeste,880,1100,5,90
2026-01-16T00:00,Sudeste,1381,1600,4,75
2026-01-16T00:00,Sul,774,1000,2,55
2026-01-16T01:00,Norte,715,900,3,65
2026-01-16T01:00,Nordeste,892,1100,5,90
2026-01-16T01:00,Sudeste,1371,1600,4,75
2026-01-16T01:00,Sul,759,1000,2,55
2026-01-16T02:00,Norte,678,900,3,65
2026-01-16T02:00,Nordeste,925,1100,5,90
2026-01-16T02:00,Sudeste,1386,1600,4,75
2026-01-16T02:00,Sul,804,1000,2,55
2026-01-16T03:00,Norte,721,900,3,65
2026-01-16T03:00,Nordeste,907,1100,5,90
2026-01-16T03:00,Sudeste,1375,1600,4,75
2026-01-16T03:00,Sul,815,1000,2,55
2026-01-16T04:00,Norte,742,900,3,65
2026-01-16T04:00,Nordeste,921,1100,5,90
2026-01-16T04:00,Sudeste,1444,1600,4,75
2026-01-16T04:00,Sul,832,1000,2,55
2026-01-16T05:00,Norte,738,900,3,65
2026-01-16T05:00,Nordeste,975,1100,5,90
2026-01-16T05:00,Sudeste,1441,1600,4,75
2026-01-16T05:00,Sul,859,1000,2,55
2026-01-16T06:00,Norte,767,900,3,65
2026-01-16T06:00,Nordeste,965,1100,5,90
2026-01-16T06:00,Sudeste,1482,1600,4,75
2026-01-16T06:00,Sul,864,1000,2,55
2026-01-16T07:00,Norte,818,918,3,65
2026-01-16T07:00,Nordeste,1035,1118,5,90
2026-01-16T07:00,Sudeste,1535,1618,4,75
2026-01-16T07:00,Sul,919,1018,2,55
2026-01-16T08:00,Norte,842,934,3,65
2026-01-16T08:00,Nordeste,1041,1134,5,90
2026-01-16T08:00,Sudeste,1558,1634,4,75
2026-01-16T08:00,Sul,926,1034,2,55
2026-01-16T09:00,Norte,881,949,3,65
2026-01-16T09:00,Nordeste,1114,1149,5,90
2026-01-16T09:00,Sudeste,1552,1649,4,75
2026-01-16T09:00,Sul,985,1049,2,55
2026-01-16T10:00,Norte,934,960,3,65
2026-01-16T10:00,Nordeste,1134,1160,5,90
2026-01-16T10:00,Sudeste,1622,1660,4,75
2026-01-16T10:00,Sul,1041,1060,2,55
2026-01-16T11:00,Norte,925,967,3,65
2026-01-16T11:00,Nordeste,1147,1167,5,90
2026-01-16T11:00,Sudeste,1634,1667,4,75
2026-01-16T11:00,Sul,1052,1067,2,55
2026-01-16T12:00,Norte,972,970,3,65
2026-01-16T12:00,Nordeste,1153,1170,5,90
2026-01-16T12:00,Sudeste,1618,1670,4,75
2026-01-16T12:00,Sul,1065,1070,2,55
2026-01-16T13:00,Norte,966,967,3,65
2026-01-16T13:00,Nordeste,1118,1167,5,90
2026-01-16T13:00,Sudeste,1631,1667,4,75
2026-01-16T13:00,Sul,1017,1067,2,55
2026-01-16T14:00,Norte,973,960,3,65
2026-01-16T14:00,Nordeste,1178,1160,5,90
2026-01-16T14:00,Sudeste,1655,1660,4,75
2026-01-16T14:00,Sul,1051,1060,2,55
2026-01-16T15:00,Norte,913,949,3,65
2026-01-16T15:00,Nordeste,1150,1149,5,90
2026-01-16T15:00,Sudeste,1625,1649,4,75
2026-01-16T15:00,Sul,1034,1049,2,55
2026-01-16T16:00,Norte,922,934,3,65
2026-01-16T16:00,Nordeste,1137,1134,5,90
2026-01-16T16:00,Sudeste,1645,1634,4,75
2026-01-16T16:00,Sul,1002,1034,2,55
2026-01-16T17:00,Norte,878,918,3,65
2026-01-16T17:00,Nordeste,1098,1118,5,90
2026-01-16T17:00,Sudeste,1558,1618,4,75
2026-01-16T17:00,Sul,967,1018,2,55
2026-01-16T18:00,Norte,862,900,3,65
2026-01-16T18:00,Nordeste,1043,1100,5,90
2026-01-16T18:00,Sudeste,1549,1600,4,75
2026-01-16T18:00,Sul,952,1000,2,55
2026-01-16T19:00,Norte,797,900,3,65
2026-01-16T19:00,Nordeste,1002,1100,5,90
2026-01-16T19:00,Sudeste,1519,1600,4,75
2026-01-16T19:00,Sul,938,1000,2,55
2026-01-16T20:00,Norte,813,900,3,65
2026-01-16T20:00,Nordeste,975,1100,5,90
2026-01-16T20:00,Sudeste,1465,1600,4,75
2026-01-16T20:00,Sul,853,1000,2,55
2026-01-16T21:00,Norte,734,900,3,65
2026-01-16T21:00,Nordeste,935,1100,5,90
2026-01-16T21:00,Sudeste,1485,1600,4,75
2026-01-16T21:00,Sul,833,1000,2,55
2026-01-16T22:00,Norte,748,900,3,65
2026-01-16T22:00,Nordeste,904,1100,5,90
2026-01-16T22:00,Sudeste,1410,1600,4,75
2026-01-16T22:00,Sul,820,1000,2,55
2026-01-16T23:00,Norte,711,900,3,65
2026-01-16T23:00,Nordeste,928,1100,5,90
2026-01-16T23:00,Sudeste,1385,1600,4,75
2026-01-16T23:00,Sul,789,1000,2,55
2026-01-17T00:00,Norte,707,900,3,65
2026-01-17T00:00,Nordeste,880,1100,5,90
2026-01-17T00:00,Sudeste,1418,1600,4,75
2026-01-17T00:00,Sul,763,1000,2,55
2026-01-17T01:00,Norte,718,900,3,65
2026-01-17T01:00,Nordeste,891,1100,5,90
2026-01-17T01:00,Sudeste,1407,1600,4,75
2026-01-17T01:00,Sul,783,1000,2,55
2026-01-17T02:00,Norte,722,900,3,65
2026-01-17T02:00,Nordeste,882,1100,5,90
2026-01-17T02:00,Sudeste,1409,1600,4,75
2026-01-17T02:00,Sul,820,1000,2,55
2026-01-17T03:00,Norte,740,900,3,65
2026-01-17T03:00,Nordeste,874,1100,5,90
2026-01-17T03:00,Sudeste,1401,1600,4,75
2026-01-17T03:00,Sul,805,1000,2,55
2026-01-17T04:00,Norte,728,900,3,65
2026-01-17T04:00,Nordeste,956,1100,5,90
2026-01-17T04:00,Sudeste,1416,1600,4,75
2026-01-17T04:00,Sul,808,1000,2,55
2026-01-17T05:00,Norte,728,900,3,65
2026-01-17T05:00,Nordeste,929,1100,5,90
2026-01-17T05:00,Sudeste,1464,1600,4,75
2026-01-17T05:00,Sul,851,1000,2,55
2026-01-17T06:00,Norte,817,900,3,65
2026-01-17T06:00,Nordeste,1019,1100,5,90
2026-01-17T06:00,Sudeste,1472,1600,4,75
2026-01-17T06:00,Sul,906,1000,2,55
2026-01-17T07:00,Norte,853,918,3,65
2026-01-17T07:00,Nordeste,1003,1118,5,90
2026-01-17T07:00,Sudeste,1545,1618,4,75
2026-01-17T07:00,Sul,941,1018,2,55
2026-01-17T08:00,Norte,870,934,3,65
2026-01-17T08:00,Nordeste,1085,1134,5,90
2026-01-17T08:00,Sudeste,1555,1634,4,75
2026-01-17T08:00,Sul,930,1034,2,55
2026-01-17T09:00,Norte,890,949,3,65
2026-01-17T09:00,Nordeste,1065,1149,5,90
2026-01-17T09:00,Sudeste,1611,1649,4,75
2026-01-17T09:00,Sul,1005,1049,2,55
2026-01-17T10:00,Norte,893,960,3,65
2026-01-17T10:00,Nordeste,1099,1160,5,90
2026-01-17T10:00,Sudeste,1603,1660,4,75
2026-01-17T10:00,Sul,988,1060,2,55
2026-01-17T11:00,Norte,947,967,3,65
2026-01-17T11:00,Nordeste,1125,1167,5,90
2026-01-17T11:00,Sudeste,1645,1667,4,75
2026-01-17T11:00,Sul,1029,1067,2,55
2026-01-17T12:00,Norte,945,970,3,65
2026-01-17T12:00,Nordeste,1122,1170,5,90
2026-01-17T12:00,Sudeste,1617,1670,4,75
2026-01-17T12:00,Sul,1057,1070,2,55
2026-01-17T13:00,Norte,971,967,3,65
2026-01-17T13:00,Nordeste,1115,1167,5,90
2026-01-17T13:00,Sudeste,1622,1667,4,75
2026-01-17T13:00,Sul,1058,1067,2,55
2026-01-17T14:00,Norte,970,960,3,65
2026-01-17T14:00,Nordeste,1173,1160,5,90
2026-01-17T14:00,Sudeste,1664,1660,4,75
2026-01-17T14:00,Sul,1032,1060,2,55
2026-01-17T15:00,Norte,918,949,3,65
2026-01-17T15:00,Nordeste,1150,1149,5,90
2026-01-17T15:00,Sudeste,1616,1649,4,75
2026-01-17T15:00,Sul,1041,1049,2,55
2026-01-17T16:00,Norte,940,934,3,65
2026-01-17T16:00,Nordeste,1140,1134,5,90
2026-01-17T16:00,Sudeste,1611,1634,4,75
2026-01-17T16:00,Sul,1013,1034,2,55
2026-01-17T17:00,Norte,912,918,3,65
2026-01-17T17:00,Nordeste,1114,1118,5,90
2026-01-17T17:00,Sudeste,1602,1618,4,75
2026-01-17T17:00,Sul,999,1018,2,55
2026-01-17T18:00,Norte,871,900,3,65
2026-01-17T18:00,Nordeste,1038,1100,5,90
2026-01-17T18:00,Sudeste,1539,1600,4,75
2026-01-17T18:00,Sul,930,1000,2,55
2026-01-17T19:00,Norte,811,900,3,65
2026-01-17T19:00,Nordeste,1042,1100,5,90
2026-01-17T19:00,Sudeste,1504,1600,4,75
2026-01-17T19:00,Sul,929,1000,2,55
2026-01-17T20:00,Norte,798,900,3,65
2026-01-17T20:00,Nordeste,958,1100,5,90
2026-01-17T20:00,Sudeste,1517,1600,4,75
2026-01-17T20:00,Sul,910,1000,2,55
2026-01-17T21:00,Norte,722,900,3,65
2026-01-17T21:00,Nordeste,988,1100,5,90
2026-01-17T21:00,Sudeste,1467,1600,4,75
2026-01-17T21:00,Sul,888,1000,2,55
2026-01-17T22:00,Norte,748,900,3,65
2026-01-17T22:00,Nordeste,919,1100,5,90
2026-01-17T22:00,Sudeste,1442,1600,4,75
2026-01-17T22:00,Sul,861,1000,2,55
2026-01-17T23:00,Norte,711,900,3,65
2026-01-17T23:00,Nordeste,891,1100,5,90
2026-01-17T23:00,Sudeste,1373,1600,4,75
2026-01-17T23:00,Sul,822,1000,2,55
2026-01-18T00:00,Norte,727,900,3,65
2026-01-18T00:00,Nordeste,877,1100,5,90
2026-01-18T00:00,Sudeste,1376,1600,4,75
2026-01-18T00:00,Sul,772,1000,2,55
2026-01-18T01:00,Norte,697,900,3,65
2026-01-18T01:00,Nordeste,892,1100,5,90
2026-01-18T01:00,Sudeste,1361,1600,4,75
2026-01-18T01:00,Sul,818,1000,2,55
2026-01-18T02:00,Norte,667,900,3,65
2026-01-18T02:00,Nordeste,925,1100,5,90
2026-01-18T02:00,Sudeste,1397,1600,4,75
2026-01-18T02:00,Sul,821,1000,2,55
2026-01-18T03:00,Norte,740,900,3,65
2026-01-18T03:00,Nordeste,911,1100,5,90
2026-01-18T03:00,Sudeste,1428,1600,4,75
2026-01-18T03:00,Sul,829,1000,2,55
2026-01-18T04:00,Norte,719,900,3,65
2026-01-18T04:00,Nordeste,909,1100,5,90
2026-01-18T04:00,Sudeste,1397,1600,4,75
2026-01-18T04:00,Sul,816,1000,2,55
2026-01-18T05:00,Norte,751,900,3,65
2026-01-18T05:00,Nordeste,961,1100,5,90
2026-01-18T05:00,Sudeste,1448,1600,4,75
2026-01-18T05:00,Sul,837,1000,2,55
2026-01-18T06:00,Norte,813,900,3,65
2026-01-18T06:00,Nordeste,1018,1100,5,90
2026-01-18T06:00,Sudeste,1460,1600,4,75
2026-01-18T06:00,Sul,890,1000,2,55
2026-01-18T07:00,Norte,817,918,3,65
2026-01-18T07:00,Nordeste,1022,1118,5,90
2026-01-18T07:00,Sudeste,1512,1618,4,75
2026-01-18T07:00,Sul,891,1018,2,55
2026-01-18T08:00,Norte,845,934,3,65
2026-01-18T08:00,Nordeste,1046,1134,5,90
2026-01-18T08:00,Sudeste,1582,1634,4,75
2026-01-18T08:00,Sul,922,1034,2,55
2026-01-18T09:00,Norte,854,949,3,65
2026-01-18T09:00,Nordeste,1080,1149,5,90
2026-01-18T09:00,Sudeste,1590,1649,4,75
2026-01-18T09:00,Sul,978,1049,2,55
2026-01-18T10:00,Norte,880,960,3,65
2026-01-18T10:00,Nordeste,1098,1160,5,90
2026-01-18T10:00,Sudeste,1619,1660,4,75
2026-01-18T10:00,Sul,992,1060,2,55
2026-01-18T11:00,Norte,917,967,3,65
2026-01-18T11:00,Nordeste,1145,1167,5,90
2026-01-18T11:00,Sudeste,1639,1667,4,75
2026-01-18T11:00,Sul,1033,1067,2,55
2026-01-18T12:00,Norte,916,970,3,65
2026-01-18T12:00,Nordeste,1172,1170,5,90
2026-01-18T12:00,Sudeste,1668,1670,4,75
2026-01-18T12:00,Sul,1043,1070,2,55
2026-01-18T13:00,Norte,938,967,3,65
2026-01-18T13:00,Nordeste,1178,1167,5,90
2026-01-18T13:00,Sudeste,1649,1667,4,75
2026-01-18T13:00,Sul,1062,1067,2,55
2026-01-18T14:00,Norte,912,960,3,65
2026-01-18T14:00,Nordeste,1136,1160,5,90
2026-01-18T14:00,Sudeste,1640,1660,4,75
2026-01-18T14:00,Sul,1075,1060,2,55
2026-01-18T15:00,Norte,919,949,3,65
2026-01-18T15:00,Nordeste,1140,1149,5,90
2026-01-18T15:00,Sudeste,1606,1649,4,75
2026-01-18T15:00,Sul,1026,1049,2,55
2026-01-18T16:00,Norte,879,934,3,65
2026-01-18T16:00,Nordeste,1086,1134,5,90
2026-01-18T16:00,Sudeste,1581,1634,4,75
2026-01-18T16:00,Sul,995,1034,2,55
2026-01-18T17:00,Norte,907,918,3,65
2026-01-18T17:00,Nordeste,1086,1118,5,90
2026-01-18T17:00,Sudeste,1594,1618,4,75
2026-01-18T17:00,Sul,972,1018,2,55
2026-01-18T18:00,Norte,887,900,3,65
2026-01-18T18:00,Nordeste,1035,1100,5,90
2026-01-18T18:00,Sudeste,1580,1600,4,75
2026-01-18T18:00,Sul,922,1000,2,55
2026-01-18T19:00,Norte,840,900,3,65
2026-01-18T19:00,Nordeste,1009,1100,5,90
2026-01-18T19:00,Sudeste,1526,1600,4,75
2026-01-18T19:00,Sul,917,1000,2,55
2026-01-18T20:00,Norte,792,900,3,65
2026-01-18T20:00,Nordeste,959,1100,5,90
2026-01-18T20:00,Sudeste,1468,1600,4,75
2026-01-18T20:00,Sul,903,1000,2,55
2026-01-18T21:00,Norte,735,900,3,65
2026-01-18T21:00,Nordeste,922,1100,5,90
2026-01-18T21:00,Sudeste,1489,1600,4,75
2026-01-18T21:00,Sul,842,1000,2,55
2026-01-18T22:00,Norte,734,900,3,65
2026-01-18T22:00,Nordeste,920,1100,5,90
2026-01-18T22:00,Sudeste,1418,1600,4,75
2026-01-18T22:00,Sul,802,1000,2,55
2026-01-18T23:00,Norte,697,900,3,65
2026-01-18T23:00,Nordeste,878,1100,5,90
2026-01-18T23:00,Sudeste,1434,1600,4,75
2026-01-18T23:00,Sul,774,1000,2,55
2026-01-19T00:00,Norte,700,900,3,65
2026-01-19T00:00,Nordeste,911,1100,5,90
2026-01-19T00:00,Sudeste,1395,1600,4,75
2026-01-19T00:00,Sul,812,1000,2,55
2026-01-19T01:00,Norte,718,900,3,65
2026-01-19T01:00,Nordeste,858,1100,5,90
2026-01-19T01:00,Sudeste,1410,1600,4,75
2026-01-19T01:00,Sul,803,1000,2,55
2026-01-19T02:00,Norte,724,900,3,65
2026-01-19T02:00,Nordeste,867,1100,5,90
2026-01-19T02:00,Sudeste,1397,1600,4,75
2026-01-19T02:00,Sul,784,1000,2,55
2026-01-19T03:00,Norte,689,900,3,65
2026-01-19T03:00,Nordeste,889,1100,5,90
2026-01-19T03:00,Sudeste,1421,1600,4,75
2026-01-19T03:00,Sul,836,1000,2,55
2026-01-19T04:00,Norte,703,900,3,65
2026-01-19T04:00,Nordeste,960,1100,5,90
2026-01-19T04:00,Sudeste,1449,1600,4,75
2026-01-19T04:00,Sul,853,1000,2,55
2026-01-19T05:00,Norte,778,900,3,65
2026-01-19T05:00,Nordeste,939,1100,5,90
2026-01-19T05:00,Sudeste,1476,1600,4,75
2026-01-19T05:00,Sul,888,1000,2,55
2026-01-19T06:00,Norte,783,900,3,65
2026-01-19T06:00,Nordeste,977,1100,5,90
2026-01-19T06:00,Sudeste,1487,1600,4,75
2026-01-19T06:00,Sul,862,1000,2,55
2026-01-19T07:00,Norte,831,918,3,65
2026-01-19T07:00,Nordeste,993,1118,5,90
2026-01-19T07:00,Sudeste,1544,1618,4,75
2026-01-19T07:00,Sul,908,1018,2,55
2026-01-19T08:00,Norte,884,934,3,65
2026-01-19T08:00,Nordeste,1084,1134,5,90
2026-01-19T08:00,Sudeste,1534,1634,4,75
2026-01-19T08:00,Sul,930,1034,2,55
2026-01-19T09:00,Norte,895,949,3,65
2026-01-19T09:00,Nordeste,1096,1149,5,90
2026-01-19T09:00,Sudeste,1589,1649,4,75
2026-01-19T09:00,Sul,1015,1049,2,55
2026-01-19T10:00,Norte,898,960,3,65
2026-01-19T10:00,Nordeste,1113,1160,5,90
2026-01-19T10:00,Sudeste,1609,1660,4,75
2026-01-19T10:00,Sul,1008,1060,2,55
2026-01-19T11:00,Norte,929,967,3,65
2026-01-19T11:00,Nordeste,1134,1167,5,90
2026-01-19T11:00,Sudeste,1599,1667,4,75
2026-01-19T11:00,Sul,1007,1067,2,55
2026-01-19T12:00,Norte,974,970,3,65
2026-01-19T12:00,Nordeste,1137,1170,5,90
2026-01-19T12:00,Sudeste,1639,1670,4,75
2026-01-19T12:00,Sul,1065,1070,2,55
2026-01-19T13:00,Norte,946,967,3,65
2026-01-19T13:00,Nordeste,1133,1167,5,90
2026-01-19T13:00,Sudeste,1648,1667,4,75
2026-01-19T13:00,Sul,1033,1067,2,55
2026-01-19T14:00,Norte,963,960,3,65
2026-01-19T14:00,Nordeste,1132,1160,5,90
2026-01-19T14:00,Sudeste,1618,1660,4,75
2026-01-19T14:00,Sul,1046,1060,2,55
2026-01-19T15:00,Norte,913,949,3,65
2026-01-19T15:00,Nordeste,1119,1149,5,90
2026-01-19T15:00,Sudeste,1616,1649,4,75
2026-01-19T15:00,Sul,1012,1049,2,55
2026-01-19T16:00,Norte,926,934,3,65
2026-01-19T16:00,Nordeste,1083,1134,5,90
2026-01-19T16:00,Sudeste,1602,1634,4,75
2026-01-19T16:00,Sul,986,1034,2,55
2026-01-19T17:00,Norte,876,918,3,65
2026-01-19T17:00,Nordeste,1050,1118,5,90
2026-01-19T17:00,Sudeste,1597,1618,4,75
2026-01-19T17:00,Sul,990,1018,2,55
2026-01-19T18:00,Norte,837,900,3,65
2026-01-19T18:00,Nordeste,1051,1100,5,90
2026-01-19T18:00,Sudeste,1585,1600,4,75
2026-01-19T18:00,Sul,965,1000,2,55
2026-01-19T19:00,Norte,800,900,3,65
2026-01-19T19:00,Nordeste,1018,1100,5,90
2026-01-19T19:00,Sudeste,1491,1600,4,75
2026-01-19T19:00,Sul,904,1000,2,55
2026-01-19T20:00,Norte,792,900,3,65
2026-01-19T20:00,Nordeste,961,1100,5,90
2026-01-19T20:00,Sudeste,1512,1600,4,75
2026-01-19T20:00,Sul,858,1000,2,55
2026-01-19T21:00,Norte,789,900,3,65
2026-01-19T21:00,Nordeste,954,1100,5,90
2026-01-19T21:00,Sudeste,1432,1600,4,75
2026-01-19T21:00,Sul,882,1000,2,55
2026-01-19T22:00,Norte,727,900,3,65
2026-01-19T22:00,Nordeste,948,1100,5,90
2026-01-19T22:00,Sudeste,1416,1600,4,75
2026-01-19T22:00,Sul,817,1000,2,55
2026-01-19T23:00,Norte,703,900,3,65
2026-01-19T23:00,Nordeste,919,1100,5,90
2026-01-19T23:00,Sudeste,1433,1600,4,75
2026-01-19T23:00,Sul,822,1000,2,55
2026-01-20T00:00,Norte,721,900,3,65
2026-01-20T00:00,Nordeste,875,1100,5,90
2026-01-20T00:00,Sudeste,1388,1600,4,75
2026-01-20T00:00,Sul,813,1000,2,55
2026-01-20T01:00,Norte,706,900,3,65
2026-01-20T01:00,Nordeste,906,1100,5,90
2026-01-20T01:00,Sudeste,1359,1600,4,75
2026-01-20T01:00,Sul,778,1000,2,55
2026-01-20T02:00,Norte,714,900,3,65
2026-01-20T02:00,Nordeste,920,1100,5,90
2026-01-20T02:00,Sudeste,1429,1600,4,75
2026-01-20T02:00,Sul,821,1000,2,55
2026-01-20T03:00,Norte,717,900,3,65
2026-01-20T03:00,Nordeste,896,1100,5,90
2026-01-20T03:00,Sudeste,1441,1600,4,75
2026-01-20T03:00,Sul,792,1000,2,55
2026-01-20T04:00,Norte,716,900,3,65
2026-01-20T04:00,Nordeste,955,1100,5,90
2026-01-20T04:00,Sudeste,1413,1600,4,75
2026-01-20T04:00,Sul,827,1000,2,55
2026-01-20T05:00,Norte,721,900,3,65
2026-01-20T05:00,Nordeste,930,1100,5,90
2026-01-20T05:00,Sudeste,1438,1600,4,75
2026-01-20T05:00,Sul,837,1000,2,55
2026-01-20T06:00,Norte,816,900,3,65
2026-01-20T06:00,Nordeste,991,1100,5,90
2026-01-20T06:00,Sudeste,1514,1600,4,75
2026-01-20T06:00,Sul,891,1000,2,55
2026-01-20T07:00,Norte,802,918,3,65
2026-01-20T07:00,Nordeste,1052,1118,5,90
2026-01-20T07:00,Sudeste,1544,1618,4,75
2026-01-20T07:00,Sul,926,1018,2,55
2026-01-20T08:00,Norte,838,934,3,65
2026-01-20T08:00,Nordeste,1064,1134,5,90
2026-01-20T08:00,Sudeste,1522,1634,4,75
2026-01-20T08:00,Sul,974,1034,2,55
2026-01-20T09:00,Norte,913,949,3,65
2026-01-20T09:00,Nordeste,1072,1149,5,90
2026-01-20T09:00,Sudeste,1576,1649,4,75
2026-01-20T09:00,Sul,990,1049,2,55
2026-01-20T10:00,Norte,916,960,3,65
2026-01-20T10:00,Nordeste,1096,1160,5,90
2026-01-20T10:00,Sudeste,1592,1660,4,75
2026-01-20T10:00,Sul,1043,1060,2,55
2026-01-20T11:00,Norte,926,967,3,65
2026-01-20T11:00,Nordeste,1137,1167,5,90
2026-01-20T11:00,Sudeste,1599,1667,4,75
2026-01-20T11:00,Sul,1005,1067,2,55
2026-01-20T12:00,Norte,956,970,3,65
2026-01-20T12:00,Nordeste,1151,1170,5,90
2026-01-20T12:00,Sudeste,1679,1670,4,75
2026-01-20T12:00,Sul,1011,1070,2,55
2026-01-20T13:00,Norte,983,967,3,65
2026-01-20T13:00,Nordeste,1146,1167,5,90
2026-01-20T13:00,Sudeste,1656,1667,4,75
2026-01-20T13:00,Sul,1057,1067,2,55
2026-01-20T14:00,Norte,963,960,3,65
2026-01-20T14:00,Nordeste,1174,1160,5,90
2026-01-20T14:00,Sudeste,1660,1660,4,75
2026-01-20T14:00,Sul,1020,1060,2,55
2026-01-20T15:00,Norte,967,949,3,65
2026-01-20T15:00,Nordeste,1117,1149,5,90
2026-01-20T15:00,Sudeste,1620,1649,4,75
2026-01-20T15:00,Sul,1004,1049,2,55
2026-01-20T16:00,Norte,899,934,3,65
2026-01-20T16:00,Nordeste,1118,1134,5,90
2026-01-20T16:00,Sudeste,1628,1634,4,75
2026-01-20T16:00,Sul,976,1034,2,55
2026-01-20T17:00,Norte,914,918,3,65
2026-01-20T17:00,Nordeste,1081,1118,5,90
2026-01-20T17:00,Sudeste,1594,1618,4,75
2026-01-20T17:00,Sul,967,1018,2,55
2026-01-20T18:00,Norte,857,900,3,65
2026-01-20T18:00,Nordeste,1037,1100,5,90
2026-01-20T18:00,Sudeste,1570,1600,4,75
2026-01-20T18:00,Sul,930,1000,2,55
2026-01-20T19:00,Norte,802,900,3,65
2026-01-20T19:00,Nordeste,1013,1100,5,90
2026-01-20T19:00,Sudeste,1493,1600,4,75
2026-01-20T19:00,Sul,894,1000,2,55
2026-01-20T20:00,Norte,753,900,3,65
2026-01-20T20:00,Nordeste,994,1100,5,90
2026-01-20T20:00,Sudeste,1522,1600,4,75
2026-01-20T20:00,Sul,852,1000,2,55
2026-01-20T21:00,Norte,755,900,3,65
2026-01-20T21:00,Nordeste,934,1100,5,90
2026-01-20T21:00,Sudeste,1443,1600,4,75
2026-01-20T21:00,Sul,850,1000,2,55
2026-01-20T22:00,Norte,730,900,3,65
2026-01-20T22:00,Nordeste,899,1100,5,90
2026-01-20T22:00,Sudeste,1419,1600,4,75
2026-01-20T22:00,Sul,803,1000,2,55
2026-01-20T23:00,Norte,679,900,3,65
2026-01-20T23:00,Nordeste,879,1100,5,90
2026-01-20T23:00,Sudeste,1392,1600,4,75
2026-01-20T23:00,Sul,833,1000,2,55
2026-01-21T00:00,Norte,703,900,3,65
2026-01-21T00:00,Nordeste,887,1100,5,90
2026-01-21T00:00,Sudeste,1415,1600,4,75
2026-01-21T00:00,Sul,813,1000,2,55
2026-01-21T01:00,Norte,724,900,3,65
2026-01-21T01:00,Nordeste,896,1100,5,90
2026-01-21T01:00,Sudeste,1360,1600,4,75
2026-01-21T01:00,Sul,777,1000,2,55
2026-01-21T02:00,Norte,727,900,3,65
2026-01-21T02:00,Nordeste,899,1100,5,90
2026-01-21T02:00,Sudeste,1392,1600,4,75
2026-01-21T02:00,Sul,767,1000,2,55
2026-01-21T03:00,Norte,710,900,3,65
2026-01-21T03:00,Nordeste,910,1100,5,90
2026-01-21T03:00,Sudeste,1416,1600,4,75
2026-01-21T03:00,Sul,785,1000,2,55
2026-01-21T04:00,Norte,751,900,3,65
2026-01-21T04:00,Nordeste,953,1100,5,90
2026-01-21T04:00,Sudeste,1435,1600,4,75
2026-01-21T04:00,Sul,823,1000,2,55
2026-01-21T05:00,Norte,727,900,3,65
2026-01-21T05:00,Nordeste,977,1100,5,90
2026-01-21T05:00,Sudeste,1422,1600,4,75
2026-01-21T05:00,Sul,848,1000,2,55
2026-01-21T06:00,Norte,785,900,3,65
2026-01-21T06:00,Nordeste,1012,1100,5,90
2026-01-21T06:00,Sudeste,1477,1600,4,75
2026-01-21T06:00,Sul,897,1000,2,55
2026-01-21T07:00,Norte,831,918,3,65
2026-01-21T07:00,Nordeste,1015,1118,5,90
2026-01-21T07:00,Sudeste,1540,1618,4,75
2026-01-21T07:00,Sul,926,1018,2,55
2026-01-21T08:00,Norte,861,934,3,65
2026-01-21T08:00,Nordeste,1053,1134,5,90
2026-01-21T08:00,Sudeste,1539,1634,4,75
2026-01-21T08:00,Sul,931,1034,2,55
2026-01-21T09:00,Norte,916,949,3,65
2026-01-21T09:00,Nordeste,1078,1149,5,90
2026-01-21T09:00,Sudeste,1597,1649,4,75
2026-01-21T09:00,Sul,1006,1049,2,55
2026-01-21T10:00,Norte,888,960,3,65
2026-01-21T10:00,Nordeste,1103,1160,5,90
2026-01-21T10:00,Sudeste,1613,1660,4,75
2026-01-21T10:00,Sul,1021,1060,2,55
2026-01-21T11:00,Norte,960,967,3,65
2026-01-21T11:00,Nordeste,1158,1167,5,90
2026-01-21T11:00,Sudeste,1653,1667,4,75
2026-01-21T11:00,Sul,1049,1067,2,55
2026-01-21T12:00,Norte,950,970,3,65
2026-01-21T12:00,Nordeste,1172,1170,5,90
2026-01-21T12:00,Sudeste,1649,1670,4,75
2026-01-21T12:00,Sul,1056,1070,2,55
2026-01-21T13:00,Norte,917,967,3,65
2026-01-21T13:00,Nordeste,1172,1167,5,90
2026-01-21T13:00,Sudeste,1624,1667,4,75
2026-01-21T13:00,Sul,1055,1067,2,55
2026-01-21T14:00,Norte,916,960,3,65
2026-01-21T14:00,Nordeste,1125,1160,5,90
2026-01-21T14:00,Sudeste,1660,1660,4,75
2026-01-21T14:00,Sul,1053,1060,2,55
2026-01-21T15:00,Norte,925,949,3,65
2026-01-21T15:00,Nordeste,1161,1149,5,90
2026-01-21T15:00,Sudeste,1648,1649,4,75
2026-01-21T15:00,Sul,1054,1049,2,55
2026-01-21T16:00,Norte,934,934,3,65
2026-01-21T16:00,Nordeste,1114,1134,5,90
2026-01-21T16:00,Sudeste,1643,1634,4,75
2026-01-21T16:00,Sul,1000,1034,2,55
2026-01-21T17:00,Norte,856,918,3,65
2026-01-21T17:00,Nordeste,1076,1118,5,90
2026-01-21T17:00,Sudeste,1585,1618,4,75
2026-01-21T17:00,Sul,994,1018,2,55
2026-01-21T18:00,Norte,852,900,3,65
2026-01-21T18:00,Nordeste,1025,1100,5,90
2026-01-21T18:00,Sudeste,1527,1600,4,75
2026-01-21T18:00,Sul,926,1000,2,55
2026-01-21T19:00,Norte,799,900,3,65
2026-01-21T19:00,Nordeste,985,1100,5,90
2026-01-21T19:00,Sudeste,1529,1600,4,75
2026-01-21T19:00,Sul,953,1000,2,55
2026-01-21T20:00,Norte,767,900,3,65
2026-01-21T20:00,Nordeste,977,1100,5,90
2026-01-21T20:00,Sudeste,1487,1600,4,75
2026-01-21T20:00,Sul,902,1000,2,55
2026-01-21T21:00,Norte,749,900,3,65
2026-01-21T21:00,Nordeste,949,1100,5,90
2026-01-21T21:00,Sudeste,1445,1600,4,75
2026-01-21T21:00,Sul,860,1000,2,55
2026-01-21T22:00,Norte,724,900,3,65
2026-01-21T22:00,Nordeste,917,1100,5,90
2026-01-21T22:00,Sudeste,1399,1600,4,75
2026-01-21T22:00,Sul,857,1000,2,55
2026-01-21T23:00,Norte,691,900,3,65
2026-01-21T23:00,Nordeste,941,1100,5,90
2026-01-21T23:00,Sudeste,1390,1600,4,75
2026-01-21T23:00,Sul,820,1000,2,55
2026-01-22T00:00,Norte,693,900,3,65
2026-01-22T00:00,Nordeste,894,1100,5,90
2026-01-22T00:00,Sudeste,1368,1600,4,75
2026-01-22T00:00,Sul,780,1000,2,55
2026-01-22T01:00,Norte,684,900,3,65
2026-01-22T01:00,Nordeste,895,1100,5,90
2026-01-22T01:00,Sudeste,1411,1600,4,75
2026-01-22T01:00,Sul,789,1000,2,55
2026-01-22T02:00,Norte,709,900,3,65
2026-01-22T02:00,Nordeste,925,1100,5,90
2026-01-22T02:00,Sudeste,1411,1600,4,75
2026-01-22T02:00,Sul,769,1000,2,55
2026-01-22T03:00,Norte,729,900,3,65
2026-01-22T03:00,Nordeste,889,1100,5,90
2026-01-22T03:00,Sudeste,1438,1600,4,75
2026-01-22T03:00,Sul,812,1000,2,55
2026-01-22T04:00,Norte,705,900,3,65
2026-01-22T04:00,Nordeste,944,1100,5,90
2026-01-22T04:00,Sudeste,1435,1600,4,75
2026-01-22T04:00,Sul,858,1000,2,55
2026-01-22T05:00,Norte,727,900,3,65
2026-01-22T05:00,Nordeste,942,1100,5,90
2026-01-22T05:00,Sudeste,1484,1600,4,75
2026-01-22T05:00,Sul,874,1000,2,55
2026-01-22T06:00,Norte,805,900,3,65
2026-01-22T06:00,Nordeste,1016,1100,5,90
2026-01-22T06:00,Sudeste,1512,1600,4,75
2026-01-22T06:00,Sul,915,1000,2,55
2026-01-22T07:00,Norte,833,918,3,65
2026-01-22T07:00,Nordeste,996,1118,5,90
2026-01-22T07:00,Sudeste,1489,1618,4,75
2026-01-22T07:00,Sul,952,1018,2,55
2026-01-22T08:00,Norte,874,934,3,65
2026-01-22T08:00,Nordeste,1042,1134,5,90
2026-01-22T08:00,Sudeste,1557,1634,4,75
2026-01-22T08:00,Sul,959,1034,2,55
2026-01-22T09:00,Norte,865,949,3,65
2026-01-22T09:00,Nordeste,1051,1149,5,90
2026-01-22T09:00,Sudeste,1582,1649,4,75
2026-01-22T09:00,Sul,987,1049,2,55
2026-01-22T10:00,Norte,921,960,3,65
2026-01-22T10:00,Nordeste,1081,1160,5,90
2026-01-22T10:00,Sudeste,1577,1660,4,75
2026-01-22T10:00,Sul,993,1060,2,55
2026-01-22T11:00,Norte,903,967,3,65
2026-01-22T11:00,Nordeste,1132,1167,5,90
2026-01-22T11:00,Sudeste,1642,1667,4,75
2026-01-22T11:00,Sul,1014,1067,2,55
2026-01-22T12:00,Norte,921,970,3,65
2026-01-22T12:00,Nordeste,1152,1170,5,90
2026-01-22T12:00,Sudeste,1632,1670,4,75
2026-01-22T12:00,Sul,1080,1070,2,55
2026-01-22T13:00,Norte,922,967,3,65
2026-01-22T13:00,Nordeste,1128,1167,5,90
2026-01-22T13:00,Sudeste,1621,1667,4,75
2026-01-22T13:00,Sul,1069,1067,2,55
2026-01-22T14:00,Norte,918,960,3,65
2026-01-22T14:00,Nordeste,1173,1160,5,90
2026-01-22T14:00,Sudeste,1660,1660,4,75
2026-01-22T14:00,Sul,1065,1060,2,55
2026-01-22T15:00,Norte,902,949,3,65
2026-01-22T15:00,Nordeste,1100,1149,5,90
2026-01-22T15:00,Sudeste,1609,1649,4,75
2026-01-22T15:00,Sul,1005,1049,2,55
2026-01-22T16:00,Norte,901,934,3,65
2026-01-22T16:00,Nordeste,1133,1134,5,90
2026-01-22T16:00,Sudeste,1616,1634,4,75
2026-01-22T16:00,Sul,982,1034,2,55
2026-01-22T17:00,Norte,901,918,3,65
2026-01-22T17:00,Nordeste,1060,1118,5,90
2026-01-22T17:00,Sudeste,1569,1618,4,75
2026-01-22T17:00,Sul,1011,1018,2,55
2026-01-22T18:00,Norte,865,900,3,65
2026-01-22T18:00,Nordeste,1022,1100,5,90
2026-01-22T18:00,Sudeste,1536,1600,4,75
2026-01-22T18:00,Sul,931,1000,2,55
2026-01-22T19:00,Norte,786,900,3,65
2026-01-22T19:00,Nordeste,1055,1100,5,90
2026-01-22T19:00,Sudeste,1550,1600,4,75
2026-01-22T19:00,Sul,890,1000,2,55
2026-01-22T20:00,Norte,762,900,3,65
2026-01-22T20:00,Nordeste,993,1100,5,90
2026-01-22T20:00,Sudeste,1516,1600,4,75
2026-01-22T20:00,Sul,895,1000,2,55
2026-01-22T21:00,Norte,758,900,3,65
2026-01-22T21:00,Nordeste,928,1100,5,90
2026-01-22T21:00,Sudeste,1441,1600,4,75
2026-01-22T21:00,Sul,849,1000,2,55
2026-01-22T22:00,Norte,754,900,3,65
2026-01-22T22:00,Nordeste,943,1100,5,90
2026-01-22T22:00,Sudeste,1454,1600,4,75
2026-01-22T22:00,Sul,795,1000,2,55
2026-01-22T23:00,Norte,741,900,3,65
2026-01-22T23:00,Nordeste,907,1100,5,90
2026-01-22T23:00,Sudeste,1377,1600,4,75
2026-01-22T23:00,Sul,821,1000,2,55
2026-01-23T00:00,Norte,663,900,3,65
2026-01-23T00:00,Nordeste,883,1100,5,90
2026-01-23T00:00,Sudeste,1370,1600,4,75
2026-01-23T00:00,Sul,762,1000,2,55
2026-01-23T01:00,Norte,682,900,3,65
2026-01-23T01:00,Nordeste,858,1100,5,90
2026-01-23T01:00,Sudeste,1419,1600,4,75
2026-01-23T01:00,Sul,772,1000,2,55
2026-01-23T02:00,Norte,661,900,3,65
2026-01-23T02:00,Nordeste,884,1100,5,90
2026-01-23T02:00,Sudeste,1398,1600,4,75
2026-01-23T02:00,Sul,777,1000,2,55
2026-01-23T03:00,Norte,714,900,3,65
2026-01-23T03:00,Nordeste,895,1100,5,90
2026-01-23T03:00,Sudeste,1385,1600,4,75
2026-01-23T03:00,Sul,827,1000,2,55
2026-01-23T04:00,Norte,699,900,3,65
2026-01-23T04:00,Nordeste,927,1100,5,90
2026-01-23T04:00,Sudeste,1462,1600,4,75
2026-01-23T04:00,Sul,831,1000,2,55
2026-01-23T05:00,Norte,731,900,3,65
2026-01-23T05:00,Nordeste,942,1100,5,90
2026-01-23T05:00,Sudeste,1486,1600,4,75
2026-01-23T05:00,Sul,880,1000,2,55
2026-01-23T06:00,Norte,774,900,3,65
2026-01-23T06:00,Nordeste,995,1100,5,90
2026-01-23T06:00,Sudeste,1490,1600,4,75
2026-01-23T06:00,Sul,862,1000,2,55
2026-01-23T07:00,Norte,803,918,3,65
2026-01-23T07:00,Nordeste,1021,1118,5,90
2026-01-23T07:00,Sudeste,1498,1618,4,75
2026-01-23T07:00,Sul,899,1018,2,55
2026-01-23T08:00,Norte,887,934,3,65
2026-01-23T08:00,Nordeste,1028,1134,5,90
2026-01-23T08:00,Sudeste,1561,1634,4,75
2026-01-23T08:00,Sul,929,1034,2,55
2026-01-23T09:00,Norte,864,949,3,65
2026-01-23T09:00,Nordeste,1097,1149,5,90
2026-01-23T09:00,Sudeste,1558,1649,4,75
2026-01-23T09:00,Sul,1015,1049,2,55
2026-01-23T10:00,Norte,925,960,3,65
2026-01-23T10:00,Nordeste,1085,1160,5,90
2026-01-23T10:00,Sudeste,1579,1660,4,75
2026-01-23T10:00,Sul,1010,1060,2,55
2026-01-23T11:00,Norte,925,967,3,65
2026-01-23T11:00,Nordeste,1147,1167,5,90
2026-01-23T11:00,Sudeste,1611,1667,4,75
2026-01-23T11:00,Sul,1044,1067,2,55
2026-01-23T12:00,Norte,960,970,3,65
2026-01-23T12:00,Nordeste,1167,1170,5,90
2026-01-23T12:00,Sudeste,1646,1670,4,75
2026-01-23T12:00,Sul,1025,1070,2,55
2026-01-23T13:00,Norte,980,967,3,65
2026-01-23T13:00,Nordeste,1159,1167,5,90
2026-01-23T13:00,Sudeste,1667,1667,4,75
2026-01-23T13:00,Sul,1064,1067,2,55
2026-01-23T14:00,Norte,938,960,3,65
2026-01-23T14:00,Nordeste,1133,1160,5,90
2026-01-23T14:00,Sudeste,1664,1660,4,75
2026-01-23T14:00,Sul,1039,1060,2,55
2026-01-23T15:00,Norte,967,949,3,65
2026-01-23T15:00,Nordeste,1162,1149,5,90
2026-01-23T15:00,Sudeste,1627,1649,4,75
2026-01-23T15:00,Sul,1014,1049,2,55
2026-01-23T16:00,Norte,899,934,3,65
2026-01-23T16:00,Nordeste,1103,1134,5,90
2026-01-23T16:00,Sudeste,1579,1634,4,75
2026-01-23T16:00,Sul,981,1034,2,55
2026-01-23T17:00,Norte,859,918,3,65
2026-01-23T17:00,Nordeste,1062,1118,5,90
2026-01-23T17:00,Sudeste,1556,1618,4,75
2026-01-23T17:00,Sul,988,1018,2,55
2026-01-23T18:00,Norte,888,900,3,65
2026-01-23T18:00,Nordeste,1044,1100,5,90
2026-01-23T18:00,Sudeste,1574,1600,4,75
2026-01-23T18:00,Sul,955,1000,2,55
2026-01-23T19:00,Norte,816,900,3,65
2026-01-23T19:00,Nordeste,1015,1100,5,90
2026-01-23T19:00,Sudeste,1518,1600,4,75
2026-01-23T19:00,Sul,938,1000,2,55
2026-01-23T20:00,Norte,799,900,3,65
2026-01-23T20:00,Nordeste,1010,1100,5,90
2026-01-23T20:00,Sudeste,1499,1600,4,75
2026-01-23T20:00,Sul,913,1000,2,55
2026-01-23T21:00,Norte,767,900,3,65
2026-01-23T21:00,Nordeste,936,1100,5,90
2026-01-23T21:00,Sudeste,1421,1600,4,75
2026-01-23T21:00,Sul,825,1000,2,55
2026-01-23T22:00,Norte,727,900,3,65
2026-01-23T22:00,Nordeste,949,1100,5,90
2026-01-23T22:00,Sudeste,1408,1600,4,75
2026-01-23T22:00,Sul,862,1000,2,55
2026-01-23T23:00,Norte,678,900,3,65
2026-01-23T23:00,Nordeste,932,1100,5,90
2026-01-23T23:00,Sudeste,1430,1600,4,75
2026-01-23T23:00,Sul,819,1000,2,55
2026-01-24T00:00,Norte,701,900,3,65
2026-01-24T00:00,Nordeste,908,1100,5,90
2026-01-24T00:00,Sudeste,1394,1600,4,75
2026-01-24T00:00,Sul,799,1000,2,55
2026-01-24T01:00,Norte,674,900,3,65
2026-01-24T01:00,Nordeste,863,1100,5,90
2026-01-24T01:00,Sudeste,1388,1600,4,75
2026-01-24T01:00,Sul,816,1000,2,55
2026-01-24T02:00,Norte,684,900,3,65
2026-01-24T02:00,Nordeste,915,1100,5,90
2026-01-24T02:00,Sudeste,1367,1600,4,75
2026-01-24T02:00,Sul,775,1000,2,55
2026-01-24T03:00,Norte,677,900,3,65
2026-01-24T03:00,Nordeste,886,1100,5,90
2026-01-24T03:00,Sudeste,1376,1600,4,75
2026-01-24T03:00,Sul,804,1000,2,55
2026-01-24T04:00,Norte,757,900,3,65
2026-01-24T04:00,Nordeste,964,1100,5,90
2026-01-24T04:00,Sudeste,1438,1600,4,75
2026-01-24T04:00,Sul,839,1000,2,55
2026-01-24T05:00,Norte,788,900,3,65
2026-01-24T05:00,Nordeste,943,1100,5,90
2026-01-24T05:00,Sudeste,1427,1600,4,75
2026-01-24T05:00,Sul,844,1000,2,55
2026-01-24T06:00,Norte,793,900,3,65
2026-01-24T06:00,Nordeste,967,1100,5,90
2026-01-24T06:00,Sudeste,1480,1600,4,75
2026-01-24T06:00,Sul,857,1000,2,55
2026-01-24T07:00,Norte,840,918,3,65
2026-01-24T07:00,Nordeste,1049,1118,5,90
2026-01-24T07:00,Sudeste,1553,1618,4,75
2026-01-24T07:00,Sul,940,1018,2,55
2026-01-24T08:00,Norte,845,934,3,65
2026-01-24T08:00,Nordeste,1033,1134,5,90
2026-01-24T08:00,Sudeste,1565,1634,4,75
2026-01-24T08:00,Sul,918,1034,2,55
2026-01-24T09:00,Norte,904,949,3,65
2026-01-24T09:00,Nordeste,1062,1149,5,90
2026-01-24T09:00,Sudeste,1558,1649,4,75
2026-01-24T09:00,Sul,1004,1049,2,55
2026-01-24T10:00,Norte,911,960,3,65
2026-01-24T10:00,Nordeste,1077,1160,5,90
2026-01-24T10:00,Sudeste,1579,1660,4,75
2026-01-24T10:00,Sul,1019,1060,2,55
2026-01-24T11:00,Norte,931,967,3,65
2026-01-24T11:00,Nordeste,1108,1167,5,90
2026-01-24T11:00,Sudeste,1613,1667,4,75
2026-01-24T11:00,Sul,1024,1067,2,55
2026-01-24T12:00,Norte,924,970,3,65
2026-01-24T12:00,Nordeste,1169,1170,5,90
2026-01-24T12:00,Sudeste,1621,1670,4,75
2026-01-24T12:00,Sul,1028,1070,2,55
2026-01-24T13:00,Norte,985,967,3,65
2026-01-24T13:00,Nordeste,1166,1167,5,90
2026-01-24T13:00,Sudeste,1627,1667,4,75
2026-01-24T13:00,Sul,1043,1067,2,55
2026-01-24T14:00,Norte,960,960,3,65
2026-01-24T14:00,Nordeste,1130,1160,5,90
2026-01-24T14:00,Sudeste,1628,1660,4,75
2026-01-24T14:00,Sul,1054,1060,2,55
2026-01-24T15:00,Norte,924,949,3,65
2026-01-24T15:00,Nordeste,1116,1149,5,90
2026-01-24T15:00,Sudeste,1601,1649,4,75
2026-01-24T15:00,Sul,1031,1049,2,55
2026-01-24T16:00,Norte,939,934,3,65
2026-01-24T16:00,Nordeste,1088,1134,5,90
2026-01-24T16:00,Sudeste,1583,1634,4,75
2026-01-24T16:00,Sul,987,1034,2,55
2026-01-24T17:00,Norte,889,918,3,65
2026-01-24T17:00,Nordeste,1054,1118,5,90
2026-01-24T17:00,Sudeste,1581,1618,4,75
2026-01-24T17:00,Sul,970,1018,2,55
2026-01-24T18:00,Norte,859,900,3,65
2026-01-24T18:00,Nordeste,1021,1100,5,90
2026-01-24T18:00,Sudeste,1574,1600,4,75
2026-01-24T18:00,Sul,938,1000,2,55
2026-01-24T19:00,Norte,817,900,3,65
2026-01-24T19:00,Nordeste,1051,1100,5,90
2026-01-24T19:00,Sudeste,1495,1600,4,75
2026-01-24T19:00,Sul,955,1000,2,55
2026-01-24T20:00,Norte,801,900,3,65
2026-01-24T20:00,Nordeste,998,1100,5,90
2026-01-24T20:00,Sudeste,1472,1600,4,75
2026-01-24T20:00,Sul,894,1000,2,55
2026-01-24T21:00,Norte,721,900,3,65
2026-01-24T21:00,Nordeste,924,1100,5,90
2026-01-24T21:00,Sudeste,1425,1600,4,75
2026-01-24T21:00,Sul,838,1000,2,55
2026-01-24T22:00,Norte,694,900,3,65
2026-01-24T22:00,Nordeste,933,1100,5,90
2026-01-24T22:00,Sudeste,1441,1600,4,75
2026-01-24T22:00,Sul,852,1000,2,55
2026-01-24T23:00,Norte,716,900,3,65
2026-01-24T23:00,Nordeste,920,1100,5,90
2026-01-24T23:00,Sudeste,1429,1600,4,75
2026-01-24T23:00,Sul,816,1000,2,55
2026-01-25T00:00,Norte,678,900,3,65
2026-01-25T00:00,Nordeste,913,1100,5,90
2026-01-25T00:00,Sudeste,1414,1600,4,75
2026-01-25T00:00,Sul,777,1000,2,55
2026-01-25T01:00,Norte,714,900,3,65
2026-01-25T01:00,Nordeste,890,1100,5,90
2026-01-25T01:00,Sudeste,1401,1600,4,75
2026-01-25T01:00,Sul,815,1000,2,55
2026-01-25T02:00,Norte,699,900,3,65
2026-01-25T02:00,Nordeste,926,1100,5,90
2026-01-25T02:00,Sudeste,1401,1600,4,75
2026-01-25T02:00,Sul,769,1000,2,55
2026-01-25T03:00,Norte,739,900,3,65
2026-01-25T03:00,Nordeste,896,1100,5,90
2026-01-25T03:00,Sudeste,1390,1600,4,75
2026-01-25T03:00,Sul,837,1000,2,55
2026-01-25T04:00,Norte,735,900,3,65
2026-01-25T04:00,Nordeste,935,1100,5,90
2026-01-25T04:00,Sudeste,1400,1600,4,75
2026-01-25T04:00,Sul,823,1000,2,55
2026-01-25T05:00,Norte,760,900,3,65
2026-01-25T05:00,Nordeste,973,1100,5,90
2026-01-25T05:00,Sudeste,1426,1600,4,75
2026-01-25T05:00,Sul,827,1000,2,55
2026-01-25T06:00,Norte,764,900,3,65
2026-01-25T06:00,Nordeste,970,1100,5,90
2026-01-25T06:00,Sudeste,1518,1600,4,75
2026-01-25T06:00,Sul,903,1000,2,55
2026-01-25T07:00,Norte,791,918,3,65
2026-01-25T07:00,Nordeste,1025,1118,5,90
2026-01-25T07:00,Sudeste,1513,1618,4,75
2026-01-25T07:00,Sul,929,1018,2,55
2026-01-25T08:00,Norte,830,934,3,65
2026-01-25T08:00,Nordeste,1079,1134,5,90
2026-01-25T08:00,Sudeste,1586,1634,4,75
2026-01-25T08:00,Sul,946,1034,2,55
2026-01-25T09:00,Norte,877,949,3,65
2026-01-25T09:00,Nordeste,1104,1149,5,90
2026-01-25T09:00,Sudeste,1561,1649,4,75
2026-01-25T09:00,Sul,977,1049,2,55
2026-01-25T10:00,Norte,918,960,3,65
2026-01-25T10:00,Nordeste,1109,1160,5,90
2026-01-25T10:00,Sudeste,1604,1660,4,75
2026-01-25T10:00,Sul,988,1060,2,55
2026-01-25T11:00,Norte,967,967,3,65
2026-01-25T11:00,Nordeste,1158,1167,5,90
2026-01-25T11:00,Sudeste,1622,1667,4,75
2026-01-25T11:00,Sul,1066,1067,2,55
2026-01-25T12:00,Norte,924,970,3,65
2026-01-25T12:00,Nordeste,1138,1170,5,90
2026-01-25T12:00,Sudeste,1635,1670,4,75
2026-01-25T12:00,Sul,1021,1070,2,55
2026-01-25T13:00,Norte,942,967,3,65
2026-01-25T13:00,Nordeste,1166,1167,5,90
2026-01-25T13:00,Sudeste,1632,1667,4,75
2026-01-25T13:00,Sul,1066,1067,2,55
2026-01-25T14:00,Norte,964,960,3,65
2026-01-25T14:00,Nordeste,1136,1160,5,90
2026-01-25T14:00,Sudeste,1667,1660,4,75
2026-01-25T14:00,Sul,1049,1060,2,55
2026-01-25T15:00,Norte,963,949,3,65
2026-01-25T15:00,Nordeste,1150,1149,5,90
2026-01-25T15:00,Sudeste,1663,1649,4,75
2026-01-25T15:00,Sul,999,1049,2,55
2026-01-25T16:00,Norte,923,934,3,65
2026-01-25T16:00,Nordeste,1137,1134,5,90
2026-01-25T16:00,Sudeste,1584,1634,4,75
2026-01-25T16:00,Sul,990,1034,2,55
2026-01-25T17:00,Norte,908,918,3,65
2026-01-25T17:00,Nordeste,1104,1118,5,90
2026-01-25T17:00,Sudeste,1597,1618,4,75
2026-01-25T17:00,Sul,966,1018,2,55
2026-01-25T18:00,Norte,862,900,3,65
2026-01-25T18:00,Nordeste,1074,1100,5,90
2026-01-25T18:00,Sudeste,1518,1600,4,75
2026-01-25T18:00,Sul,956,1000,2,55
2026-01-25T19:00,Norte,801,900,3,65
2026-01-25T19:00,Nordeste,1001,1100,5,90
2026-01-25T19:00,Sudeste,1535,1600,4,75
2026-01-25T19:00,Sul,926,1000,2,55
2026-01-25T20:00,Norte,784,900,3,65
2026-01-25T20:00,Nordeste,957,1100,5,90
2026-01-25T20:00,Sudeste,1511,1600,4,75
2026-01-25T20:00,Sul,890,1000,2,55
2026-01-25T21:00,Norte,728,900,3,65
2026-01-25T21:00,Nordeste,924,1100,5,90
2026-01-25T21:00,Sudeste,1432,1600,4,75
2026-01-25T21:00,Sul,869,1000,2,55
2026-01-25T22:00,Norte,698,900,3,65
2026-01-25T22:00,Nordeste,939,1100,5,90
2026-01-25T22:00,Sudeste,1435,1600,4,75
2026-01-25T22:00,Sul,863,1000,2,55
2026-01-25T23:00,Norte,697,900,3,65
2026-01-25T23:00,Nordeste,913,1100,5,90
2026-01-25T23:00,Sudeste,1391,1600,4,75
2026-01-25T23:00,Sul,802,1000,2,55
2026-01-26T00:00,Norte,715,900,3,65
2026-01-26T00:00,Nordeste,927,1100,5,90
2026-01-26T00:00,Sudeste,1413,1600,4,75
2026-01-26T00:00,Sul,826,1000,2,55
2026-01-26T01:00,Norte,686,900,3,65
2026-01-26T01:00,Nordeste,905,1100,5,90
2026-01-26T01:00,Sudeste,1357,1600,4,75
2026-01-26T01:00,Sul,819,1000,2,55
2026-01-26T02:00,Norte,674,900,3,65
2026-01-26T02:00,Nordeste,927,1100,5,90
2026-01-26T02:00,Sudeste,1425,1600,4,75
2026-01-26T02:00,Sul,784,1000,2,55
2026-01-26T03:00,Norte,673,900,3,65
2026-01-26T03:00,Nordeste,887,1100,5,90
2026-01-26T03:00,Sudeste,1386,1600,4,75
2026-01-26T03:00,Sul,797,1000,2,55
2026-01-26T04:00,Norte,696,900,3,65
2026-01-26T04:00,Nordeste,943,1100,5,90
2026-01-26T04:00,Sudeste,1413,1600,4,75
2026-01-26T04:00,Sul,853,1000,2,55
2026-01-26T05:00,Norte,771,900,3,65
2026-01-26T05:00,Nordeste,980,1100,5,90
2026-01-26T05:00,Sudeste,1453,1600,4,75
2026-01-26T05:00,Sul,864,1000,2,55
2026-01-26T06:00,Norte,789,900,3,65
2026-01-26T06:00,Nordeste,963,1100,5,90
2026-01-26T06:00,Sudeste,1522,1600,4,75
2026-01-26T06:00,Sul,909,1000,2,55
2026-01-26T07:00,Norte,843,918,3,65
2026-01-26T07:00,Nordeste,1038,1118,5,90
2026-01-26T07:00,Sudeste,1496,1618,4,75
2026-01-26T07:00,Sul,945,1018,2,55
2026-01-26T08:00,Norte,878,934,3,65
2026-01-26T08:00,Nordeste,1071,1134,5,90
2026-01-26T08:00,Sudeste,1531,1634,4,75
2026-01-26T08:00,Sul,980,1034,2,55
2026-01-26T09:00,Norte,890,949,3,65
2026-01-26T09:00,Nordeste,1108,1149,5,90
2026-01-26T09:00,Sudeste,1609,1649,4,75
2026-01-26T09:00,Sul,989,1049,2,55
2026-01-26T10:00,Norte,945,960,3,65
2026-01-26T10:00,Nordeste,1099,1160,5,90
2026-01-26T10:00,Sudeste,1578,1660,4,75
2026-01-26T10:00,Sul,993,1060,2,55
2026-01-26T11:00,Norte,916,967,3,65
2026-01-26T11:00,Nordeste,1116,1167,5,90
2026-01-26T11:00,Sudeste,1630,1667,4,75
2026-01-26T11:00,Sul,1058,1067,2,55
2026-01-26T12:00,Norte,955,970,3,65
2026-01-26T12:00,Nordeste,1138,1170,5,90
2026-01-26T12:00,Sudeste,1610,1670,4,75
2026-01-26T12:00,Sul,1053,1070,2,55
2026-01-26T13:00,Norte,915,967,3,65
2026-01-26T13:00,Nordeste,1163,1167,5,90
2026-01-26T13:00,Sudeste,1667,1667,4,75
2026-01-26T13:00,Sul,1023,1067,2,55
2026-01-26T14:00,Norte,914,960,3,65
2026-01-26T14:00,Nordeste,1153,1160,5,90
2026-01-26T14:00,Sudeste,1635,1660,4,75
2026-01-26T14:00,Sul,1078,1060,2,55
2026-01-26T15:00,Norte,953,949,3,65
2026-01-26T15:00,Nordeste,1108,1149,5,90
2026-01-26T15:00,Sudeste,1615,1649,4,75
2026-01-26T15:00,Sul,1018,1049,2,55
2026-01-26T16:00,Norte,915,934,3,65
2026-01-26T16:00,Nordeste,1100,1134,5,90
2026-01-26T16:00,Sudeste,1621,1634,4,75
2026-01-26T16:00,Sul,1011,1034,2,55
2026-01-26T17:00,Norte,889,918,3,65
2026-01-26T17:00,Nordeste,1057,1118,5,90
2026-01-26T17:00,Sudeste,1576,1618,4,75
2026-01-26T17:00,Sul,1006,1018,2,55
2026-01-26T18:00,Norte,875,900,3,65
2026-01-26T18:00,Nordeste,1047,1100,5,90
2026-01-26T18:00,Sudeste,1554,1600,4,75
2026-01-26T18:00,Sul,949,1000,2,55
2026-01-26T19:00,Norte,785,900,3,65
2026-01-26T19:00,Nordeste,1015,1100,5,90
2026-01-26T19:00,Sudeste,1537,1600,4,75
2026-01-26T19:00,Sul,905,1000,2,55
2026-01-26T20:00,Norte,815,900,3,65
2026-01-26T20:00,Nordeste,985,1100,5,90
2026-01-26T20:00,Sudeste,1502,1600,4,75
2026-01-26T20:00,Sul,885,1000,2,55
2026-01-26T21:00,Norte,729,900,3,65
2026-01-26T21:00,Nordeste,969,1100,5,90
2026-01-26T21:00,Sudeste,1471,1600,4,75
2026-01-26T21:00,Sul,864,1000,2,55
2026-01-26T22:00,Norte,719,900,3,65
2026-01-26T22:00,Nordeste,926,1100,5,90
2026-01-26T22:00,Sudeste,1448,1600,4,75
2026-01-26T22:00,Sul,851,1000,2,55
2026-01-26T23:00,Norte,688,900,3,65
2026-01-26T23:00,Nordeste,906,1100,5,90
2026-01-26T23:00,Sudeste,1373,1600,4,75
2026-01-26T23:00,Sul,813,1000,2,55
2026-01-27T00:00,Norte,690,900,3,65
2026-01-27T00:00,Nordeste,868,1100,5,90
2026-01-27T00:00,Sudeste,1401,1600,4,75
2026-01-27T00:00,Sul,793,1000,2,55
2026-01-27T01:00,Norte,694,900,3,65
2026-01-27T01:00,Nordeste,895,1100,5,90
2026-01-27T01:00,Sudeste,1400,1600,4,75
2026-01-27T01:00,Sul,822,1000,2,55
2026-01-27T02:00,Norte,717,900,3,65
2026-01-27T02:00,Nordeste,893,1100,5,90
2026-01-27T02:00,Sudeste,1418,1600,4,75
2026-01-27T02:00,Sul,789,1000,2,55
2026-01-27T03:00,Norte,725,900,3,65
2026-01-27T03:00,Nordeste,921,1100,5,90
2026-01-27T03:00,Sudeste,1395,1600,4,75
2026-01-27T03:00,Sul,823,1000,2,55
2026-01-27T04:00,Norte,752,900,3,65
2026-01-27T04:00,Nordeste,932,1100,5,90
2026-01-27T04:00,Sudeste,1464,1600,4,75
2026-01-27T04:00,Sul,822,1000,2,55
2026-01-27T05:00,Norte,747,900,3,65
2026-01-27T05:00,Nordeste,924,1100,5,90
2026-01-27T05:00,Sudeste,1463,1600,4,75
2026-01-27T05:00,Sul,832,1000,2,55
2026-01-27T06:00,Norte,818,900,3,65
2026-01-27T06:00,Nordeste,990,1100,5,90
2026-01-27T06:00,Sudeste,1518,1600,4,75
2026-01-27T06:00,Sul,878,1000,2,55
2026-01-27T07:00,Norte,846,918,3,65
2026-01-27T07:00,Nordeste,988,1118,5,90
2026-01-27T07:00,Sudeste,1502,1618,4,75
2026-01-27T07:00,Sul,902,1018,2,55
2026-01-27T08:00,Norte,833,934,3,65
2026-01-27T08:00,Nordeste,1078,1134,5,90
2026-01-27T08:00,Sudeste,1583,1634,4,75
2026-01-27T08:00,Sul,931,1034,2,55
2026-01-27T09:00,Norte,855,949,3,65
2026-01-27T09:00,Nordeste,1062,1149,5,90
2026-01-27T09:00,Sudeste,1571,1649,4,75
2026-01-27T09:00,Sul,1000,1049,2,55
2026-01-27T10:00,Norte,946,960,3,65
2026-01-27T10:00,Nordeste,1124,1160,5,90
2026-01-27T10:00,Sudeste,1580,1660,4,75
2026-01-27T10:00,Sul,981,1060,2,55
2026-01-27T11:00,Norte,933,967,3,65
2026-01-27T11:00,Nordeste,1115,1167,5,90
2026-01-27T11:00,Sudeste,1644,1667,4,75
2026-01-27T11:00,Sul,1035,1067,2,55
2026-01-27T12:00,Norte,943,970,3,65
2026-01-27T12:00,Nordeste,1148,1170,5,90
2026-01-27T12:00,Sudeste,1632,1670,4,75
2026-01-27T12:00,Sul,1077,1070,2,55
2026-01-27T13:00,Norte,969,967,3,65
2026-01-27T13:00,Nordeste,1128,1167,5,90
2026-01-27T13:00,Sudeste,1668,1667,4,75
2026-01-27T13:00,Sul,1049,1067,2,55
2026-01-27T14:00,Norte,973,960,3,65
2026-01-27T14:00,Nordeste,1151,1160,5,90
2026-01-27T14:00,Sudeste,1653,1660,4,75
2026-01-27T14:00,Sul,1074,1060,2,55
2026-01-27T15:00,Norte,946,949,3,65
2026-01-27T15:00,Nordeste,1097,1149,5,90
2026-01-27T15:00,Sudeste,1664,1649,4,75
2026-01-27T15:00,Sul,1022,1049,2,55
2026-01-27T16:00,Norte,914,934,3,65
2026-01-27T16:00,Nordeste,1130,1134,5,90
2026-01-27T16:00,Sudeste,1600,1634,4,75
2026-01-27T16:00,Sul,1031,1034,2,55
2026-01-27T17:00,Norte,879,918,3,65
2026-01-27T17:00,Nordeste,1081,1118,5,90
2026-01-27T17:00,Sudeste,1617,1618,4,75
2026-01-27T17:00,Sul,976,1018,2,55
2026-01-27T18:00,Norte,833,900,3,65
2026-01-27T18:00,Nordeste,1042,1100,5,90
2026-01-27T18:00,Sudeste,1541,1600,4,75
2026-01-27T18:00,Sul,963,1000,2,55
2026-01-27T19:00,Norte,842,900,3,65
2026-01-27T19:00,Nordeste,1051,1100,5,90
2026-01-27T19:00,Sudeste,1485,1600,4,75
2026-01-27T19:00,Sul,944,1000,2,55
2026-01-27T20:00,Norte,801,900,3,65
2026-01-27T20:00,Nordeste,972,1100,5,90
2026-01-27T20:00,Sudeste,1487,1600,4,75
2026-01-27T20:00,Sul,905,1000,2,55
2026-01-27T21:00,Norte,788,900,3,65
2026-01-27T21:00,Nordeste,933,1100,5,90
2026-01-27T21:00,Sudeste,1455,1600,4,75
2026-01-27T21:00,Sul,886,1000,2,55
2026-01-27T22:00,Norte,763,900,3,65
2026-01-27T22:00,Nordeste,919,1100,5,90
2026-01-27T22:00,Sudeste,1413,1600,4,75
2026-01-27T22:00,Sul,812,1000,2,55
2026-01-27T23:00,Norte,689,900,3,65
2026-01-27T23:00,Nordeste,927,1100,5,90
2026-01-27T23:00,Sudeste,1379,1600,4,75
2026-01-27T23:00,Sul,796,1000,2,55
2026-01-28T00:00,Norte,687,900,3,65
2026-01-28T00:00,Nordeste,895,1100,5,90
2026-01-28T00:00,Sudeste,1421,1600,4,75
2026-01-28T00:00,Sul,792,1000,2,55
2026-01-28T01:00,Norte,664,900,3,65
2026-01-28T01:00,Nordeste,895,1100,5,90
2026-01-28T01:00,Sudeste,1423,1600,4,75
2026-01-28T01:00,Sul,791,1000,2,55
2026-01-28T02:00,Norte,713,900,3,65
2026-01-28T02:00,Nordeste,864,1100,5,90
2026-01-28T02:00,Sudeste,1415,1600,4,75
2026-01-28T02:00,Sul,798,1000,2,55
2026-01-28T03:00,Norte,684,900,3,65
2026-01-28T03:00,Nordeste,873,1100,5,90
2026-01-28T03:00,Sudeste,1411,1600,4,75
2026-01-28T03:00,Sul,820,1000,2,55
2026-01-28T04:00,Norte,756,900,3,65
2026-01-28T04:00,Nordeste,960,1100,5,90
2026-01-28T04:00,Sudeste,1462,1600,4,75
2026-01-28T04:00,Sul,849,1000,2,55
2026-01-28T05:00,Norte,751,900,3,65
2026-01-28T05:00,Nordeste,927,1100,5,90
2026-01-28T05:00,Sudeste,1489,1600,4,75
2026-01-28T05:00,Sul,855,1000,2,55
2026-01-28T06:00,Norte,774,900,3,65
2026-01-28T06:00,Nordeste,1000,1100,5,90
2026-01-28T06:00,Sudeste,1461,1600,4,75
2026-01-28T06:00,Sul,879,1000,2,55
2026-01-28T07:00,Norte,819,918,3,65
2026-01-28T07:00,Nordeste,1033,1118,5,90
2026-01-28T07:00,Sudeste,1545,1618,4,75
2026-01-28T07:00,Sul,948,1018,2,55
2026-01-28T08:00,Norte,865,934,3,65
2026-01-28T08:00,Nordeste,1054,1134,5,90
2026-01-28T08:00,Sudeste,1527,1634,4,75
2026-01-28T08:00,Sul,947,1034,2,55
2026-01-28T09:00,Norte,898,949,3,65
2026-01-28T09:00,Nordeste,1104,1149,5,90
2026-01-28T09:00,Sudeste,1607,1649,4,75
2026-01-28T09:00,Sul,979,1049,2,55
2026-01-28T10:00,Norte,885,960,3,65
2026-01-28T10:00,Nordeste,1110,1160,5,90
2026-01-28T10:00,Sudeste,1637,1660,4,75
2026-01-28T10:00,Sul,1039,1060,2,55
2026-01-28T11:00,Norte,928,967,3,65
2026-01-28T11:00,Nordeste,1156,1167,5,90
2026-01-28T11:00,Sudeste,1659,1667,4,75
2026-01-28T11:00,Sul,1056,1067,2,55
2026-01-28T12:00,Norte,912,970,3,65
2026-01-28T12:00,Nordeste,1125,1170,5,90
2026-01-28T12:00,Sudeste,1629,1670,4,75
2026-01-28T12:00,Sul,1063,1070,2,55
2026-01-28T13:00,Norte,965,967,3,65
2026-01-28T13:00,Nordeste,1150,1167,5,90
2026-01-28T13:00,Sudeste,1679,1667,4,75
2026-01-28T13:00,Sul,1027,1067,2,55
2026-01-28T14:00,Norte,916,960,3,65
2026-01-28T14:00,Nordeste,1178,1160,5,90
2026-01-28T14:00,Sudeste,1659,1660,4,75
2026-01-28T14:00,Sul,1054,1060,2,55
2026-01-28T15:00,Norte,913,949,3,65
2026-01-28T15:00,Nordeste,1164,1149,5,90
2026-01-28T15:00,Sudeste,1624,1649,4,75
2026-01-28T15:00,Sul,1009,1049,2,55
2026-01-28T16:00,Norte,876,934,3,65
2026-01-28T16:00,Nordeste,1094,1134,5,90
2026-01-28T16:00,Sudeste,1609,1634,4,75
2026-01-28T16:00,Sul,995,1034,2,55
2026-01-28T17:00,Norte,909,918,3,65
2026-01-28T17:00,Nordeste,1065,1118,5,90
2026-01-28T17:00,Sudeste,1571,1618,4,75
2026-01-28T17:00,Sul,1009,1018,2,55
2026-01-28T18:00,Norte,822,900,3,65
2026-01-28T18:00,Nordeste,1018,1100,5,90
2026-01-28T18:00,Sudeste,1526,1600,4,75
2026-01-28T18:00,Sul,930,1000,2,55
2026-01-28T19:00,Norte,836,900,3,65
2026-01-28T19:00,Nordeste,1048,1100,5,90
2026-01-28T19:00,Sudeste,1537,1600,4,75
2026-01-28T19:00,Sul,947,1000,2,55
2026-01-28T20:00,Norte,785,900,3,65
2026-01-28T20:00,Nordeste,995,1100,5,90
2026-01-28T20:00,Sudeste,1457,1600,4,75
2026-01-28T20:00,Sul,889,1000,2,55
2026-01-28T21:00,Norte,757,900,3,65
2026-01-28T21:00,Nordeste,938,1100,5,90
2026-01-28T21:00,Sudeste,1462,1600,4,75
2026-01-28T21:00,Sul,885,1000,2,55
2026-01-28T22:00,Norte,750,900,3,65
2026-01-28T22:00,Nordeste,920,1100,5,90
2026-01-28T22:00,Sudeste,1441,1600,4,75
2026-01-28T22:00,Sul,857,1000,2,55
2026-01-28T23:00,Norte,698,900,3,65
2026-01-28T23:00,Nordeste,927,1100,5,90
2026-01-28T23:00,Sudeste,1440,1600,4,75
2026-01-28T23:00,Sul,780,1000,2,55
2026-01-29T00:00,Norte,728,900,3,65
2026-01-29T00:00,Nordeste,860,1100,5,90
2026-01-29T00:00,Sudeste,1416,1600,4,75
2026-01-29T00:00,Sul,795,1000,2,55
2026-01-29T01:00,Norte,718,900,3,65
2026-01-29T01:00,Nordeste,890,1100,5,90
2026-01-29T01:00,Sudeste,1389,1600,4,75
2026-01-29T01:00,Sul,825,1000,2,55
2026-01-29T02:00,Norte,677,900,3,65
2026-01-29T02:00,Nordeste,923,1100,5,90
2026-01-29T02:00,Sudeste,1403,1600,4,75
2026-01-29T02:00,Sul,786,1000,2,55
2026-01-29T03:00,Norte,687,900,3,65
2026-01-29T03:00,Nordeste,874,1100,5,90
2026-01-29T03:00,Sudeste,1405,1600,4,75
2026-01-29T03:00,Sul,825,1000,2,55
2026-01-29T04:00,Norte,764,900,3,65
2026-01-29T04:00,Nordeste,920,1100,5,90
2026-01-29T04:00,Sudeste,1398,1600,4,75
2026-01-29T04:00,Sul,819,1000,2,55
2026-01-29T05:00,Norte,756,900,3,65
2026-01-29T05:00,Nordeste,950,1100,5,90
2026-01-29T05:00,Sudeste,1442,1600,4,75
2026-01-29T05:00,Sul,848,1000,2,55
2026-01-29T06:00,Norte,790,900,3,65
2026-01-29T06:00,Nordeste,1014,1100,5,90
2026-01-29T06:00,Sudeste,1504,1600,4,75
2026-01-29T06:00,Sul,864,1000,2,55
2026-01-29T07:00,Norte,854,918,3,65
2026-01-29T07:00,Nordeste,1001,1118,5,90
2026-01-29T07:00,Sudeste,1513,1618,4,75
2026-01-29T07:00,Sul,890,1018,2,55
2026-01-29T08:00,Norte,879,934,3,65
2026-01-29T08:00,Nordeste,1054,1134,5,90
2026-01-29T08:00,Sudeste,1548,1634,4,75
2026-01-29T08:00,Sul,955,1034,2,55
2026-01-29T09:00,Norte,915,949,3,65
2026-01-29T09:00,Nordeste,1058,1149,5,90
2026-01-29T09:00,Sudeste,1579,1649,4,75
2026-01-29T09:00,Sul,1007,1049,2,55
2026-01-29T10:00,Norte,920,960,3,65
2026-01-29T10:00,Nordeste,1077,1160,5,90
2026-01-29T10:00,Sudeste,1576,1660,4,75
2026-01-29T10:00,Sul,1045,1060,2,55
2026-01-29T11:00,Norte,934,967,3,65
2026-01-29T11:00,Nordeste,1150,1167,5,90
2026-01-29T11:00,Sudeste,1632,1667,4,75
2026-01-29T11:00,Sul,1048,1067,2,55
2026-01-29T12:00,Norte,942,970,3,65
2026-01-29T12:00,Nordeste,1151,1170,5,90
2026-01-29T12:00,Sudeste,1620,1670,4,75
2026-01-29T12:00,Sul,1074,1070,2,55
2026-01-29T13:00,Norte,929,967,3,65
2026-01-29T13:00,Nordeste,1167,1167,5,90
2026-01-29T13:00,Sudeste,1625,1667,4,75
2026-01-29T13:00,Sul,1023,1067,2,55
2026-01-29T14:00,Norte,928,960,3,65
2026-01-29T14:00,Nordeste,1140,1160,5,90
2026-01-29T14:00,Sudeste,1680,1660,4,75
2026-01-29T14:00,Sul,1075,1060,2,55
2026-01-29T15:00,Norte,922,949,3,65
2026-01-29T15:00,Nordeste,1148,1149,5,90
2026-01-29T15:00,Sudeste,1659,1649,4,75
2026-01-29T15:00,Sul,1010,1049,2,55
2026-01-29T16:00,Norte,886,934,3,65
2026-01-29T16:00,Nordeste,1098,1134,5,90
2026-01-29T16:00,Sudeste,1635,1634,4,75
2026-01-29T16:00,Sul,976,1034,2,55
2026-01-29T17:00,Norte,885,918,3,65
2026-01-29T17:00,Nordeste,1091,1118,5,90
2026-01-29T17:00,Sudeste,1571,1618,4,75
2026-01-29T17:00,Sul,954,1018,2,55
2026-01-29T18:00,Norte,888,900,3,65
2026-01-29T18:00,Nordeste,1035,1100,5,90
2026-01-29T18:00,Sudeste,1528,1600,4,75
2026-01-29T18:00,Sul,959,1000,2,55
2026-01-29T19:00,Norte,805,900,3,65
2026-01-29T19:00,Nordeste,1026,1100,5,90
2026-01-29T19:00,Sudeste,1518,1600,4,75
2026-01-29T19:00,Sul,887,1000,2,55
2026-01-29T20:00,Norte,767,900,3,65
2026-01-29T20:00,Nordeste,990,1100,5,90
2026-01-29T20:00,Sudeste,1511,1600,4,75
2026-01-29T20:00,Sul,884,1000,2,55
2026-01-29T21:00,Norte,774,900,3,65
2026-01-29T21:00,Nordeste,989,1100,5,90
2026-01-29T21:00,Sudeste,1481,1600,4,75
2026-01-29T21:00,Sul,823,1000,2,55
2026-01-29T22:00,Norte,719,900,3,65
2026-01-29T22:00,Nordeste,900,1100,5,90
2026-01-29T22:00,Sudeste,1441,1600,4,75
2026-01-29T22:00,Sul,864,1000,2,55
2026-01-29T23:00,Norte,695,900,3,65
2026-01-29T23:00,Nordeste,925,1100,5,90
2026-01-29T23:00,Sudeste,1375,1600,4,75
2026-01-29T23:00,Sul,795,1000,2,55
2026-01-30T00:00,Norte,728,900,3,65
2026-01-30T00:00,Nordeste,892,1100,5,90
2026-01-30T00:00,Sudeste,1423,1600,4,75
2026-01-30T00:00,Sul,775,1000,2,55
2026-01-30T01:00,Norte,702,900,3,65
2026-01-30T01:00,Nordeste,918,1100,5,90
2026-01-30T01:00,Sudeste,1419,1600,4,75
2026-01-30T01:00,Sul,817,1000,2,55
2026-01-30T02:00,Norte,704,900,3,65
2026-01-30T02:00,Nordeste,901,1100,5,90
2026-01-30T02:00,Sudeste,1392,1600,4,75
2026-01-30T02:00,Sul,769,1000,2,55
2026-01-30T03:00,Norte,739,900,3,65
2026-01-30T03:00,Nordeste,938,1100,5,90
2026-01-30T03:00,Sudeste,1442,1600,4,75
2026-01-30T03:00,Sul,803,1000,2,55
2026-01-30T04:00,Norte,723,900,3,65
2026-01-30T04:00,Nordeste,926,1100,5,90
2026-01-30T04:00,Sudeste,1425,1600,4,75
2026-01-30T04:00,Sul,829,1000,2,55
2026-01-30T05:00,Norte,761,900,3,65
2026-01-30T05:00,Nordeste,929,1100,5,90
2026-01-30T05:00,Sudeste,1441,1600,4,75
2026-01-30T05:00,Sul,852,1000,2,55
2026-01-30T06:00,Norte,800,900,3,65
2026-01-30T06:00,Nordeste,972,1100,5,90
2026-01-30T06:00,Sudeste,1460,1600,4,75
2026-01-30T06:00,Sul,922,1000,2,55
2026-01-30T07:00,Norte,828,918,3,65
2026-01-30T07:00,Nordeste,1055,1118,5,90
2026-01-30T07:00,Sudeste,1492,1618,4,75
2026-01-30T07:00,Sul,949,1018,2,55
2026-01-30T08:00,Norte,840,934,3,65
2026-01-30T08:00,Nordeste,1051,1134,5,90
2026-01-30T08:00,Sudeste,1525,1634,4,75
2026-01-30T08:00,Sul,937,1034,2,55
2026-01-30T09:00,Norte,855,949,3,65
2026-01-30T09:00,Nordeste,1115,1149,5,90
2026-01-30T09:00,Sudeste,1570,1649,4,75
2026-01-30T09:00,Sul,981,1049,2,55
2026-01-30T10:00,Norte,905,960,3,65
2026-01-30T10:00,Nordeste,1108,1160,5,90
2026-01-30T10:00,Sudeste,1607,1660,4,75
2026-01-30T10:00,Sul,987,1060,2,55
2026-01-30T11:00,Norte,936,967,3,65
2026-01-30T11:00,Nordeste,1140,1167,5,90
2026-01-30T11:00,Sudeste,1618,1667,4,75
2026-01-30T11:00,Sul,1013,1067,2,55
2026-01-30T12:00,Norte,942,970,3,65
2026-01-30T12:00,Nordeste,1135,1170,5,90
2026-01-30T12:00,Sudeste,1634,1670,4,75
2026-01-30T12:00,Sul,1031,1070,2,55
2026-01-30T13:00,Norte,975,967,3,65
2026-01-30T13:00,Nordeste,1117,1167,5,90
2026-01-30T13:00,Sudeste,1669,1667,4,75
2026-01-30T13:00,Sul,1038,1067,2,55
2026-01-30T14:00,Norte,928,960,3,65
2026-01-30T14:00,Nordeste,1144,1160,5,90
2026-01-30T14:00,Sudeste,1673,1660,4,75
2026-01-30T14:00,Sul,1047,1060,2,55
2026-01-30T15:00,Norte,909,949,3,65
2026-01-30T15:00,Nordeste,1159,1149,5,90
2026-01-30T15:00,Sudeste,1630,1649,4,75
2026-01-30T15:00,Sul,1049,1049,2,55
2026-01-30T16:00,Norte,922,934,3,65
2026-01-30T16:00,Nordeste,1096,1134,5,90
2026-01-30T16:00,Sudeste,1615,1634,4,75
2026-01-30T16:00,Sul,1038,1034,2,55
2026-01-30T17:00,Norte,849,918,3,65
2026-01-30T17:00,Nordeste,1060,1118,5,90
2026-01-30T17:00,Sudeste,1578,1618,4,75
2026-01-30T17:00,Sul,980,1018,2,55
2026-01-30T18:00,Norte,847,900,3,65
2026-01-30T18:00,Nordeste,1048,1100,5,90
2026-01-30T18:00,Sudeste,1560,1600,4,75
2026-01-30T18:00,Sul,942,1000,2,55
2026-01-30T19:00,Norte,818,900,3,65
2026-01-30T19:00,Nordeste,1043,1100,5,90
2026-01-30T19:00,Sudeste,1524,1600,4,75
2026-01-30T19:00,Sul,926,1000,2,55
2026-01-30T20:00,Norte,765,900,3,65
2026-01-30T20:00,Nordeste,977,1100,5,90
2026-01-30T20:00,Sudeste,1497,1600,4,75
2026-01-30T20:00,Sul,863,1000,2,55
2026-01-30T21:00,Norte,730,900,3,65
2026-01-30T21:00,Nordeste,954,1100,5,90
2026-01-30T21:00,Sudeste,1488,1600,4,75
2026-01-30T21:00,Sul,868,1000,2,55
2026-01-30T22:00,Norte,714,900,3,65
2026-01-30T22:00,Nordeste,950,1100,5,90
2026-01-30T22:00,Sudeste,1445,1600,4,75
2026-01-30T22:00,Sul,843,1000,2,55
2026-01-30T23:00,Norte,732,900,3,65
2026-01-30T23:00,Nordeste,941,1100,5,90
2026-01-30T23:00,Sudeste,1385,1600,4,75
2026-01-30T23:00,Sul,826,1000,2,55
2026-01-31T00:00,Norte,724,900,3,65
2026-01-31T00:00,Nordeste,863,1100,5,90
2026-01-31T00:00,Sudeste,1384,1600,4,75
2026-01-31T00:00,Sul,810,1000,2,55
2026-01-31T01:00,Norte,685,900,3,65
2026-01-31T01:00,Nordeste,890,1100,5,90
2026-01-31T01:00,Sudeste,1395,1600,4,75
2026-01-31T01:00,Sul,803,1000,2,55
2026-01-31T02:00,Norte,710,900,3,65
2026-01-31T02:00,Nordeste,867,1100,5,90
2026-01-31T02:00,Sudeste,1425,1600,4,75
2026-01-31T02:00,Sul,829,1000,2,55
2026-01-31T03:00,Norte,682,900,3,65
2026-01-31T03:00,Nordeste,882,1100,5,90
2026-01-31T03:00,Sudeste,1416,1600,4,75
2026-01-31T03:00,Sul,778,1000,2,55
2026-01-31T04:00,Norte,709,900,3,65
2026-01-31T04:00,Nordeste,940,1100,5,90
2026-01-31T04:00,Sudeste,1454,1600,4,75
2026-01-31T04:00,Sul,799,1000,2,55
2026-01-31T05:00,Norte,759,900,3,65
2026-01-31T05:00,Nordeste,939,1100,5,90
2026-01-31T05:00,Sudeste,1460,1600,4,75
2026-01-31T05:00,Sul,885,1000,2,55
2026-01-31T06:00,Norte,792,900,3,65
2026-01-31T06:00,Nordeste,998,1100,5,90
2026-01-31T06:00,Sudeste,1455,1600,4,75
2026-01-31T06:00,Sul,888,1000,2,55
2026-01-31T07:00,Norte,822,918,3,65
2026-01-31T07:00,Nordeste,1044,1118,5,90
2026-01-31T07:00,Sudeste,1508,1618,4,75
2026-01-31T07:00,Sul,926,1018,2,55
2026-01-31T08:00,Norte,840,934,3,65
2026-01-31T08:00,Nordeste,1024,1134,5,90
2026-01-31T08:00,Sudeste,1549,1634,4,75
2026-01-31T08:00,Sul,974,1034,2,55
2026-01-31T09:00,Norte,918,949,3,65
2026-01-31T09:00,Nordeste,1116,1149,5,90
2026-01-31T09:00,Sudeste,1571,1649,4,75
2026-01-31T09:00,Sul,964,1049,2,55
2026-01-31T10:00,Norte,905,960,3,65
2026-01-31T10:00,Nordeste,1115,1160,5,90
2026-01-31T10:00,Sudeste,1604,1660,4,75
2026-01-31T10:00,Sul,998,1060,2,55
2026-01-31T11:00,Norte,897,967,3,65
2026-01-31T11:00,Nordeste,1099,1167,5,90
2026-01-31T11:00,Sudeste,1665,1667,4,75
2026-01-31T11:00,Sul,1039,1067,2,55
2026-01-31T12:00,Norte,945,970,3,65
2026-01-31T12:00,Nordeste,1127,1170,5,90
2026-01-31T12:00,Sudeste,1616,1670,4,75
2026-01-31T12:00,Sul,1079,1070,2,55
2026-01-31T13:00,Norte,953,967,3,65
2026-01-31T13:00,Nordeste,1120,1167,5,90
2026-01-31T13:00,Sudeste,1673,1667,4,75
2026-01-31T13:00,Sul,1067,1067,2,55
2026-01-31T14:00,Norte,976,960,3,65
2026-01-31T14:00,Nordeste,1124,1160,5,90
2026-01-31T14:00,Sudeste,1658,1660,4,75
2026-01-31T14:00,Sul,1044,1060,2,55
2026-01-31T15:00,Norte,959,949,3,65
2026-01-31T15:00,Nordeste,1136,1149,5,90
2026-01-31T15:00,Sudeste,1625,1649,4,75
2026-01-31T15:00,Sul,1019,1049,2,55
2026-01-31T16:00,Norte,908,934,3,65
2026-01-31T16:00,Nordeste,1135,1134,5,90
2026-01-31T16:00,Sudeste,1597,1634,4,75
2026-01-31T16:00,Sul,979,1034,2,55
2026-01-31T17:00,Norte,849,918,3,65
2026-01-31T17:00,Nordeste,1059,1118,5,90
2026-01-31T17:00,Sudeste,1615,1618,4,75
2026-01-31T17:00,Sul,1005,1018,2,55
2026-01-31T18:00,Norte,831,900,3,65
2026-01-31T18:00,Nordeste,1049,1100,5,90
2026-01-31T18:00,Sudeste,1525,1600,4,75
2026-01-31T18:00,Sul,945,1000,2,55
2026-01-31T19:00,Norte,833,900,3,65
2026-01-31T19:00,Nordeste,1004,1100,5,90
2026-01-31T19:00,Sudeste,1511,1600,4,75
2026-01-31T19:00,Sul,914,1000,2,55
2026-01-31T20:00,Norte,802,900,3,65
2026-01-31T20:00,Nordeste,968,1100,5,90
2026-01-31T20:00,Sudeste,1464,1600,4,75
2026-01-31T20:00,Sul,863,1000,2,55
2026-01-31T21:00,Norte,732,900,3,65
2026-01-31T21:00,Nordeste,979,1100,5,90
2026-01-31T21:00,Sudeste,1431,1600,4,75
2026-01-31T21:00,Sul,878,1000,2,55
2026-01-31T22:00,Norte,700,900,3,65
2026-01-31T22:00,Nordeste,961,1100,5,90
2026-01-31T22:00,Sudeste,1443,1600,4,75
2026-01-31T22:00,Sul,796,1000,2,55
2026-01-31T23:00,Norte,686,900,3,65
2026-01-31T23:00,Nordeste,879,1100,5,90
2026-01-31T23:00,Sudeste,1387,1600,4,75
2026-01-31T23:00,Sul,841,1000,2,55
2026-02-01T00:00,Norte,730,900,3,65
2026-02-01T00:00,Nordeste,882,1100,5,90
2026-02-01T00:00,Sudeste,1401,1600,4,75
2026-02-01T00:00,Sul,788,1000,2,55
2026-02-01T01:00,Norte,722,900,3,65
2026-02-01T01:00,Nordeste,913,1100,5,90
2026-02-01T01:00,Sudeste,1406,1600,4,75
2026-02-01T01:00,Sul,765,1000,2,55
2026-02-01T02:00,Norte,679,900,3,65
2026-02-01T02:00,Nordeste,914,1100,5,90
2026-02-01T02:00,Sudeste,1417,1600,4,75
2026-02-01T02:00,Sul,798,1000,2,55
2026-02-01T03:00,Norte,684,900,3,65
2026-02-01T03:00,Nordeste,940,1100,5,90
2026-02-01T03:00,Sudeste,1404,1600,4,75
2026-02-01T03:00,Sul,800,1000,2,55
2026-02-01T04:00,Norte,714,900,3,65
2026-02-01T04:00,Nordeste,908,1100,5,90
2026-02-01T04:00,Sudeste,1431,1600,4,75
2026-02-01T04:00,Sul,812,1000,2,55
2026-02-01T05:00,Norte,775,900,3,65
2026-02-01T05:00,Nordeste,945,1100,5,90
2026-02-01T05:00,Sudeste,1478,1600,4,75
2026-02-01T05:00,Sul,861,1000,2,55
2026-02-01T06:00,Norte,822,900,3,65
2026-02-01T06:00,Nordeste,954,1100,5,90
2026-02-01T06:00,Sudeste,1482,1600,4,75
2026-02-01T06:00,Sul,853,1000,2,55
2026-02-01T07:00,Norte,853,918,3,65
2026-02-01T07:00,Nordeste,999,1118,5,90
2026-02-01T07:00,Sudeste,1505,1618,4,75
2026-02-01T07:00,Sul,950,1018,2,55
2026-02-01T08:00,Norte,840,934,3,65
2026-02-01T08:00,Nordeste,1063,1134,5,90
2026-02-01T08:00,Sudeste,1578,1634,4,75
2026-02-01T08:00,Sul,938,1034,2,55
2026-02-01T09:00,Norte,863,949,3,65
2026-02-01T09:00,Nordeste,1067,1149,5,90
2026-02-01T09:00,Sudeste,1575,1649,4,75
2026-02-01T09:00,Sul,954,1049,2,55
2026-02-01T10:00,Norte,886,960,3,65
2026-02-01T10:00,Nordeste,1118,1160,5,90
2026-02-01T10:00,Sudeste,1620,1660,4,75
2026-02-01T10:00,Sul,987,1060,2,55
2026-02-01T11:00,Norte,923,967,3,65
2026-02-01T11:00,Nordeste,1104,1167,5,90
2026-02-01T11:00,Sudeste,1646,1667,4,75
2026-02-01T11:00,Sul,1018,1067,2,55
2026-02-01T12:00,Norte,955,970,3,65
2026-02-01T12:00,Nordeste,1157,1170,5,90
2026-02-01T12:00,Sudeste,1674,1670,4,75
2026-02-01T12:00,Sul,1060,1070,2,55
2026-02-01T13:00,Norte,954,967,3,65
2026-02-01T13:00,Nordeste,1118,1167,5,90
2026-02-01T13:00,Sudeste,1621,1667,4,75
2026-02-01T13:00,Sul,1073,1067,2,55
2026-02-01T14:00,Norte,977,960,3,65
2026-02-01T14:00,Nordeste,1145,1160,5,90
2026-02-01T14:00,Sudeste,1651,1660,4,75
2026-02-01T14:00,Sul,1061,1060,2,55
2026-02-01T15:00,Norte,910,949,3,65
2026-02-01T15:00,Nordeste,1151,1149,5,90
2026-02-01T15:00,Sudeste,1597,1649,4,75
2026-02-01T15:00,Sul,1015,1049,2,55
2026-02-01T16:00,Norte,894,934,3,65
2026-02-01T16:00,Nordeste,1114,1134,5,90
2026-02-01T16:00,Sudeste,1616,1634,4,75
2026-02-01T16:00,Sul,1040,1034,2,55
2026-02-01T17:00,Norte,881,918,3,65
2026-02-01T17:00,Nordeste,1082,1118,5,90
2026-02-01T17:00,Sudeste,1559,1618,4,75
2026-02-01T17:00,Sul,958,1018,2,55
2026-02-01T18:00,Norte,870,900,3,65
2026-02-01T18:00,Nordeste,1077,1100,5,90
2026-02-01T18:00,Sudeste,1556,1600,4,75
2026-02-01T18:00,Sul,985,1000,2,55
2026-02-01T19:00,Norte,800,900,3,65
2026-02-01T19:00,Nordeste,1042,1100,5,90
2026-02-01T19:00,Sudeste,1546,1600,4,75
2026-02-01T19:00,Sul,917,1000,2,55
2026-02-01T20:00,Norte,807,900,3,65
2026-02-01T20:00,Nordeste,1015,1100,5,90
2026-02-01T20:00,Sudeste,1471,1600,4,75
2026-02-01T20:00,Sul,882,1000,2,55
2026-02-01T21:00,Norte,790,900,3,65
2026-02-01T21:00,Nordeste,959,1100,5,90
2026-02-01T21:00,Sudeste,1429,1600,4,75
2026-02-01T21:00,Sul,828,1000,2,55
2026-02-01T22:00,Norte,742,900,3,65
2026-02-01T22:00,Nordeste,918,1100,5,90
2026-02-01T22:00,Sudeste,1410,1600,4,75
2026-02-01T22:00,Sul,795,1000,2,55
2026-02-01T23:00,Norte,706,900,3,65
2026-02-01T23:00,Nordeste,894,1100,5,90
2026-02-01T23:00,Sudeste,1386,1600,4,75
2026-02-01T23:00,Sul,798,1000,2,55
2026-02-02T00:00,Norte,721,900,3,65
2026-02-02T00:00,Nordeste,914,1100,5,90
2026-02-02T00:00,Sudeste,1360,1600,4,75
2026-02-02T00:00,Sul,768,1000,2,55
2026-02-02T01:00,Norte,661,900,3,65
2026-02-02T01:00,Nordeste,916,1100,5,90
2026-02-02T01:00,Sudeste,1361,1600,4,75
2026-02-02T01:00,Sul,772,1000,2,55
2026-02-02T02:00,Norte,714,900,3,65
2026-02-02T02:00,Nordeste,871,1100,5,90
2026-02-02T02:00,Sudeste,1363,1600,4,75
2026-02-02T02:00,Sul,823,1000,2,55
2026-02-02T03:00,Norte,737,900,3,65
2026-02-02T03:00,Nordeste,937,1100,5,90
2026-02-02T03:00,Sudeste,1381,1600,4,75
2026-02-02T03:00,Sul,836,1000,2,55
2026-02-02T04:00,Norte,724,900,3,65
2026-02-02T04:00,Nordeste,906,1100,5,90
2026-02-02T04:00,Sudeste,1416,1600,4,75
2026-02-02T04:00,Sul,827,1000,2,55
2026-02-02T05:00,Norte,722,900,3,65
2026-02-02T05:00,Nordeste,985,1100,5,90
2026-02-02T05:00,Sudeste,1461,1600,4,75
2026-02-02T05:00,Sul,888,1000,2,55
2026-02-02T06:00,Norte,792,900,3,65
2026-02-02T06:00,Nordeste,976,1100,5,90
2026-02-02T06:00,Sudeste,1469,1600,4,75
2026-02-02T06:00,Sul,901,1000,2,55
2026-02-02T07:00,Norte,794,918,3,65
2026-02-02T07:00,Nordeste,1015,1118,5,90
2026-02-02T07:00,Sudeste,1554,1618,4,75
2026-02-02T07:00,Sul,915,1018,2,55
2026-02-02T08:00,Norte,833,934,3,65
2026-02-02T08:00,Nordeste,1080,1134,5,90
2026-02-02T08:00,Sudeste,1548,1634,4,75
2026-02-02T08:00,Sul,978,1034,2,55
2026-02-02T09:00,Norte,863,949,3,65
2026-02-02T09:00,Nordeste,1115,1149,5,90
2026-02-02T09:00,Sudeste,1563,1649,4,75
2026-02-02T09:00,Sul,994,1049,2,55
2026-02-02T10:00,Norte,923,960,3,65
2026-02-02T10:00,Nordeste,1133,1160,5,90
2026-02-02T10:00,Sudeste,1629,1660,4,75
2026-02-02T10:00,Sul,996,1060,2,55
2026-02-02T11:00,Norte,927,967,3,65
2026-02-02T11:00,Nordeste,1164,1167,5,90
2026-02-02T11:00,Sudeste,1622,1667,4,75
2026-02-02T11:00,Sul,1022,1067,2,55
2026-02-02T12:00,Norte,919,970,3,65
2026-02-02T12:00,Nordeste,1139,1170,5,90
2026-02-02T12:00,Sudeste,1647,1670,4,75
2026-02-02T12:00,Sul,1061,1070,2,55
2026-02-02T13:00,Norte,926,967,3,65
2026-02-02T13:00,Nordeste,1180,1167,5,90
2026-02-02T13:00,Sudeste,1675,1667,4,75
2026-02-02T13:00,Sul,1023,1067,2,55
2026-02-02T14:00,Norte,926,960,3,65
2026-02-02T14:00,Nordeste,1126,1160,5,90
2026-02-02T14:00,Sudeste,1664,1660,4,75
2026-02-02T14:00,Sul,1027,1060,2,55
2026-02-02T15:00,Norte,955,949,3,65
2026-02-02T15:00,Nordeste,1101,1149,5,90
2026-02-02T15:00,Sudeste,1622,1649,4,75
2026-02-02T15:00,Sul,1023,1049,2,55
2026-02-02T16:00,Norte,928,934,3,65
2026-02-02T16:00,Nordeste,1092,1134,5,90
2026-02-02T16:00,Sudeste,1589,1634,4,75
2026-02-02T16:00,Sul,1021,1034,2,55
2026-02-02T17:00,Norte,888,918,3,65
2026-02-02T17:00,Nordeste,1080,1118,5,90
2026-02-02T17:00,Sudeste,1619,1618,4,75
2026-02-02T17:00,Sul,949,1018,2,55
2026-02-02T18:00,Norte,821,900,3,65
2026-02-02T18:00,Nordeste,1054,1100,5,90
2026-02-02T18:00,Sudeste,1558,1600,4,75
2026-02-02T18:00,Sul,937,1000,2,55
2026-02-02T19:00,Norte,833,900,3,65
2026-02-02T19:00,Nordeste,999,1100,5,90
2026-02-02T19:00,Sudeste,1499,1600,4,75
2026-02-02T19:00,Sul,893,1000,2,55
2026-02-02T20:00,Norte,788,900,3,65
2026-02-02T20:00,Nordeste,963,1100,5,90
2026-02-02T20:00,Sudeste,1503,1600,4,75
2026-02-02T20:00,Sul,899,1000,2,55
2026-02-02T21:00,Norte,770,900,3,65
2026-02-02T21:00,Nordeste,985,1100,5,90
2026-02-02T21:00,Sudeste,1481,1600,4,75
2026-02-02T21:00,Sul,847,1000,2,55
2026-02-02T22:00,Norte,735,900,3,65
2026-02-02T22:00,Nordeste,916,1100,5,90
2026-02-02T22:00,Sudeste,1425,1600,4,75
2026-02-02T22:00,Sul,854,1000,2,55
2026-02-02T23:00,Norte,712,900,3,65
2026-02-02T23:00,Nordeste,877,1100,5,90
2026-02-02T23:00,Sudeste,1441,1600,4,75
2026-02-02T23:00,Sul,792,1000,2,55
2026-02-03T00:00,Norte,689,900,3,65
2026-02-03T00:00,Nordeste,895,1100,5,90
2026-02-03T00:00,Sudeste,1392,1600,4,75
2026-02-03T00:00,Sul,818,1000,2,55
2026-02-03T01:00,Norte,694,900,3,65
2026-02-03T01:00,Nordeste,914,1100,5,90
2026-02-03T01:00,Sudeste,1422,1600,4,75
2026-02-03T01:00,Sul,786,1000,2,55
2026-02-03T02:00,Norte,714,900,3,65
2026-02-03T02:00,Nordeste,901,1100,5,90
2026-02-03T02:00,Sudeste,1364,1600,4,75
2026-02-03T02:00,Sul,789,1000,2,55
2026-02-03T03:00,Norte,713,900,3,65
2026-02-03T03:00,Nordeste,886,1100,5,90
2026-02-03T03:00,Sudeste,1373,1600,4,75
2026-02-03T03:00,Sul,812,1000,2,55
2026-02-03T04:00,Norte,697,900,3,65
2026-02-03T04:00,Nordeste,923,1100,5,90
2026-02-03T04:00,Sudeste,1417,1600,4,75
2026-02-03T04:00,Sul,797,1000,2,55
2026-02-03T05:00,Norte,730,900,3,65
2026-02-03T05:00,Nordeste,951,1100,5,90
2026-02-03T05:00,Sudeste,1423,1600,4,75
2026-02-03T05:00,Sul,874,1000,2,55
2026-02-03T06:00,Norte,822,900,3,65
2026-02-03T06:00,Nordeste,995,1100,5,90
2026-02-03T06:00,Sudeste,1519,1600,4,75
2026-02-03T06:00,Sul,869,1000,2,55
2026-02-03T07:00,Norte,809,918,3,65
2026-02-03T07:00,Nordeste,993,1118,5,90
2026-02-03T07:00,Sudeste,1545,1618,4,75
2026-02-03T07:00,Sul,893,1018,2,55
2026-02-03T08:00,Norte,882,934,3,65
2026-02-03T08:00,Nordeste,1027,1134,5,90
2026-02-03T08:00,Sudeste,1549,1634,4,75
2026-02-03T08:00,Sul,929,1034,2,55
2026-02-03T09:00,Norte,914,949,3,65
2026-02-03T09:00,Nordeste,1093,1149,5,90
2026-02-03T09:00,Sudeste,1611,1649,4,75
2026-02-03T09:00,Sul,963,1049,2,55
2026-02-03T10:00,Norte,905,960,3,65
2026-02-03T10:00,Nordeste,1078,1160,5,90
2026-02-03T10:00,Sudeste,1627,1660,4,75
2026-02-03T10:00,Sul,1040,1060,2,55
2026-02-03T11:00,Norte,900,967,3,65
2026-02-03T11:00,Nordeste,1103,1167,5,90
2026-02-03T11:00,Sudeste,1617,1667,4,75
2026-02-03T11:00,Sul,1056,1067,2,55
2026-02-03T12:00,Norte,937,970,3,65
2026-02-03T12:00,Nordeste,1170,1170,5,90
2026-02-03T12:00,Sudeste,1650,1670,4,75
2026-02-03T12:00,Sul,1034,1070,2,55
2026-02-03T13:00,Norte,976,967,3,65
2026-02-03T13:00,Nordeste,1139,1167,5,90
2026-02-03T13:00,Sudeste,1672,1667,4,75
2026-02-03T13:00,Sul,1030,1067,2,55
2026-02-03T14:00,Norte,969,960,3,65
2026-02-03T14:00,Nordeste,1124,1160,5,90
2026-02-03T14:00,Sudeste,1680,1660,4,75
2026-02-03T14:00,Sul,1017,1060,2,55
2026-02-03T15:00,Norte,908,949,3,65
2026-02-03T15:00,Nordeste,1110,1149,5,90
2026-02-03T15:00,Sudeste,1665,1649,4,75
2026-02-03T15:00,Sul,1053,1049,2,55
2026-02-03T16:00,Norte,932,934,3,65
2026-02-03T16:00,Nordeste,1104,1134,5,90
2026-02-03T16:00,Sudeste,1606,1634,4,75
2026-02-03T16:00,Sul,1032,1034,2,55
2026-02-03T17:00,Norte,888,918,3,65
2026-02-03T17:00,Nordeste,1067,1118,5,90
2026-02-03T17:00,Sudeste,1593,1618,4,75
2026-02-03T17:00,Sul,972,1018,2,55
2026-02-03T18:00,Norte,821,900,3,65
2026-02-03T18:00,Nordeste,1023,1100,5,90
2026-02-03T18:00,Sudeste,1518,1600,4,75
2026-02-03T18:00,Sul,969,1000,2,55
2026-02-03T19:00,Norte,835,900,3,65
2026-02-03T19:00,Nordeste,998,1100,5,90
2026-02-03T19:00,Sudeste,1513,1600,4,75
2026-02-03T19:00,Sul,944,1000,2,55
2026-02-03T20:00,Norte,821,900,3,65
2026-02-03T20:00,Nordeste,958,1100,5,90
2026-02-03T20:00,Sudeste,1493,1600,4,75
2026-02-03T20:00,Sul,863,1000,2,55
2026-02-03T21:00,Norte,724,900,3,65
2026-02-03T21:00,Nordeste,947,1100,5,90
2026-02-03T21:00,Sudeste,1451,1600,4,75
2026-02-03T21:00,Sul,878,1000,2,55
2026-02-03T22:00,Norte,702,900,3,65
2026-02-03T22:00,Nordeste,903,1100,5,90
2026-02-03T22:00,Sudeste,1451,1600,4,75
2026-02-03T22:00,Sul,800,1000,2,55
2026-02-03T23:00,Norte,721,900,3,65
2026-02-03T23:00,Nordeste,918,1100,5,90
2026-02-03T23:00,Sudeste,1431,1600,4,75
2026-02-03T23:00,Sul,841,1000,2,55
2026-02-04T00:00,Norte,726,900,3,65
2026-02-04T00:00,Nordeste,913,1100,5,90
2026-02-04T00:00,Sudeste,1415,1600,4,75
2026-02-04T00:00,Sul,785,1000,2,55
2026-02-04T01:00,Norte,673,900,3,65
2026-02-04T01:00,Nordeste,911,1100,5,90
2026-02-04T01:00,Sudeste,1364,1600,4,75
2026-02-04T01:00,Sul,817,1000,2,55
2026-02-04T02:00,Norte,683,900,3,65
2026-02-04T02:00,Nordeste,919,1100,5,90
2026-02-04T02:00,Sudeste,1424,1600,4,75
2026-02-04T02:00,Sul,773,1000,2,55
2026-02-04T03:00,Norte,726,900,3,65
2026-02-04T03:00,Nordeste,909,1100,5,90
2026-02-04T03:00,Sudeste,1409,1600,4,75
2026-02-04T03:00,Sul,842,1000,2,55
2026-02-04T04:00,Norte,733,900,3,65
2026-02-04T04:00,Nordeste,955,1100,5,90
2026-02-04T04:00,Sudeste,1464,1600,4,75
2026-02-04T04:00,Sul,853,1000,2,55
2026-02-04T05:00,Norte,724,900,3,65
2026-02-04T05:00,Nordeste,926,1100,5,90
2026-02-04T05:00,Sudeste,1474,1600,4,75
2026-02-04T05:00,Sul,836,1000,2,55
2026-02-04T06:00,Norte,814,900,3,65
2026-02-04T06:00,Nordeste,970,1100,5,90
2026-02-04T06:00,Sudeste,1505,1600,4,75
2026-02-04T06:00,Sul,895,1000,2,55
2026-02-04T07:00,Norte,806,918,3,65
2026-02-04T07:00,Nordeste,1000,1118,5,90
2026-02-04T07:00,Sudeste,1508,1618,4,75
2026-02-04T07:00,Sul,938,1018,2,55
2026-02-04T08:00,Norte,860,934,3,65
2026-02-04T08:00,Nordeste,1049,1134,5,90
2026-02-04T08:00,Sudeste,1556,1634,4,75
2026-02-04T08:00,Sul,960,1034,2,55
2026-02-04T09:00,Norte,852,949,3,65
2026-02-04T09:00,Nordeste,1098,1149,5,90
2026-02-04T09:00,Sudeste,1555,1649,4,75
2026-02-04T09:00,Sul,993,1049,2,55
2026-02-04T10:00,Norte,895,960,3,65
2026-02-04T10:00,Nordeste,1129,1160,5,90
2026-02-04T10:00,Sudeste,1579,1660,4,75
2026-02-04T10:00,Sul,1043,1060,2,55
2026-02-04T11:00,Norte,943,967,3,65
2026-02-04T11:00,Nordeste,1157,1167,5,90
2026-02-04T11:00,Sudeste,1662,1667,4,75
2026-02-04T11:00,Sul,1063,1067,2,55
2026-02-04T12:00,Norte,950,970,3,65
2026-02-04T12:00,Nordeste,1173,1170,5,90
2026-02-04T12:00,Sudeste,1621,1670,4,75
2026-02-04T12:00,Sul,1080,1070,2,55
2026-02-04T13:00,Norte,968,967,3,65
2026-02-04T13:00,Nordeste,1146,1167,5,90
2026-02-04T13:00,Sudeste,1650,1667,4,75
2026-02-04T13:00,Sul,1020,1067,2,55
2026-02-04T14:00,Norte,943,960,3,65
2026-02-04T14:00,Nordeste,1143,1160,5,90
2026-02-04T14:00,Sudeste,1664,1660,4,75
2026-02-04T14:00,Sul,1027,1060,2,55
2026-02-04T15:00,Norte,930,949,3,65
2026-02-04T15:00,Nordeste,1097,1149,5,90
2026-02-04T15:00,Sudeste,1639,1649,4,75
2026-02-04T15:00,Sul,1033,1049,2,55
2026-02-04T16:00,Norte,880,934,3,65
2026-02-04T16:00,Nordeste,1082,1134,5,90
2026-02-04T16:00,Sudeste,1585,1634,4,75
2026-02-04T16:00,Sul,1009,1034,2,55
2026-02-04T17:00,Norte,865,918,3,65
2026-02-04T17:00,Nordeste,1088,1118,5,90
2026-02-04T17:00,Sudeste,1575,1618,4,75
2026-02-04T17:00,Sul,999,1018,2,55
2026-02-04T18:00,Norte,863,900,3,65
2026-02-04T18:00,Nordeste,1077,1100,5,90
2026-02-04T18:00,Sudeste,1537,1600,4,75
2026-02-04T18:00,Sul,938,1000,2,55
2026-02-04T19:00,Norte,800,900,3,65
2026-02-04T19:00,Nordeste,992,1100,5,90
2026-02-04T19:00,Sudeste,1507,1600,4,75
2026-02-04T19:00,Sul,890,1000,2,55
2026-02-04T20:00,Norte,788,900,3,65
2026-02-04T20:00,Nordeste,973,1100,5,90
2026-02-04T20:00,Sudeste,1470,1600,4,75
2026-02-04T20:00,Sul,912,1000,2,55
2026-02-04T21:00,Norte,778,900,3,65
2026-02-04T21:00,Nordeste,978,1100,5,90
2026-02-04T21:00,Sudeste,1447,1600,4,75
2026-02-04T21:00,Sul,833,1000,2,55
2026-02-04T22:00,Norte,762,900,3,65
2026-02-04T22:00,Nordeste,935,1100,5,90
2026-02-04T22:00,Sudeste,1434,1600,4,75
2026-02-04T22:00,Sul,817,1000,2,55
2026-02-04T23:00,Norte,701,900,3,65
2026-02-04T23:00,Nordeste,888,1100,5,90
2026-02-04T23:00,Sudeste,1432,1600,4,75
2026-02-04T23:00,Sul,801,1000,2,55
2026-02-05T00:00,Norte,713,900,3,65
2026-02-05T00:00,Nordeste,920,1100,5,90
2026-02-05T00:00,Sudeste,1400,1600,4,75
2026-02-05T00:00,Sul,779,1000,2,55
2026-02-05T01:00,Norte,694,900,3,65
2026-02-05T01:00,Nordeste,890,1100,5,90
2026-02-05T01:00,Sudeste,1422,1600,4,75
2026-02-05T01:00,Sul,806,1000,2,55
2026-02-05T02:00,Norte,674,900,3,65
2026-02-05T02:00,Nordeste,882,1100,5,90
2026-02-05T02:00,Sudeste,1364,1600,4,75
2026-02-05T02:00,Sul,819,1000,2,55
2026-02-05T03:00,Norte,689,900,3,65
2026-02-05T03:00,Nordeste,905,1100,5,90
2026-02-05T03:00,Sudeste,1399,1600,4,75
2026-02-05T03:00,Sul,783,1000,2,55
2026-02-05T04:00,Norte,727,900,3,65
2026-02-05T04:00,Nordeste,954,1100,5,90
2026-02-05T04:00,Sudeste,1433,1600,4,75
2026-02-05T04:00,Sul,855,1000,2,55
2026-02-05T05:00,Norte,761,900,3,65
2026-02-05T05:00,Nordeste,933,1100,5,90
2026-02-05T05:00,Sudeste,1425,1600,4,75
2026-02-05T05:00,Sul,869,1000,2,55
2026-02-05T06:00,Norte,757,900,3,65
2026-02-05T06:00,Nordeste,955,1100,5,90
2026-02-05T06:00,Sudeste,1521,1600,4,75
2026-02-05T06:00,Sul,892,1000,2,55
2026-02-05T07:00,Norte,835,918,3,65
2026-02-05T07:00,Nordeste,1053,1118,5,90
2026-02-05T07:00,Sudeste,1488,1618,4,75
2026-02-05T07:00,Sul,896,1018,2,55
2026-02-05T08:00,Norte,864,934,3,65
2026-02-05T08:00,Nordeste,1023,1134,5,90
2026-02-05T08:00,Sudeste,1523,1634,4,75
2026-02-05T08:00,Sul,939,1034,2,55
2026-02-05T09:00,Norte,917,949,3,65
2026-02-05T09:00,Nordeste,1105,1149,5,90
2026-02-05T09:00,Sudeste,1549,1649,4,75
2026-02-05T09:00,Sul,996,1049,2,55
2026-02-05T10:00,Norte,899,960,3,65
2026-02-05T10:00,Nordeste,1083,1160,5,90
2026-02-05T10:00,Sudeste,1601,1660,4,75
2026-02-05T10:00,Sul,1008,1060,2,55
2026-02-05T11:00,Norte,923,967,3,65
2026-02-05T11:00,Nordeste,1104,1167,5,90
2026-02-05T11:00,Sudeste,1657,1667,4,75
2026-02-05T11:00,Sul,1003,1067,2,55
2026-02-05T12:00,Norte,920,970,3,65
2026-02-05T12:00,Nordeste,1150,1170,5,90
2026-02-05T12:00,Sudeste,1665,1670,4,75
2026-02-05T12:00,Sul,1014,1070,2,55
2026-02-05T13:00,Norte,945,967,3,65
2026-02-05T13:00,Nordeste,1171,1167,5,90
2026-02-05T13:00,Sudeste,1658,1667,4,75
2026-02-05T13:00,Sul,1057,1067,2,55
2026-02-05T14:00,Norte,923,960,3,65
2026-02-05T14:00,Nordeste,1170,1160,5,90
2026-02-05T14:00,Sudeste,1629,1660,4,75
2026-02-05T14:00,Sul,1011,1060,2,55
2026-02-05T15:00,Norte,960,949,3,65
2026-02-05T15:00,Nordeste,1136,1149,5,90
2026-02-05T15:00,Sudeste,1658,1649,4,75
2026-02-05T15:00,Sul,1015,1049,2,55
2026-02-05T16:00,Norte,925,934,3,65
2026-02-05T16:00,Nordeste,1086,1134,5,90
2026-02-05T16:00,Sudeste,1599,1634,4,75
2026-02-05T16:00,Sul,978,1034,2,55
2026-02-05T17:00,Norte,917,918,3,65
2026-02-05T17:00,Nordeste,1103,1118,5,90
2026-02-05T17:00,Sudeste,1584,1618,4,75
2026-02-05T17:00,Sul,1008,1018,2,55
2026-02-05T18:00,Norte,832,900,3,65
2026-02-05T18:00,Nordeste,1082,1100,5,90
2026-02-05T18:00,Sudeste,1544,1600,4,75
2026-02-05T18:00,Sul,932,1000,2,55
2026-02-05T19:00,Norte,846,900,3,65
2026-02-05T19:00,Nordeste,1035,1100,5,90
2026-02-05T19:00,Sudeste,1547,1600,4,75
2026-02-05T19:00,Sul,907,1000,2,55
2026-02-05T20:00,Norte,794,900,3,65
2026-02-05T20:00,Nordeste,988,1100,5,90
2026-02-05T20:00,Sudeste,1474,1600,4,75
2026-02-05T20:00,Sul,875,1000,2,55
2026-02-05T21:00,Norte,735,900,3,65
2026-02-05T21:00,Nordeste,973,1100,5,90
2026-02-05T21:00,Sudeste,1483,1600,4,75
2026-02-05T21:00,Sul,829,1000,2,55
2026-02-05T22:00,Norte,741,900,3,65
2026-02-05T22:00,Nordeste,925,1100,5,90
2026-02-05T22:00,Sudeste,1402,1600,4,75
2026-02-05T22:00,Sul,853,1000,2,55
2026-02-05T23:00,Norte,711,900,3,65
2026-02-05T23:00,Nordeste,898,1100,5,90
2026-02-05T23:00,Sudeste,1417,1600,4,75
2026-02-05T23:00,Sul,843,1000,2,55
2026-02-06T00:00,Norte,660,900,3,65
2026-02-06T00:00,Nordeste,908,1100,5,90
2026-02-06T00:00,Sudeste,1417,1600,4,75
2026-02-06T00:00,Sul,780,1000,2,55
2026-02-06T01:00,Norte,677,900,3,65
2026-02-06T01:00,Nordeste,886,1100,5,90
2026-02-06T01:00,Sudeste,1405,1600,4,75
2026-02-06T01:00,Sul,763,1000,2,55
2026-02-06T02:00,Norte,674,900,3,65
2026-02-06T02:00,Nordeste,902,1100,5,90
2026-02-06T02:00,Sudeste,1373,1600,4,75
2026-02-06T02:00,Sul,760,1000,2,55
2026-02-06T03:00,Norte,707,900,3,65
2026-02-06T03:00,Nordeste,911,1100,5,90
2026-02-06T03:00,Sudeste,1381,1600,4,75
2026-02-06T03:00,Sul,803,1000,2,55
2026-02-06T04:00,Norte,762,900,3,65
2026-02-06T04:00,Nordeste,954,1100,5,90
2026-02-06T04:00,Sudeste,1418,1600,4,75
2026-02-06T04:00,Sul,828,1000,2,55
2026-02-06T05:00,Norte,753,900,3,65
2026-02-06T05:00,Nordeste,947,1100,5,90
2026-02-06T05:00,Sudeste,1459,1600,4,75
2026-02-06T05:00,Sul,856,1000,2,55
2026-02-06T06:00,Norte,803,900,3,65
2026-02-06T06:00,Nordeste,999,1100,5,90
2026-02-06T06:00,Sudeste,1507,1600,4,75
2026-02-06T06:00,Sul,909,1000,2,55
2026-02-06T07:00,Norte,819,918,3,65
2026-02-06T07:00,Nordeste,1043,1118,5,90
2026-02-06T07:00,Sudeste,1489,1618,4,75
2026-02-06T07:00,Sul,902,1018,2,55
2026-02-06T08:00,Norte,861,934,3,65
2026-02-06T08:00,Nordeste,1044,1134,5,90
2026-02-06T08:00,Sudeste,1541,1634,4,75
2026-02-06T08:00,Sul,958,1034,2,55
2026-02-06T09:00,Norte,863,949,3,65
2026-02-06T09:00,Nordeste,1119,1149,5,90
2026-02-06T09:00,Sudeste,1577,1649,4,75
2026-02-06T09:00,Sul,967,1049,2,55
2026-02-06T10:00,Norte,925,960,3,65
2026-02-06T10:00,Nordeste,1099,1160,5,90
2026-02-06T10:00,Sudeste,1583,1660,4,75
2026-02-06T10:00,Sul,1042,1060,2,55
2026-02-06T11:00,Norte,938,967,3,65
2026-02-06T11:00,Nordeste,1139,1167,5,90
2026-02-06T11:00,Sudeste,1598,1667,4,75
2026-02-06T11:00,Sul,1047,1067,2,55
2026-02-06T12:00,Norte,923,970,3,65
2026-02-06T12:00,Nordeste,1175,1170,5,90
2026-02-06T12:00,Sudeste,1667,1670,4,75
2026-02-06T12:00,Sul,1042,1070,2,55
2026-02-06T13:00,Norte,923,967,3,65
2026-02-06T13:00,Nordeste,1122,1167,5,90
2026-02-06T13:00,Sudeste,1680,1667,4,75
2026-02-06T13:00,Sul,1043,1067,2,55
2026-02-06T14:00,Norte,966,960,3,65
2026-02-06T14:00,Nordeste,1163,1160,5,90
2026-02-06T14:00,Sudeste,1662,1660,4,75
2026-02-06T14:00,Sul,1014,1060,2,55
2026-02-06T15:00,Norte,922,949,3,65
2026-02-06T15:00,Nordeste,1133,1149,5,90
2026-02-06T15:00,Sudeste,1615,1649,4,75
2026-02-06T15:00,Sul,1026,1049,2,55
2026-02-06T16:00,Norte,897,934,3,65
2026-02-06T16:00,Nordeste,1116,1134,5,90
2026-02-06T16:00,Sudeste,1635,1634,4,75
2026-02-06T16:00,Sul,982,1034,2,55
2026-02-06T17:00,Norte,890,918,3,65
2026-02-06T17:00,Nordeste,1054,1118,5,90
2026-02-06T17:00,Sudeste,1586,1618,4,75
2026-02-06T17:00,Sul,985,1018,2,55
2026-02-06T18:00,Norte,861,900,3,65
2026-02-06T18:00,Nordeste,1068,1100,5,90
2026-02-06T18:00,Sudeste,1535,1600,4,75
2026-02-06T18:00,Sul,969,1000,2,55
2026-02-06T19:00,Norte,843,900,3,65
2026-02-06T19:00,Nordeste,1030,1100,5,90
2026-02-06T19:00,Sudeste,1519,1600,4,75
2026-02-06T19:00,Sul,934,1000,2,55
2026-02-06T20:00,Norte,793,900,3,65
2026-02-06T20:00,Nordeste,984,1100,5,90
2026-02-06T20:00,Sudeste,1454,1600,4,75
2026-02-06T20:00,Sul,880,1000,2,55
2026-02-06T21:00,Norte,733,900,3,65
2026-02-06T21:00,Nordeste,957,1100,5,90
2026-02-06T21:00,Sudeste,1425,1600,4,75
2026-02-06T21:00,Sul,884,1000,2,55
2026-02-06T22:00,Norte,732,900,3,65
2026-02-06T22:00,Nordeste,935,1100,5,90
2026-02-06T22:00,Sudeste,1397,1600,4,75
2026-02-06T22:00,Sul,826,1000,2,55
2026-02-06T23:00,Norte,716,900,3,65
2026-02-06T23:00,Nordeste,875,1100,5,90
2026-02-06T23:00,Sudeste,1385,1600,4,75
2026-02-06T23:00,Sul,824,1000,2,55
2026-02-07T00:00,Norte,721,900,3,65
2026-02-07T00:00,Nordeste,877,1100,5,90
2026-02-07T00:00,Sudeste,1363,1600,4,75
2026-02-07T00:00,Sul,797,1000,2,55
2026-02-07T01:00,Norte,706,900,3,65
2026-02-07T01:00,Nordeste,907,1100,5,90
2026-02-07T01:00,Sudeste,1381,1600,4,75
2026-02-07T01:00,Sul,788,1000,2,55
2026-02-07T02:00,Norte,702,900,3,65
2026-02-07T02:00,Nordeste,912,1100,5,90
2026-02-07T02:00,Sudeste,1381,1600,4,75
2026-02-07T02:00,Sul,772,1000,2,55
2026-02-07T03:00,Norte,735,900,3,65
2026-02-07T03:00,Nordeste,919,1100,5,90
2026-02-07T03:00,Sudeste,1397,1600,4,75
2026-02-07T03:00,Sul,782,1000,2,55
2026-02-07T04:00,Norte,729,900,3,65
2026-02-07T04:00,Nordeste,920,1100,5,90
2026-02-07T04:00,Sudeste,1451,1600,4,75
2026-02-07T04:00,Sul,822,1000,2,55
2026-02-07T05:00,Norte,723,900,3,65
2026-02-07T05:00,Nordeste,947,1100,5,90
2026-02-07T05:00,Sudeste,1468,1600,4,75
2026-02-07T05:00,Sul,849,1000,2,55
2026-02-07T06:00,Norte,800,900,3,65
2026-02-07T06:00,Nordeste,1004,1100,5,90
2026-02-07T06:00,Sudeste,1516,1600,4,75
2026-02-07T06:00,Sul,880,1000,2,55
2026-02-07T07:00,Norte,839,918,3,65
2026-02-07T07:00,Nordeste,1007,1118,5,90
2026-02-07T07:00,Sudeste,1496,1618,4,75
2026-02-07T07:00,Sul,945,1018,2,55
2026-02-07T08:00,Norte,870,934,3,65
2026-02-07T08:00,Nordeste,1086,1134,5,90
2026-02-07T08:00,Sudeste,1527,1634,4,75
2026-02-07T08:00,Sul,975,1034,2,55
2026-02-07T09:00,Norte,911,949,3,65
2026-02-07T09:00,Nordeste,1094,1149,5,90
2026-02-07T09:00,Sudeste,1598,1649,4,75
2026-02-07T09:00,Sul,972,1049,2,55
2026-02-07T10:00,Norte,878,960,3,65
2026-02-07T10:00,Nordeste,1126,1160,5,90
2026-02-07T10:00,Sudeste,1619,1660,4,75
2026-02-07T10:00,Sul,993,1060,2,55
2026-02-07T11:00,Norte,946,967,3,65
2026-02-07T11:00,Nordeste,1103,1167,5,90
2026-02-07T11:00,Sudeste,1649,1667,4,75
2026-02-07T11:00,Sul,1065,1067,2,55
2026-02-07T12:00,Norte,948,970,3,65
2026-02-07T12:00,Nordeste,1177,1170,5,90
2026-02-07T12:00,Sudeste,1638,1670,4,75
2026-02-07T12:00,Sul,1079,1070,2,55
2026-02-07T13:00,Norte,956,967,3,65
2026-02-07T13:00,Nordeste,1130,1167,5,90
2026-02-07T13:00,Sudeste,1654,1667,4,75
2026-02-07T13:00,Sul,1031,1067,2,55
2026-02-07T14:00,Norte,957,960,3,65
2026-02-07T14:00,Nordeste,1170,1160,5,90
2026-02-07T14:00,Sudeste,1643,1660,4,75
2026-02-07T14:00,Sul,1012,1060,2,55
2026-02-07T15:00,Norte,955,949,3,65
2026-02-07T15:00,Nordeste,1119,1149,5,90
2026-02-07T15:00,Sudeste,1613,1649,4,75
2026-02-07T15:00,Sul,1054,1049,2,55
2026-02-07T16:00,Norte,942,934,3,65
2026-02-07T16:00,Nordeste,1134,1134,5,90
2026-02-07T16:00,Sudeste,1589,1634,4,75
2026-02-07T16:00,Sul,1018,1034,2,55
2026-02-07T17:00,Norte,861,918,3,65
2026-02-07T17:00,Nordeste,1112,1118,5,90
2026-02-07T17:00,Sudeste,1553,1618,4,75
2026-02-07T17:00,Sul,1015,1018,2,55
2026-02-07T18:00,Norte,851,900,3,65
2026-02-07T18:00,Nordeste,1062,1100,5,90
2026-02-07T18:00,Sudeste,1553,1600,4,75
2026-02-07T18:00,Sul,956,1000,2,55
2026-02-07T19:00,Norte,827,900,3,65
2026-02-07T19:00,Nordeste,1052,1100,5,90
2026-02-07T19:00,Sudeste,1512,1600,4,75
2026-02-07T19:00,Sul,914,1000,2,55
2026-02-07T20:00,Norte,818,900,3,65
2026-02-07T20:00,Nordeste,981,1100,5,90
2026-02-07T20:00,Sudeste,1521,1600,4,75
2026-02-07T20:00,Sul,906,1000,2,55
2026-02-07T21:00,Norte,746,900,3,65
2026-02-07T21:00,Nordeste,955,1100,5,90
2026-02-07T21:00,Sudeste,1430,1600,4,75
2026-02-07T21:00,Sul,825,1000,2,55
2026-02-07T22:00,Norte,721,900,3,65
2026-02-07T22:00,Nordeste,919,1100,5,90
2026-02-07T22:00,Sudeste,1441,1600,4,75
2026-02-07T22:00,Sul,817,1000,2,55
2026-02-07T23:00,Norte,690,900,3,65
2026-02-07T23:00,Nordeste,902,1100,5,90
2026-02-07T23:00,Sudeste,1420,1600,4,75
2026-02-07T23:00,Sul,786,1000,2,55
2026-02-08T00:00,Norte,666,900,3,65
2026-02-08T00:00,Nordeste,870,1100,5,90
2026-02-08T00:00,Sudeste,1370,1600,4,75
2026-02-08T00:00,Sul,791,1000,2,55
2026-02-08T01:00,Norte,719,900,3,65
2026-02-08T01:00,Nordeste,876,1100,5,90
2026-02-08T01:00,Sudeste,1410,1600,4,75
2026-02-08T01:00,Sul,767,1000,2,55
2026-02-08T02:00,Norte,682,900,3,65
2026-02-08T02:00,Nordeste,869,1100,5,90
2026-02-08T02:00,Sudeste,1388,1600,4,75
2026-02-08T02:00,Sul,772,1000,2,55
2026-02-08T03:00,Norte,717,900,3,65
2026-02-08T03:00,Nordeste,911,1100,5,90
2026-02-08T03:00,Sudeste,1377,1600,4,75
2026-02-08T03:00,Sul,842,1000,2,55
2026-02-08T04:00,Norte,764,900,3,65
2026-02-08T04:00,Nordeste,899,1100,5,90
2026-02-08T04:00,Sudeste,1446,1600,4,75
2026-02-08T04:00,Sul,815,1000,2,55
2026-02-08T05:00,Norte,743,900,3,65
2026-02-08T05:00,Nordeste,961,1100,5,90
2026-02-08T05:00,Sudeste,1440,1600,4,75
2026-02-08T05:00,Sul,842,1000,2,55
2026-02-08T06:00,Norte,773,900,3,65
2026-02-08T06:00,Nordeste,990,1100,5,90
2026-02-08T06:00,Sudeste,1483,1600,4,75
2026-02-08T06:00,Sul,868,1000,2,55
2026-02-08T07:00,Norte,799,918,3,65
2026-02-08T07:00,Nordeste,1013,1118,5,90
2026-02-08T07:00,Sudeste,1552,1618,4,75
2026-02-08T07:00,Sul,908,1018,2,55
2026-02-08T08:00,Norte,866,934,3,65
2026-02-08T08:00,Nordeste,1068,1134,5,90
2026-02-08T08:00,Sudeste,1530,1634,4,75
2026-02-08T08:00,Sul,971,1034,2,55
2026-02-08T09:00,Norte,850,949,3,65
2026-02-08T09:00,Nordeste,1111,1149,5,90
2026-02-08T09:00,Sudeste,1572,1649,4,75
2026-02-08T09:00,Sul,984,1049,2,55
2026-02-08T10:00,Norte,927,960,3,65
2026-02-08T10:00,Nordeste,1115,1160,5,90
2026-02-08T10:00,Sudeste,1587,1660,4,75
2026-02-08T10:00,Sul,1020,1060,2,55
2026-02-08T11:00,Norte,926,967,3,65
2026-02-08T11:00,Nordeste,1124,1167,5,90
2026-02-08T11:00,Sudeste,1644,1667,4,75
2026-02-08T11:00,Sul,1052,1067,2,55
2026-02-08T12:00,Norte,957,970,3,65
2026-02-08T12:00,Nordeste,1162,1170,5,90
2026-02-08T12:00,Sudeste,1614,1670,4,75
2026-02-08T12:00,Sul,1027,1070,2,55
2026-02-08T13:00,Norte,932,967,3,65
2026-02-08T13:00,Nordeste,1146,1167,5,90
2026-02-08T13:00,Sudeste,1647,1667,4,75
2026-02-08T13:00,Sul,1085,1067,2,55
2026-02-08T14:00,Norte,949,960,3,65
2026-02-08T14:00,Nordeste,1165,1160,5,90
2026-02-08T14:00,Sudeste,1637,1660,4,75
2026-02-08T14:00,Sul,1049,1060,2,55
2026-02-08T15:00,Norte,954,949,3,65
2026-02-08T15:00,Nordeste,1142,1149,5,90
2026-02-08T15:00,Sudeste,1612,1649,4,75
2026-02-08T15:00,Sul,1020,1049,2,55
2026-02-08T16:00,Norte,943,934,3,65
2026-02-08T16:00,Nordeste,1144,1134,5,90
2026-02-08T16:00,Sudeste,1596,1634,4,75
2026-02-08T16:00,Sul,1038,1034,2,55
2026-02-08T17:00,Norte,863,918,3,65
2026-02-08T17:00,Nordeste,1074,1118,5,90
2026-02-08T17:00,Sudeste,1585,1618,4,75
2026-02-08T17:00,Sul,987,1018,2,55
2026-02-08T18:00,Norte,862,900,3,65
2026-02-08T18:00,Nordeste,1055,1100,5,90
2026-02-08T18:00,Sudeste,1588,1600,4,75
2026-02-08T18:00,Sul,920,1000,2,55
2026-02-08T19:00,Norte,790,900,3,65
2026-02-08T19:00,Nordeste,1053,1100,5,90
2026-02-08T19:00,Sudeste,1518,1600,4,75
2026-02-08T19:00,Sul,914,1000,2,55
2026-02-08T20:00,Norte,785,900,3,65
2026-02-08T20:00,Nordeste,1009,1100,5,90
2026-02-08T20:00,Sudeste,1508,1600,4,75
2026-02-08T20:00,Sul,886,1000,2,55
2026-02-08T21:00,Norte,727,900,3,65
2026-02-08T21:00,Nordeste,949,1100,5,90
2026-02-08T21:00,Sudeste,1433,1600,4,75
2026-02-08T21:00,Sul,845,1000,2,55
2026-02-08T22:00,Norte,716,900,3,65
2026-02-08T22:00,Nordeste,930,1100,5,90
2026-02-08T22:00,Sudeste,1409,1600,4,75
2026-02-08T22:00,Sul,815,1000,2,55
2026-02-08T23:00,Norte,674,900,3,65
2026-02-08T23:00,Nordeste,941,1100,5,90
2026-02-08T23:00,Sudeste,1435,1600,4,75
2026-02-08T23:00,Sul,798,1000,2,55
2026-02-09T00:00,Norte,699,900,3,65
2026-02-09T00:00,Nordeste,864,1100,5,90
2026-02-09T00:00,Sudeste,1406,1600,4,75
2026-02-09T00:00,Sul,805,1000,2,55
2026-02-09T01:00,Norte,676,900,3,65
2026-02-09T01:00,Nordeste,923,1100,5,90
2026-02-09T01:00,Sudeste,1365,1600,4,75
2026-02-09T01:00,Sul,766,1000,2,55
2026-02-09T02:00,Norte,702,900,3,65
2026-02-09T02:00,Nordeste,893,1100,5,90
2026-02-09T02:00,Sudeste,1394,1600,4,75
2026-02-09T02:00,Sul,775,1000,2,55
2026-02-09T03:00,Norte,722,900,3,65
2026-02-09T03:00,Nordeste,885,1100,5,90
2026-02-09T03:00,Sudeste,1396,1600,4,75
2026-02-09T03:00,Sul,838,1000,2,55
2026-02-09T04:00,Norte,731,900,3,65
2026-02-09T04:00,Nordeste,924,1100,5,90
2026-02-09T04:00,Sudeste,1407,1600,4,75
2026-02-09T04:00,Sul,835,1000,2,55
2026-02-09T05:00,Norte,744,900,3,65
2026-02-09T05:00,Nordeste,973,1100,5,90
2026-02-09T05:00,Sudeste,1440,1600,4,75
2026-02-09T05:00,Sul,833,1000,2,55
2026-02-09T06:00,Norte,792,900,3,65
2026-02-09T06:00,Nordeste,1013,1100,5,90
2026-02-09T06:00,Sudeste,1494,1600,4,75
2026-02-09T06:00,Sul,893,1000,2,55
2026-02-09T07:00,Norte,804,918,3,65
2026-02-09T07:00,Nordeste,1030,1118,5,90
2026-02-09T07:00,Sudeste,1552,1618,4,75
2026-02-09T07:00,Sul,946,1018,2,55
2026-02-09T08:00,Norte,839,934,3,65
2026-02-09T08:00,Nordeste,1029,1134,5,90
2026-02-09T08:00,Sudeste,1555,1634,4,75
2026-02-09T08:00,Sul,949,1034,2,55
2026-02-09T09:00,Norte,913,949,3,65
2026-02-09T09:00,Nordeste,1098,1149,5,90
2026-02-09T09:00,Sudeste,1549,1649,4,75
2026-02-09T09:00,Sul,974,1049,2,55
2026-02-09T10:00,Norte,946,960,3,65
2026-02-09T10:00,Nordeste,1101,1160,5,90
2026-02-09T10:00,Sudeste,1622,1660,4,75
2026-02-09T10:00,Sul,1019,1060,2,55
2026-02-09T11:00,Norte,916,967,3,65
2026-02-09T11:00,Nordeste,1132,1167,5,90
2026-02-09T11:00,Sudeste,1654,1667,4,75
2026-02-09T11:00,Sul,1003,1067,2,55
2026-02-09T12:00,Norte,948,970,3,65
2026-02-09T12:00,Nordeste,1125,1170,5,90
2026-02-09T12:00,Sudeste,1666,1670,4,75
2026-02-09T12:00,Sul,1022,1070,2,55
2026-02-09T13:00,Norte,969,967,3,65
2026-02-09T13:00,Nordeste,1151,1167,5,90
2026-02-09T13:00,Sudeste,1684,1667,4,75
2026-02-09T13:00,Sul,1081,1067,2,55
2026-02-09T14:00,Norte,977,960,3,65
2026-02-09T14:00,Nordeste,1128,1160,5,90
2026-02-09T14:00,Sudeste,1647,1660,4,75
2026-02-09T14:00,Sul,1068,1060,2,55
2026-02-09T15:00,Norte,959,949,3,65
2026-02-09T15:00,Nordeste,1154,1149,5,90
2026-02-09T15:00,Sudeste,1637,1649,4,75
2026-02-09T15:00,Sul,1042,1049,2,55
2026-02-09T16:00,Norte,876,934,3,65
2026-02-09T16:00,Nordeste,1086,1134,5,90
2026-02-09T16:00,Sudeste,1614,1634,4,75
2026-02-09T16:00,Sul,983,1034,2,55
2026-02-09T17:00,Norte,919,918,3,65
2026-02-09T17:00,Nordeste,1118,1118,5,90
2026-02-09T17:00,Sudeste,1571,1618,4,75
2026-02-09T17:00,Sul,998,1018,2,55
2026-02-09T18:00,Norte,879,900,3,65
2026-02-09T18:00,Nordeste,1030,1100,5,90
2026-02-09T18:00,Sudeste,1527,1600,4,75
2026-02-09T18:00,Sul,959,1000,2,55
2026-02-09T19:00,Norte,806,900,3,65
2026-02-09T19:00,Nordeste,1023,1100,5,90
2026-02-09T19:00,Sudeste,1486,1600,4,75
2026-02-09T19:00,Sul,913,1000,2,55
2026-02-09T20:00,Norte,814,900,3,65
2026-02-09T20:00,Nordeste,955,1100,5,90
2026-02-09T20:00,Sudeste,1520,1600,4,75
2026-02-09T20:00,Sul,881,1000,2,55
2026-02-09T21:00,Norte,782,900,3,65
2026-02-09T21:00,Nordeste,924,1100,5,90
2026-02-09T21:00,Sudeste,1475,1600,4,75
2026-02-09T21:00,Sul,888,1000,2,55
2026-02-09T22:00,Norte,716,900,3,65
2026-02-09T22:00,Nordeste,931,1100,5,90
2026-02-09T22:00,Sudeste,1462,1600,4,75
2026-02-09T22:00,Sul,857,1000,2,55
2026-02-09T23:00,Norte,677,900,3,65
2026-02-09T23:00,Nordeste,919,1100,5,90
2026-02-09T23:00,Sudeste,1405,1600,4,75
2026-02-09T23:00,Sul,780,1000,2,55
2026-02-10T00:00,Norte,706,900,3,65
2026-02-10T00:00,Nordeste,873,1100,5,90
2026-02-10T00:00,Sudeste,1415,1600,4,75
2026-02-10T00:00,Sul,821,1000,2,55
2026-02-10T01:00,Norte,694,900,3,65
2026-02-10T01:00,Nordeste,920,1100,5,90
2026-02-10T01:00,Sudeste,1387,1600,4,75
2026-02-10T01:00,Sul,786,1000,2,55
2026-02-10T02:00,Norte,705,900,3,65
2026-02-10T02:00,Nordeste,863,1100,5,90
2026-02-10T02:00,Sudeste,1385,1600,4,75
2026-02-10T02:00,Sul,776,1000,2,55
2026-02-10T03:00,Norte,709,900,3,65
2026-02-10T03:00,Nordeste,923,1100,5,90
2026-02-10T03:00,Sudeste,1405,1600,4,75
2026-02-10T03:00,Sul,814,1000,2,55
2026-02-10T04:00,Norte,719,900,3,65
2026-02-10T04:00,Nordeste,952,1100,5,90
2026-02-10T04:00,Sudeste,1415,1600,4,75
2026-02-10T04:00,Sul,847,1000,2,55
2026-02-10T05:00,Norte,773,900,3,65
2026-02-10T05:00,Nordeste,930,1100,5,90
2026-02-10T05:00,Sudeste,1456,1600,4,75
2026-02-10T05:00,Sul,865,1000,2,55
2026-02-10T06:00,Norte,764,900,3,65
2026-02-10T06:00,Nordeste,1006,1100,5,90
2026-02-10T06:00,Sudeste,1507,1600,4,75
2026-02-10T06:00,Sul,876,1000,2,55
2026-02-10T07:00,Norte,839,918,3,65
2026-02-10T07:00,Nordeste,1028,1118,5,90
2026-02-10T07:00,Sudeste,1519,1618,4,75
2026-02-10T07:00,Sul,908,1018,2,55
2026-02-10T08:00,Norte,867,934,3,65
2026-02-10T08:00,Nordeste,1021,1134,5,90
2026-02-10T08:00,Sudeste,1525,1634,4,75
2026-02-10T08:00,Sul,966,1034,2,55
2026-02-10T09:00,Norte,905,949,3,65
2026-02-10T09:00,Nordeste,1110,1149,5,90
2026-02-10T09:00,Sudeste,1562,1649,4,75
2026-02-10T09:00,Sul,967,1049,2,55
2026-02-10T10:00,Norte,923,960,3,65
2026-02-10T10:00,Nordeste,1109,1160,5,90
2026-02-10T10:00,Sudeste,1645,1660,4,75
2026-02-10T10:00,Sul,1035,1060,2,55
2026-02-10T11:00,Norte,918,967,3,65
2026-02-10T11:00,Nordeste,1124,1167,5,90
2026-02-10T11:00,Sudeste,1662,1667,4,75
2026-02-10T11:00,Sul,1055,1067,2,55
2026-02-10T12:00,Norte,911,970,3,65
2026-02-10T12:00,Nordeste,1111,1170,5,90
2026-02-10T12:00,Sudeste,1670,1670,4,75
2026-02-10T12:00,Sul,1032,1070,2,55
2026-02-10T13:00,Norte,941,967,3,65
2026-02-10T13:00,Nordeste,1159,1167,5,90
2026-02-10T13:00,Sudeste,1639,1667,4,75
2026-02-10T13:00,Sul,1080,1067,2,55
2026-02-10T14:00,Norte,925,960,3,65
2026-02-10T14:00,Nordeste,1139,1160,5,90
2026-02-10T14:00,Sudeste,1657,1660,4,75
2026-02-10T14:00,Sul,1049,1060,2,55
2026-02-10T15:00,Norte,905,949,3,65
2026-02-10T15:00,Nordeste,1114,1149,5,90
2026-02-10T15:00,Sudeste,1660,1649,4,75
2026-02-10T15:00,Sul,1011,1049,2,55
2026-02-10T16:00,Norte,939,934,3,65
2026-02-10T16:00,Nordeste,1130,1134,5,90
2026-02-10T16:00,Sudeste,1588,1634,4,75
2026-02-10T16:00,Sul,1042,1034,2,55
2026-02-10T17:00,Norte,915,918,3,65
2026-02-10T17:00,Nordeste,1074,1118,5,90
2026-02-10T17:00,Sudeste,1569,1618,4,75
2026-02-10T17:00,Sul,990,1018,2,55
2026-02-10T18:00,Norte,839,900,3,65
2026-02-10T18:00,Nordeste,1053,1100,5,90
2026-02-10T18:00,Sudeste,1585,1600,4,75
2026-02-10T18:00,Sul,986,1000,2,55
2026-02-10T19:00,Norte,806,900,3,65
2026-02-10T19:00,Nordeste,985,1100,5,90
2026-02-10T19:00,Sudeste,1535,1600,4,75
2026-02-10T19:00,Sul,896,1000,2,55
2026-02-10T20:00,Norte,785,900,3,65
2026-02-10T20:00,Nordeste,968,1100,5,90
2026-02-10T20:00,Sudeste,1471,1600,4,75
2026-02-10T20:00,Sul,883,1000,2,55
2026-02-10T21:00,Norte,762,900,3,65
2026-02-10T21:00,Nordeste,921,1100,5,90
2026-02-10T21:00,Sudeste,1440,1600,4,75
2026-02-10T21:00,Sul,845,1000,2,55
2026-02-10T22:00,Norte,747,900,3,65
2026-02-10T22:00,Nordeste,915,1100,5,90
2026-02-10T22:00,Sudeste,1443,1600,4,75
2026-02-10T22:00,Sul,847,1000,2,55
2026-02-10T23:00,Norte,704,900,3,65
2026-02-10T23:00,Nordeste,899,1100,5,90
2026-02-10T23:00,Sudeste,1442,1600,4,75
2026-02-10T23:00,Sul,803,1000,2,55
2026-02-11T00:00,Norte,668,900,3,65
2026-02-11T00:00,Nordeste,906,1100,5,90
2026-02-11T00:00,Sudeste,1379,1600,4,75
2026-02-11T00:00,Sul,815,1000,2,55
2026-02-11T01:00,Norte,718,900,3,65
2026-02-11T01:00,Nordeste,908,1100,5,90
2026-02-11T01:00,Sudeste,1413,1600,4,75
2026-02-11T01:00,Sul,787,1000,2,55
2026-02-11T02:00,Norte,678,900,3,65
2026-02-11T02:00,Nordeste,927,1100,5,90
2026-02-11T02:00,Sudeste,1374,1600,4,75
2026-02-11T02:00,Sul,795,1000,2,55
2026-02-11T03:00,Norte,727,900,3,65
2026-02-11T03:00,Nordeste,942,1100,5,90
2026-02-11T03:00,Sudeste,1411,1600,4,75
2026-02-11T03:00,Sul,819,1000,2,55
2026-02-11T04:00,Norte,731,900,3,65
2026-02-11T04:00,Nordeste,902,1100,5,90
2026-02-11T04:00,Sudeste,1453,1600,4,75
2026-02-11T04:00,Sul,846,1000,2,55
2026-02-11T05:00,Norte,766,900,3,65
2026-02-11T05:00,Nordeste,967,1100,5,90
2026-02-11T05:00,Sudeste,1433,1600,4,75
2026-02-11T05:00,Sul,867,1000,2,55
2026-02-11T06:00,Norte,795,900,3,65
2026-02-11T06:00,Nordeste,977,1100,5,90
2026-02-11T06:00,Sudeste,1522,1600,4,75
2026-02-11T06:00,Sul,909,1000,2,55
2026-02-11T07:00,Norte,788,918,3,65
2026-02-11T07:00,Nordeste,1038,1118,5,90
2026-02-11T07:00,Sudeste,1528,1618,4,75
2026-02-11T07:00,Sul,919,1018,2,55
2026-02-11T08:00,Norte,838,934,3,65
2026-02-11T08:00,Nordeste,1068,1134,5,90
2026-02-11T08:00,Sudeste,1571,1634,4,75
2026-02-11T08:00,Sul,945,1034,2,55
2026-02-11T09:00,Norte,850,949,3,65
2026-02-11T09:00,Nordeste,1076,1149,5,90
2026-02-11T09:00,Sudeste,1588,1649,4,75
2026-02-11T09:00,Sul,991,1049,2,55
2026-02-11T10:00,Norte,901,960,3,65
2026-02-11T10:00,Nordeste,1078,1160,5,90
2026-02-11T10:00,Sudeste,1611,1660,4,75
2026-02-11T10:00,Sul,1026,1060,2,55
2026-02-11T11:00,Norte,897,967,3,65
2026-02-11T11:00,Nordeste,1164,1167,5,90
2026-02-11T11:00,Sudeste,1630,1667,4,75
2026-02-11T11:00,Sul,1037,1067,2,55
2026-02-11T12:00,Norte,962,970,3,65
2026-02-11T12:00,Nordeste,1158,1170,5,90
2026-02-11T12:00,Sudeste,1615,1670,4,75
2026-02-11T12:00,Sul,1070,1070,2,55
2026-02-11T13:00,Norte,975,967,3,65
2026-02-11T13:00,Nordeste,1140,1167,5,90
2026-02-11T13:00,Sudeste,1635,1667,4,75
2026-02-11T13:00,Sul,1051,1067,2,55
2026-02-11T14:00,Norte,923,960,3,65
2026-02-11T14:00,Nordeste,1126,1160,5,90
2026-02-11T14:00,Sudeste,1637,1660,4,75
2026-02-11T14:00,Sul,1013,1060,2,55
2026-02-11T15:00,Norte,959,949,3,65
2026-02-11T15:00,Nordeste,1108,1149,5,90
2026-02-11T15:00,Sudeste,1659,1649,4,75
2026-02-11T15:00,Sul,1044,1049,2,55
2026-02-11T16:00,Norte,1044,934,3,65
2026-02-11T16:00,Nordeste,1282,1134,5,90
2026-02-11T16:00,Sudeste,1766,1634,4,75
2026-02-11T16:00,Sul,1161,1034,2,55
2026-02-11T17:00,Norte,1009,918,3,65
2026-02-11T17:00,Nordeste,1210,1118,5,90
2026-02-11T17:00,Sudeste,1704,1618,4,75
2026-02-11T17:00,Sul,1114,1018,2,55
2026-02-11T18:00,Norte,1038,900,3,65
2026-02-11T18:00,Nordeste,1189,1100,5,90
2026-02-11T18:00,Sudeste,1730,1600,4,75
2026-02-11T18:00,Sul,1130,1000,2,55
2026-02-11T19:00,Norte,988,900,3,65
2026-02-11T19:00,Nordeste,1193,1100,5,90
2026-02-11T19:00,Sudeste,1669,1600,4,75
2026-02-11T19:00,Sul,1058,1000,2,55
2026-02-11T20:00,Norte,942,900,3,65
2026-02-11T20:00,Nordeste,1165,1100,5,90
2026-02-11T20:00,Sudeste,1666,1600,4,75
2026-02-11T20:00,Sul,1072,1000,2,55
2026-02-11T21:00,Norte,932,900,3,65
2026-02-11T21:00,Nordeste,1139,1100,5,90
2026-02-11T21:00,Sudeste,1609,1600,4,75
2026-02-11T21:00,Sul,1015,1000,2,55
2026-02-11T22:00,Norte,858,900,3,65
2026-02-11T22:00,Nordeste,1059,1100,5,90
2026-02-11T22:00,Sudeste,1568,1600,4,75
2026-02-11T22:00,Sul,968,1000,2,55
2026-02-11T23:00,Norte,864,900,3,65
2026-02-11T23:00,Nordeste,1032,1100,5,90
2026-02-11T23:00,Sudeste,1548,1600,4,75
2026-02-11T23:00,Sul,969,1000,2,55
2026-02-12T00:00,Norte,817,900,3,65
2026-02-12T00:00,Nordeste,1034,1100,5,90
2026-02-12T00:00,Sudeste,1519,1600,4,75
2026-02-12T00:00,Sul,980,1000,2,55
2026-02-12T01:00,Norte,811,900,3,65
2026-02-12T01:00,Nordeste,1038,1100,5,90
2026-02-12T01:00,Sudeste,1533,1600,4,75
2026-02-12T01:00,Sul,929,1000,2,55
2026-02-12T02:00,Norte,870,900,3,65
2026-02-12T02:00,Nordeste,1067,1100,5,90
2026-02-12T02:00,Sudeste,1559,1600,4,75
2026-02-12T02:00,Sul,926,1000,2,55
2026-02-12T03:00,Norte,862,900,3,65
2026-02-12T03:00,Nordeste,1031,1100,5,90
2026-02-12T03:00,Sudeste,1553,1600,4,75
2026-02-12T03:00,Sul,972,1000,2,55
2026-02-12T04:00,Norte,887,900,3,65
2026-02-12T04:00,Nordeste,1056,1100,5,90
2026-02-12T04:00,Sudeste,1575,1600,4,75
2026-02-12T04:00,Sul,1010,1000,2,55
2026-02-12T05:00,Norte,888,900,3,65
2026-02-12T05:00,Nordeste,1133,1100,5,90
2026-02-12T05:00,Sudeste,1581,1600,4,75
2026-02-12T05:00,Sul,1001,1000,2,55
2026-02-12T06:00,Norte,945,900,3,65
2026-02-12T06:00,Nordeste,1164,1100,5,90
2026-02-12T06:00,Sudeste,1647,1600,4,75
2026-02-12T06:00,Sul,1066,1000,2,55
2026-02-12T07:00,Norte,962,918,3,65
2026-02-12T07:00,Nordeste,1150,1118,5,90
2026-02-12T07:00,Sudeste,1702,1618,4,75
2026-02-12T07:00,Sul,1078,1018,2,55
2026-02-12T08:00,Norte,1035,934,3,65
2026-02-12T08:00,Nordeste,1194,1134,5,90
2026-02-12T08:00,Sudeste,1720,1634,4,75
2026-02-12T08:00,Sul,1125,1034,2,55
2026-02-12T09:00,Norte,1068,949,3,65
2026-02-12T09:00,Nordeste,1248,1149,5,90
2026-02-12T09:00,Sudeste,1723,1649,4,75
2026-02-12T09:00,Sul,1166,1049,2,55
2026-02-12T10:00,Norte,1032,960,3,65
2026-02-12T10:00,Nordeste,1275,1160,5,90
2026-02-12T10:00,Sudeste,1770,1660,4,75
2026-02-12T10:00,Sul,1170,1060,2,55
2026-02-12T11:00,Norte,1114,967,3,65
2026-02-12T11:00,Nordeste,1298,1167,5,90
2026-02-12T11:00,Sudeste,1797,1667,4,75
2026-02-12T11:00,Sul,1208,1067,2,55
2026-02-12T12:00,Norte,1098,970,3,65
2026-02-12T12:00,Nordeste,1293,1170,5,90
2026-02-12T12:00,Sudeste,1805,1670,4,75
2026-02-12T12:00,Sul,1223,1070,2,55
2026-02-12T13:00,Norte,1085,967,3,65
2026-02-12T13:00,Nordeste,1321,1167,5,90
2026-02-12T13:00,Sudeste,1774,1667,4,75
2026-02-12T13:00,Sul,1187,1067,2,55
2026-02-12T14:00,Norte,1106,960,3,65
2026-02-12T14:00,Nordeste,1323,1160,5,90
2026-02-12T14:00,Sudeste,1800,1660,4,75
2026-02-12T14:00,Sul,1194,1060,2,55
2026-02-12T15:00,Norte,1078,949,3,65
2026-02-12T15:00,Nordeste,1285,1149,5,90
2026-02-12T15:00,Sudeste,1792,1649,4,75
2026-02-12T15:00,Sul,1192,1049,2,55
2026-02-12T16:00,Norte,1062,934,3,65
2026-02-12T16:00,Nordeste,1238,1134,5,90
2026-02-12T16:00,Sudeste,1751,1634,4,75
2026-02-12T16:00,Sul,1147,1034,2,55
2026-02-12T17:00,Norte,1063,918,3,65
2026-02-12T17:00,Nordeste,1245,1118,5,90
2026-02-12T17:00,Sudeste,1739,1618,4,75
2026-02-12T17:00,Sul,1142,1018,2,55
2026-02-12T18:00,Norte,1022,900,3,65
2026-02-12T18:00,Nordeste,1217,1100,5,90
2026-02-12T18:00,Sudeste,1695,1600,4,75
2026-02-12T18:00,Sul,1130,1000,2,55
2026-02-12T19:00,Norte,996,900,3,65
2026-02-12T19:00,Nordeste,1195,1100,5,90
2026-02-12T19:00,Sudeste,1697,1600,4,75
2026-02-12T19:00,Sul,1060,1000,2,55
2026-02-12T20:00,Norte,941,900,3,65
2026-02-12T20:00,Nordeste,1125,1100,5,90
2026-02-12T20:00,Sudeste,1629,1600,4,75
2026-02-12T20:00,Sul,1050,1000,2,55
2026-02-12T21:00,Norte,925,900,3,65
2026-02-12T21:00,Nordeste,1120,1100,5,90
2026-02-12T21:00,Sudeste,1641,1600,4,75
2026-02-12T21:00,Sul,991,1000,2,55
2026-02-12T22:00,Norte,854,900,3,65
2026-02-12T22:00,Nordeste,1114,1100,5,90
2026-02-12T22:00,Sudeste,1547,1600,4,75
2026-02-12T22:00,Sul,958,1000,2,55
2026-02-12T23:00,Norte,879,900,3,65
2026-02-12T23:00,Nordeste,1073,1100,5,90
2026-02-12T23:00,Sudeste,1537,1600,4,75
2026-02-12T23:00,Sul,936,1000,2,55
2026-02-13T00:00,Norte,813,900,3,65
2026-02-13T00:00,Nordeste,1055,1100,5,90
2026-02-13T00:00,Sudeste,1567,1600,4,75
2026-02-13T00:00,Sul,964,1000,2,55
2026-02-13T01:00,Norte,843,900,3,65
2026-02-13T01:00,Nordeste,1043,1100,5,90
2026-02-13T01:00,Sudeste,1518,1600,4,75
2026-02-13T01:00,Sul,923,1000,2,55
2026-02-13T02:00,Norte,864,900,3,65
2026-02-13T02:00,Nordeste,1050,1100,5,90
2026-02-13T02:00,Sudeste,1512,1600,4,75
2026-02-13T02:00,Sul,927,1000,2,55
2026-02-13T03:00,Norte,824,900,3,65
2026-02-13T03:00,Nordeste,1024,1100,5,90
2026-02-13T03:00,Sudeste,1591,1600,4,75
2026-02-13T03:00,Sul,985,1000,2,55
2026-02-13T04:00,Norte,869,900,3,65
2026-02-13T04:00,Nordeste,1080,1100,5,90
2026-02-13T04:00,Sudeste,1579,1600,4,75
2026-02-13T04:00,Sul,991,1000,2,55
2026-02-13T05:00,Norte,906,900,3,65
2026-02-13T05:00,Nordeste,1112,1100,5,90
2026-02-13T05:00,Sudeste,1637,1600,4,75
2026-02-13T05:00,Sul,988,1000,2,55
2026-02-13T06:00,Norte,924,900,3,65
2026-02-13T06:00,Nordeste,1138,1100,5,90
2026-02-13T06:00,Sudeste,1651,1600,4,75
2026-02-13T06:00,Sul,1041,1000,2,55
2026-02-13T07:00,Norte,981,918,3,65
2026-02-13T07:00,Nordeste,1195,1118,5,90
2026-02-13T07:00,Sudeste,1665,1618,4,75
2026-02-13T07:00,Sul,1049,1018,2,55
2026-02-13T08:00,Norte,996,934,3,65
2026-02-13T08:00,Nordeste,1219,1134,5,90
2026-02-13T08:00,Sudeste,1732,1634,4,75
2026-02-13T08:00,Sul,1110,1034,2,55
2026-02-13T09:00,Norte,1067,949,3,65
2026-02-13T09:00,Nordeste,1227,1149,5,90
2026-02-13T09:00,Sudeste,1754,1649,4,75
2026-02-13T09:00,Sul,1149,1049,2,55
2026-02-13T10:00,Norte,1090,960,3,65
2026-02-13T10:00,Nordeste,1279,1160,5,90
2026-02-13T10:00,Sudeste,1747,1660,4,75
2026-02-13T10:00,Sul,1191,1060,2,55
2026-02-13T11:00,Norte,1059,967,3,65
2026-02-13T11:00,Nordeste,1292,1167,5,90
2026-02-13T11:00,Sudeste,1800,1667,4,75
2026-02-13T11:00,Sul,1163,1067,2,55
2026-02-13T12:00,Norte,1075,970,3,65
2026-02-13T12:00,Nordeste,1311,1170,5,90
2026-02-13T12:00,Sudeste,1793,1670,4,75
2026-02-13T12:00,Sul,1193,1070,2,55
2026-02-13T13:00,Norte,1132,967,3,65
2026-02-13T13:00,Nordeste,1274,1167,5,90
2026-02-13T13:00,Sudeste,1826,1667,4,75
2026-02-13T13:00,Sul,1197,1067,2,55
2026-02-13T14:00,Norte,1113,960,3,65
2026-02-13T14:00,Nordeste,1287,1160,5,90
2026-02-13T14:00,Sudeste,1764,1660,4,75
2026-02-13T14:00,Sul,1171,1060,2,55
2026-02-13T15:00,Norte,1074,949,3,65
2026-02-13T15:00,Nordeste,1255,1149,5,90
2026-02-13T15:00,Sudeste,1813,1649,4,75
2026-02-13T15:00,Sul,1196,1049,2,55
2026-02-13T16:00,Norte,1077,934,3,65
2026-02-13T16:00,Nordeste,1267,1134,5,90
2026-02-13T16:00,Sudeste,1745,1634,4,75
2026-02-13T16:00,Sul,1195,1034,2,55
2026-02-13T17:00,Norte,1000,918,3,65
2026-02-13T17:00,Nordeste,1238,1118,5,90
2026-02-13T17:00,Sudeste,1765,1618,4,75
2026-02-13T17:00,Sul,1149,1018,2,55
2026-02-13T18:00,Norte,993,900,3,65
2026-02-13T18:00,Nordeste,1182,1100,5,90
2026-02-13T18:00,Sudeste,1724,1600,4,75
2026-02-13T18:00,Sul,1111,1000,2,55
2026-02-13T19:00,Norte,1003,900,3,65
2026-02-13T19:00,Nordeste,1153,1100,5,90
2026-02-13T19:00,Sudeste,1702,1600,4,75
2026-02-13T19:00,Sul,1096,1000,2,55
2026-02-13T20:00,Norte,916,900,3,65
2026-02-13T20:00,Nordeste,1125,1100,5,90
2026-02-13T20:00,Sudeste,1644,1600,4,75
2026-02-13T20:00,Sul,1072,1000,2,55
2026-02-13T21:00,Norte,903,900,3,65
2026-02-13T21:00,Nordeste,1136,1100,5,90
2026-02-13T21:00,Sudeste,1600,1600,4,75
2026-02-13T21:00,Sul,977,1000,2,55
2026-02-13T22:00,Norte,888,900,3,65
2026-02-13T22:00,Nordeste,1097,1100,5,90
2026-02-13T22:00,Sudeste,1566,1600,4,75
2026-02-13T22:00,Sul,946,1000,2,55
2026-02-13T23:00,Norte,828,900,3,65
2026-02-13T23:00,Nordeste,1084,1100,5,90
2026-02-13T23:00,Sudeste,1528,1600,4,75
2026-02-13T23:00,Sul,941,1000,2,55
2026-02-14T00:00,Norte,824,900,3,65
2026-02-14T00:00,Nordeste,1024,1100,5,90
2026-02-14T00:00,Sudeste,1572,1600,4,75
2026-02-14T00:00,Sul,925,1000,2,55
2026-02-14T01:00,Norte,845,900,3,65
2026-02-14T01:00,Nordeste,1061,1100,5,90
2026-02-14T01:00,Sudeste,1560,1600,4,75
2026-02-14T01:00,Sul,924,1000,2,55
2026-02-14T02:00,Norte,839,900,3,65
2026-02-14T02:00,Nordeste,1075,1100,5,90
2026-02-14T02:00,Sudeste,1516,1600,4,75
2026-02-14T02:00,Sul,958,1000,2,55
2026-02-14T03:00,Norte,835,900,3,65
2026-02-14T03:00,Nordeste,1038,1100,5,90
2026-02-14T03:00,Sudeste,1556,1600,4,75
2026-02-14T03:00,Sul,935,1000,2,55
2026-02-14T04:00,Norte,871,900,3,65
2026-02-14T04:00,Nordeste,1108,1100,5,90
2026-02-14T04:00,Sudeste,1593,1600,4,75
2026-02-14T04:00,Sul,1003,1000,2,55
2026-02-14T05:00,Norte,875,900,3,65
2026-02-14T05:00,Nordeste,1105,1100,5,90
2026-02-14T05:00,Sudeste,1640,1600,4,75
2026-02-14T05:00,Sul,976,1000,2,55
2026-02-14T06:00,Norte,961,900,3,65
2026-02-14T06:00,Nordeste,1164,1100,5,90
2026-02-14T06:00,Sudeste,1652,1600,4,75
2026-02-14T06:00,Sul,1061,1000,2,55
2026-02-14T07:00,Norte,1002,918,3,65
2026-02-14T07:00,Nordeste,1149,1118,5,90
2026-02-14T07:00,Sudeste,1689,1618,4,75
2026-02-14T07:00,Sul,1095,1018,2,55
2026-02-14T08:00,Norte,1033,934,3,65
2026-02-14T08:00,Nordeste,1223,1134,5,90
2026-02-14T08:00,Sudeste,1711,1634,4,75
2026-02-14T08:00,Sul,1070,1034,2,55
2026-02-14T09:00,Norte,1012,949,3,65
2026-02-14T09:00,Nordeste,1201,1149,5,90
2026-02-14T09:00,Sudeste,1736,1649,4,75
2026-02-14T09:00,Sul,1104,1049,2,55
2026-02-14T10:00,Norte,1044,960,3,65
2026-02-14T10:00,Nordeste,1234,1160,5,90
2026-02-14T10:00,Sudeste,1777,1660,4,75
2026-02-14T10:00,Sul,1128,1060,2,55
2026-02-14T11:00,Norte,1086,967,3,65
2026-02-14T11:00,Nordeste,1280,1167,5,90
2026-02-14T11:00,Sudeste,1792,1667,4,75
2026-02-14T11:00,Sul,1187,1067,2,55
2026-02-14T12:00,Norte,1081,970,3,65
2026-02-14T12:00,Nordeste,1297,1170,5,90
2026-02-14T12:00,Sudeste,1814,1670,4,75
2026-02-14T12:00,Sul,1220,1070,2,55
2026-02-14T13:00,Norte,1085,967,3,65
2026-02-14T13:00,Nordeste,1268,1167,5,90
2026-02-14T13:00,Sudeste,1813,1667,4,75
2026-02-14T13:00,Sul,1177,1067,2,55
2026-02-14T14:00,Norte,1121,960,3,65
2026-02-14T14:00,Nordeste,1321,1160,5,90
2026-02-14T14:00,Sudeste,1823,1660,4,75
2026-02-14T14:00,Sul,1189,1060,2,55
2026-02-14T15:00,Norte,1092,949,3,65
2026-02-14T15:00,Nordeste,1257,1149,5,90
2026-02-14T15:00,Sudeste,1801,1649,4,75
2026-02-14T15:00,Sul,1173,1049,2,55
2026-02-14T16:00,Norte,1068,934,3,65
2026-02-14T16:00,Nordeste,1260,1134,5,90
2026-02-14T16:00,Sudeste,1751,1634,4,75
2026-02-14T16:00,Sul,1180,1034,2,55
2026-02-14T17:00,Norte,1069,918,3,65
2026-02-14T17:00,Nordeste,1248,1118,5,90
2026-02-14T17:00,Sudeste,1734,1618,4,75
2026-02-14T17:00,Sul,1144,1018,2,55
2026-02-14T18:00,Norte,977,900,3,65
2026-02-14T18:00,Nordeste,1192,1100,5,90
2026-02-14T18:00,Sudeste,1684,1600,4,75
2026-02-14T18:00,Sul,1137,1000,2,55
2026-02-14T19:00,Norte,980,900,3,65
2026-02-14T19:00,Nordeste,1198,1100,5,90
2026-02-14T19:00,Sudeste,1675,1600,4,75
2026-02-14T19:00,Sul,1040,1000,2,55
2026-02-14T20:00,Norte,943,900,3,65
2026-02-14T20:00,Nordeste,1166,1100,5,90
2026-02-14T20:00,Sudeste,1641,1600,4,75
2026-02-14T20:00,Sul,1051,1000,2,55
2026-02-14T21:00,Norte,909,900,3,65
2026-02-14T21:00,Nordeste,1080,1100,5,90
2026-02-14T21:00,Sudeste,1610,1600,4,75
2026-02-14T21:00,Sul,976,1000,2,55
2026-02-14T22:00,Norte,887,900,3,65
2026-02-14T22:00,Nordeste,1062,1100,5,90
2026-02-14T22:00,Sudeste,1591,1600,4,75
2026-02-14T22:00,Sul,975,1000,2,55
2026-02-14T23:00,Norte,875,900,3,65
2026-02-14T23:00,Nordeste,1030,1100,5,90
2026-02-14T23:00,Sudeste,1588,1600,4,75
2026-02-14T23:00,Sul,947,1000,2,55
2026-02-15T00:00,Norte,856,900,3,65
2026-02-15T00:00,Nordeste,1030,1100,5,90
2026-02-15T00:00,Sudeste,1522,1600,4,75
2026-02-15T00:00,Sul,914,1000,2,55
2026-02-15T01:00,Norte,814,900,3,65
2026-02-15T01:00,Nordeste,1066,1100,5,90
2026-02-15T01:00,Sudeste,1541,1600,4,75
2026-02-15T01:00,Sul,940,1000,2,55
2026-02-15T02:00,Norte,832,900,3,65
2026-02-15T02:00,Nordeste,1024,1100,5,90
2026-02-15T02:00,Sudeste,1510,1600,4,75
2026-02-15T02:00,Sul,959,1000,2,55
2026-02-15T03:00,Norte,872,900,3,65
2026-02-15T03:00,Nordeste,1055,1100,5,90
2026-02-15T03:00,Sudeste,1539,1600,4,75
2026-02-15T03:00,Sul,967,1000,2,55
2026-02-15T04:00,Norte,894,900,3,65
2026-02-15T04:00,Nordeste,1113,1100,5,90
2026-02-15T04:00,Sudeste,1546,1600,4,75
2026-02-15T04:00,Sul,954,1000,2,55
2026-02-15T05:00,Norte,921,900,3,65
2026-02-15T05:00,Nordeste,1132,1100,5,90
2026-02-15T05:00,Sudeste,1638,1600,4,75
2026-02-15T05:00,Sul,1017,1000,2,55
2026-02-15T06:00,Norte,908,900,3,65
2026-02-15T06:00,Nordeste,1123,1100,5,90
2026-02-15T06:00,Sudeste,1621,1600,4,75
2026-02-15T06:00,Sul,1063,1000,2,55
2026-02-15T07:00,Norte,956,918,3,65
2026-02-15T07:00,Nordeste,1142,1118,5,90
2026-02-15T07:00,Sudeste,1651,1618,4,75
2026-02-15T07:00,Sul,1035,1018,2,55
2026-02-15T08:00,Norte,976,934,3,65
2026-02-15T08:00,Nordeste,1170,1134,5,90
2026-02-15T08:00,Sudeste,1728,1634,4,75
2026-02-15T08:00,Sul,1069,1034,2,55
2026-02-15T09:00,Norte,1027,949,3,65
2026-02-15T09:00,Nordeste,1231,1149,5,90
2026-02-15T09:00,Sudeste,1734,1649,4,75
2026-02-15T09:00,Sul,1142,1049,2,55
2026-02-15T10:00,Norte,1093,960,3,65
2026-02-15T10:00,Nordeste,1290,1160,5,90
2026-02-15T10:00,Sudeste,1764,1660,4,75
2026-02-15T10:00,Sul,1180,1060,2,55
2026-02-15T11:00,Norte,1072,967,3,65
2026-02-15T11:00,Nordeste,1288,1167,5,90
2026-02-15T11:00,Sudeste,1772,1667,4,75
2026-02-15T11:00,Sul,1203,1067,2,55
2026-02-15T12:00,Norte,1079,970,3,65
2026-02-15T12:00,Nordeste,1272,1170,5,90
2026-02-15T12:00,Sudeste,1789,1670,4,75
2026-02-15T12:00,Sul,1191,1070,2,55
2026-02-15T13:00,Norte,1086,967,3,65
2026-02-15T13:00,Nordeste,1320,1167,5,90
2026-02-15T13:00,Sudeste,1791,1667,4,75
2026-02-15T13:00,Sul,1215,1067,2,55
2026-02-15T14:00,Norte,1092,960,3,65
2026-02-15T14:00,Nordeste,1264,1160,5,90
2026-02-15T14:00,Sudeste,1771,1660,4,75
2026-02-15T14:00,Sul,1172,1060,2,55
2026-02-15T15:00,Norte,1092,949,3,65
2026-02-15T15:00,Nordeste,1262,1149,5,90
2026-02-15T15:00,Sudeste,1752,1649,4,75
2026-02-15T15:00,Sul,1163,1049,2,55
2026-02-15T16:00,Norte,1051,934,3,65
2026-02-15T16:00,Nordeste,1261,1134,5,90
2026-02-15T16:00,Sudeste,1770,1634,4,75
2026-02-15T16:00,Sul,1195,1034,2,55
2026-02-15T17:00,Norte,1045,918,3,65
2026-02-15T17:00,Nordeste,1219,1118,5,90
2026-02-15T17:00,Sudeste,1710,1618,4,75
2026-02-15T17:00,Sul,1119,1018,2,55
2026-02-15T18:00,Norte,978,900,3,65
2026-02-15T18:00,Nordeste,1224,1100,5,90
2026-02-15T18:00,Sudeste,1725,1600,4,75
2026-02-15T18:00,Sul,1126,1000,2,55
2026-02-15T19:00,Norte,955,900,3,65
2026-02-15T19:00,Nordeste,1166,1100,5,90
2026-02-15T19:00,Sudeste,1660,1600,4,75
2026-02-15T19:00,Sul,1054,1000,2,55
2026-02-15T20:00,Norte,934,900,3,65
2026-02-15T20:00,Nordeste,1113,1100,5,90
2026-02-15T20:00,Sudeste,1656,1600,4,75
2026-02-15T20:00,Sul,1045,1000,2,55
2026-02-15T21:00,Norte,890,900,3,65
2026-02-15T21:00,Nordeste,1138,1100,5,90
2026-02-15T21:00,Sudeste,1626,1600,4,75
2026-02-15T21:00,Sul,1024,1000,2,55
2026-02-15T22:00,Norte,844,900,3,65
2026-02-15T22:00,Nordeste,1053,1100,5,90
2026-02-15T22:00,Sudeste,1585,1600,4,75
2026-02-15T22:00,Sul,957,1000,2,55
2026-02-15T23:00,Norte,841,900,3,65
2026-02-15T23:00,Nordeste,1091,1100,5,90
2026-02-15T23:00,Sudeste,1528,1600,4,75
2026-02-15T23:00,Sul,943,1000,2,55
2026-02-16T00:00,Norte,852,900,3,65
2026-02-16T00:00,Nordeste,1038,1100,5,90
2026-02-16T00:00,Sudeste,1556,1600,4,75
2026-02-16T00:00,Sul,970,1000,2,55
2026-02-16T01:00,Norte,838,900,3,65
2026-02-16T01:00,Nordeste,1057,1100,5,90
2026-02-16T01:00,Sudeste,1557,1600,4,75
2026-02-16T01:00,Sul,963,1000,2,55
2026-02-16T02:00,Norte,841,900,3,65
2026-02-16T02:00,Nordeste,1017,1100,5,90
2026-02-16T02:00,Sudeste,1525,1600,4,75
2026-02-16T02:00,Sul,930,1000,2,55
2026-02-16T03:00,Norte,873,900,3,65
2026-02-16T03:00,Nordeste,1070,1100,5,90
2026-02-16T03:00,Sudeste,1576,1600,4,75
2026-02-16T03:00,Sul,944,1000,2,55
2026-02-16T04:00,Norte,847,900,3,65
2026-02-16T04:00,Nordeste,1100,1100,5,90
2026-02-16T04:00,Sudeste,1544,1600,4,75
2026-02-16T04:00,Sul,1004,1000,2,55
2026-02-16T05:00,Norte,906,900,3,65
2026-02-16T05:00,Nordeste,1100,1100,5,90
2026-02-16T05:00,Sudeste,1585,1600,4,75
2026-02-16T05:00,Sul,1001,1000,2,55
2026-02-16T06:00,Norte,963,900,3,65
2026-02-16T06:00,Nordeste,1162,1100,5,90
2026-02-16T06:00,Sudeste,1623,1600,4,75
2026-02-16T06:00,Sul,1038,1000,2,55
2026-02-16T07:00,Norte,938,918,3,65
2026-02-16T07:00,Nordeste,1175,1118,5,90
2026-02-16T07:00,Sudeste,1679,1618,4,75
2026-02-16T07:00,Sul,1044,1018,2,55
2026-02-16T08:00,Norte,983,934,3,65
2026-02-16T08:00,Nordeste,1177,1134,5,90
2026-02-16T08:00,Sudeste,1675,1634,4,75
2026-02-16T08:00,Sul,1113,1034,2,55
2026-02-16T09:00,Norte,1033,949,3,65
2026-02-16T09:00,Nordeste,1236,1149,5,90
2026-02-16T09:00,Sudeste,1751,1649,4,75
2026-02-16T09:00,Sul,1118,1049,2,55
2026-02-16T10:00,Norte,1041,960,3,65
2026-02-16T10:00,Nordeste,1243,1160,5,90
2026-02-16T10:00,Sudeste,1745,1660,4,75
2026-02-16T10:00,Sul,1135,1060,2,55
2026-02-16T11:00,Norte,1092,967,3,65
2026-02-16T11:00,Nordeste,1250,1167,5,90
2026-02-16T11:00,Sudeste,1762,1667,4,75
2026-02-16T11:00,Sul,1152,1067,2,55
2026-02-16T12:00,Norte,1122,970,3,65
2026-02-16T12:00,Nordeste,1312,1170,5,90
2026-02-16T12:00,Sudeste,1802,1670,4,75
2026-02-16T12:00,Sul,1228,1070,2,55
2026-02-16T13:00,Norte,1095,967,3,65
2026-02-16T13:00,Nordeste,1311,1167,5,90
2026-02-16T13:00,Sudeste,1810,1667,4,75
2026-02-16T13:00,Sul,1214,1067,2,55
2026-02-16T14:00,Norte,1116,960,3,65
2026-02-16T14:00,Nordeste,1298,1160,5,90
2026-02-16T14:00,Sudeste,1812,1660,4,75
2026-02-16T14:00,Sul,1167,1060,2,55
2026-02-16T15:00,Norte,1105,949,3,65
2026-02-16T15:00,Nordeste,1282,1149,5,90
2026-02-16T15:00,Sudeste,1763,1649,4,75
2026-02-16T15:00,Sul,1168,1049,2,55
2026-02-16T16:00,Norte,1071,934,3,65
2026-02-16T16:00,Nordeste,1290,1134,5,90
2026-02-16T16:00,Sudeste,1789,1634,4,75
2026-02-16T16:00,Sul,1158,1034,2,55
2026-02-16T17:00,Norte,1006,918,3,65
2026-02-16T17:00,Nordeste,1249,1118,5,90
2026-02-16T17:00,Sudeste,1764,1618,4,75
2026-02-16T17:00,Sul,1160,1018,2,55
2026-02-16T18:00,Norte,993,900,3,65
2026-02-16T18:00,Nordeste,1219,1100,5,90
2026-02-16T18:00,Sudeste,1718,1600,4,75
2026-02-16T18:00,Sul,1080,1000,2,55
2026-02-16T19:00,Norte,941,900,3,65
2026-02-16T19:00,Nordeste,1141,1100,5,90
2026-02-16T19:00,Sudeste,1638,1600,4,75
2026-02-16T19:00,Sul,1084,1000,2,55
2026-02-16T20:00,Norte,909,900,3,65
2026-02-16T20:00,Nordeste,1114,1100,5,90
2026-02-16T20:00,Sudeste,1672,1600,4,75
2026-02-16T20:00,Sul,1060,1000,2,55
2026-02-16T21:00,Norte,885,900,3,65
2026-02-16T21:00,Nordeste,1083,1100,5,90
2026-02-16T21:00,Sudeste,1609,1600,4,75
2026-02-16T21:00,Sul,1030,1000,2,55
2026-02-16T22:00,Norte,861,900,3,65
2026-02-16T22:00,Nordeste,1108,1100,5,90
2026-02-16T22:00,Sudeste,1589,1600,4,75
2026-02-16T22:00,Sul,1007,1000,2,55
2026-02-16T23:00,Norte,866,900,3,65
2026-02-16T23:00,Nordeste,1057,1100,5,90
2026-02-16T23:00,Sudeste,1531,1600,4,75
2026-02-16T23:00,Sul,992,1000,2,55
2026-02-17T00:00,Norte,861,900,3,65
2026-02-17T00:00,Nordeste,1057,1100,5,90
2026-02-17T00:00,Sudeste,1563,1600,4,75
2026-02-17T00:00,Sul,942,1000,2,55
2026-02-17T01:00,Norte,828,900,3,65
2026-02-17T01:00,Nordeste,1019,1100,5,90
2026-02-17T01:00,Sudeste,1566,1600,4,75
2026-02-17T01:00,Sul,940,1000,2,55
2026-02-17T02:00,Norte,818,900,3,65
2026-02-17T02:00,Nordeste,1060,1100,5,90
2026-02-17T02:00,Sudeste,1556,1600,4,75
2026-02-17T02:00,Sul,933,1000,2,55
2026-02-17T03:00,Norte,850,900,3,65
2026-02-17T03:00,Nordeste,1081,1100,5,90
2026-02-17T03:00,Sudeste,1534,1600,4,75
2026-02-17T03:00,Sul,959,1000,2,55
2026-02-17T04:00,Norte,892,900,3,65
2026-02-17T04:00,Nordeste,1047,1100,5,90
2026-02-17T04:00,Sudeste,1603,1600,4,75
2026-02-17T04:00,Sul,991,1000,2,55
2026-02-17T05:00,Norte,876,900,3,65
2026-02-17T05:00,Nordeste,1131,1100,5,90
2026-02-17T05:00,Sudeste,1601,1600,4,75
2026-02-17T05:00,Sul,1028,1000,2,55
2026-02-17T06:00,Norte,915,900,3,65
2026-02-17T06:00,Nordeste,1111,1100,5,90
2026-02-17T06:00,Sudeste,1639,1600,4,75
2026-02-17T06:00,Sul,1012,1000,2,55
2026-02-17T07:00,Norte,994,918,3,65
2026-02-17T07:00,Nordeste,1144,1118,5,90
2026-02-17T07:00,Sudeste,1686,1618,4,75
2026-02-17T07:00,Sul,1076,1018,2,55
2026-02-17T08:00,Norte,987,934,3,65
2026-02-17T08:00,Nordeste,1203,1134,5,90
2026-02-17T08:00,Sudeste,1694,1634,4,75
2026-02-17T08:00,Sul,1135,1034,2,55
2026-02-17T09:00,Norte,1037,949,3,65
2026-02-17T09:00,Nordeste,1211,1149,5,90
2026-02-17T09:00,Sudeste,1702,1649,4,75
2026-02-17T09:00,Sul,1123,1049,2,55
2026-02-17T10:00,Norte,1094,960,3,65
2026-02-17T10:00,Nordeste,1247,1160,5,90
2026-02-17T10:00,Sudeste,1785,1660,4,75
2026-02-17T10:00,Sul,1130,1060,2,55
2026-02-17T11:00,Norte,1069,967,3,65
2026-02-17T11:00,Nordeste,1263,1167,5,90
2026-02-17T11:00,Sudeste,1764,1667,4,75
2026-02-17T11:00,Sul,1200,1067,2,55
2026-02-17T12:00,Norte,1114,970,3,65
2026-02-17T12:00,Nordeste,1293,1170,5,90
2026-02-17T12:00,Sudeste,1801,1670,4,75
2026-02-17T12:00,Sul,1190,1070,2,55
2026-02-17T13:00,Norte,1071,967,3,65
2026-02-17T13:00,Nordeste,1279,1167,5,90
2026-02-17T13:00,Sudeste,1787,1667,4,75
2026-02-17T13:00,Sul,1215,1067,2,55
2026-02-17T14:00,Norte,1085,960,3,65
2026-02-17T14:00,Nordeste,1281,1160,5,90
2026-02-17T14:00,Sudeste,1778,1660,4,75
2026-02-17T14:00,Sul,1204,1060,2,55
2026-02-17T15:00,Norte,1117,949,3,65
2026-02-17T15:00,Nordeste,1268,1149,5,90
2026-02-17T15:00,Sudeste,1759,1649,4,75
2026-02-17T15:00,Sul,1175,1049,2,55
2026-02-17T16:00,Norte,1028,934,3,65
2026-02-17T16:00,Nordeste,1287,1134,5,90
2026-02-17T16:00,Sudeste,1761,1634,4,75
2026-02-17T16:00,Sul,1192,1034,2,55
2026-02-17T17:00,Norte,1024,918,3,65
2026-02-17T17:00,Nordeste,1216,1118,5,90
2026-02-17T17:00,Sudeste,1716,1618,4,75
2026-02-17T17:00,Sul,1154,1018,2,55
2026-02-17T18:00,Norte,1037,900,3,65
2026-02-17T18:00,Nordeste,1207,1100,5,90
2026-02-17T18:00,Sudeste,1728,1600,4,75
2026-02-17T18:00,Sul,1120,1000,2,55
2026-02-17T19:00,Norte,940,900,3,65
2026-02-17T19:00,Nordeste,1154,1100,5,90
2026-02-17T19:00,Sudeste,1653,1600,4,75
2026-02-17T19:00,Sul,1050,1000,2,55
2026-02-17T20:00,Norte,911,900,3,65
2026-02-17T20:00,Nordeste,1115,1100,5,90
2026-02-17T20:00,Sudeste,1612,1600,4,75
2026-02-17T20:00,Sul,1020,1000,2,55
2026-02-17T21:00,Norte,914,900,3,65
2026-02-17T21:00,Nordeste,1107,1100,5,90
2026-02-17T21:00,Sudeste,1628,1600,4,75
2026-02-17T21:00,Sul,999,1000,2,55
2026-02-17T22:00,Norte,913,900,3,65
2026-02-17T22:00,Nordeste,1075,1100,5,90
2026-02-17T22:00,Sudeste,1554,1600,4,75
2026-02-17T22:00,Sul,1009,1000,2,55
2026-02-17T23:00,Norte,880,900,3,65
2026-02-17T23:00,Nordeste,1035,1100,5,90
2026-02-17T23:00,Sudeste,1557,1600,4,75
2026-02-17T23:00,Sul,979,1000,2,55
2026-02-18T00:00,Norte,842,900,3,65
2026-02-18T00:00,Nordeste,1059,1100,5,90
2026-02-18T00:00,Sudeste,1568,1600,4,75
2026-02-18T00:00,Sul,917,1000,2,55
2026-02-18T01:00,Norte,845,900,3,65
2026-02-18T01:00,Nordeste,1010,1100,5,90
2026-02-18T01:00,Sudeste,1569,1600,4,75
2026-02-18T01:00,Sul,952,1000,2,55
2026-02-18T02:00,Norte,868,900,3,65
2026-02-18T02:00,Nordeste,1037,1100,5,90
2026-02-18T02:00,Sudeste,1526,1600,4,75
2026-02-18T02:00,Sul,918,1000,2,55
2026-02-18T03:00,Norte,883,900,3,65
2026-02-18T03:00,Nordeste,1085,1100,5,90
2026-02-18T03:00,Sudeste,1572,1600,4,75
2026-02-18T03:00,Sul,974,1000,2,55
2026-02-18T04:00,Norte,882,900,3,65
2026-02-18T04:00,Nordeste,1048,1100,5,90
2026-02-18T04:00,Sudeste,1573,1600,4,75
2026-02-18T04:00,Sul,946,1000,2,55
2026-02-18T05:00,Norte,939,900,3,65
2026-02-18T05:00,Nordeste,1101,1100,5,90
2026-02-18T05:00,Sudeste,1628,1600,4,75
2026-02-18T05:00,Sul,999,1000,2,55
2026-02-18T06:00,Norte,926,900,3,65
2026-02-18T06:00,Nordeste,1157,1100,5,90
2026-02-18T06:00,Sudeste,1661,1600,4,75
2026-02-18T06:00,Sul,1065,1000,2,55
2026-02-18T07:00,Norte,960,918,3,65
2026-02-18T07:00,Nordeste,1205,1118,5,90
2026-02-18T07:00,Sudeste,1648,1618,4,75
2026-02-18T07:00,Sul,1081,1018,2,55
2026-02-18T08:00,Norte,989,934,3,65
2026-02-18T08:00,Nordeste,1219,1134,5,90
2026-02-18T08:00,Sudeste,1707,1634,4,75
2026-02-18T08:00,Sul,1104,1034,2,55
2026-02-18T09:00,Norte,1059,949,3,65
2026-02-18T09:00,Nordeste,1249,1149,5,90
2026-02-18T09:00,Sudeste,1711,1649,4,75
2026-02-18T09:00,Sul,1138,1049,2,55
2026-02-18T10:00,Norte,1054,960,3,65
2026-02-18T10:00,Nordeste,1260,1160,5,90
2026-02-18T10:00,Sudeste,1739,1660,4,75
2026-02-18T10:00,Sul,1193,1060,2,55
2026-02-18T11:00,Norte,1117,967,3,65
2026-02-18T11:00,Nordeste,1275,1167,5,90
2026-02-18T11:00,Sudeste,1804,1667,4,75
2026-02-18T11:00,Sul,1156,1067,2,55
2026-02-18T12:00,Norte,1106,970,3,65
2026-02-18T12:00,Nordeste,1306,1170,5,90
2026-02-18T12:00,Sudeste,1798,1670,4,75
2026-02-18T12:00,Sul,1225,1070,2,55
2026-02-18T13:00,Norte,1095,967,3,65
2026-02-18T13:00,Nordeste,1305,1167,5,90
2026-02-18T13:00,Sudeste,1775,1667,4,75
2026-02-18T13:00,Sul,1195,1067,2,55
2026-02-18T14:00,Norte,1108,960,3,65
2026-02-18T14:00,Nordeste,1326,1160,5,90
2026-02-18T14:00,Sudeste,1778,1660,4,75
2026-02-18T14:00,Sul,1165,1060,2,55
2026-02-18T15:00,Norte,1083,949,3,65
2026-02-18T15:00,Nordeste,1264,1149,5,90
2026-02-18T15:00,Sudeste,1805,1649,4,75
2026-02-18T15:00,Sul,1156,1049,2,55
2026-02-18T16:00,Norte,1047,934,3,65
2026-02-18T16:00,Nordeste,1267,1134,5,90
2026-02-18T16:00,Sudeste,1789,1634,4,75
2026-02-18T16:00,Sul,1173,1034,2,55
2026-02-18T17:00,Norte,1014,918,3,65
2026-02-18T17:00,Nordeste,1218,1118,5,90
2026-02-18T17:00,Sudeste,1710,1618,4,75
2026-02-18T17:00,Sul,1155,1018,2,55
2026-02-18T18:00,Norte,1002,900,3,65
2026-02-18T18:00,Nordeste,1211,1100,5,90
2026-02-18T18:00,Sudeste,1695,1600,4,75
2026-02-18T18:00,Sul,1098,1000,2,55
2026-02-18T19:00,Norte,999,900,3,65
2026-02-18T19:00,Nordeste,1163,1100,5,90
2026-02-18T19:00,Sudeste,1666,1600,4,75
2026-02-18T19:00,Sul,1089,1000,2,55
2026-02-18T20:00,Norte,907,900,3,65
2026-02-18T20:00,Nordeste,1158,1100,5,90
2026-02-18T20:00,Sudeste,1620,1600,4,75
2026-02-18T20:00,Sul,1029,1000,2,55
2026-02-18T21:00,Norte,938,900,3,65
2026-02-18T21:00,Nordeste,1091,1100,5,90
2026-02-18T21:00,Sudeste,1620,1600,4,75
2026-02-18T21:00,Sul,1037,1000,2,55
2026-02-18T22:00,Norte,864,900,3,65
2026-02-18T22:00,Nordeste,1068,1100,5,90
2026-02-18T22:00,Sudeste,1604,1600,4,75
2026-02-18T22:00,Sul,977,1000,2,55
2026-02-18T23:00,Norte,861,900,3,65
2026-02-18T23:00,Nordeste,1032,1100,5,90
2026-02-18T23:00,Sudeste,1533,1600,4,75
2026-02-18T23:00,Sul,961,1000,2,55
2026-02-19T00:00,Norte,822,900,3,65
2026-02-19T00:00,Nordeste,1011,1100,5,90
2026-02-19T00:00,Sudeste,1559,1600,4,75
2026-02-19T00:00,Sul,941,1000,2,55
2026-02-19T01:00,Norte,835,900,3,65
2026-02-19T01:00,Nordeste,1013,1100,5,90
2026-02-19T01:00,Sudeste,1566,1600,4,75
2026-02-19T01:00,Sul,970,1000,2,55
2026-02-19T02:00,Norte,821,900,3,65
2026-02-19T02:00,Nordeste,1045,1100,5,90
2026-02-19T02:00,Sudeste,1563,1600,4,75
2026-02-19T02:00,Sul,910,1000,2,55
2026-02-19T03:00,Norte,880,900,3,65
2026-02-19T03:00,Nordeste,1050,1100,5,90
2026-02-19T03:00,Sudeste,1566,1600,4,75
2026-02-19T03:00,Sul,983,1000,2,55
2026-02-19T04:00,Norte,846,900,3,65
2026-02-19T04:00,Nordeste,1083,1100,5,90
2026-02-19T04:00,Sudeste,1591,1600,4,75
2026-02-19T04:00,Sul,956,1000,2,55
2026-02-19T05:00,Norte,925,900,3,65
2026-02-19T05:00,Nordeste,1077,1100,5,90
2026-02-19T05:00,Sudeste,1599,1600,4,75
2026-02-19T05:00,Sul,1020,1000,2,55
2026-02-19T06:00,Norte,922,900,3,65
2026-02-19T06:00,Nordeste,1128,1100,5,90
2026-02-19T06:00,Sudeste,1638,1600,4,75
2026-02-19T06:00,Sul,1022,1000,2,55
2026-02-19T07:00,Norte,970,918,3,65
2026-02-19T07:00,Nordeste,1182,1118,5,90
2026-02-19T07:00,Sudeste,1694,1618,4,75
2026-02-19T07:00,Sul,1076,1018,2,55
2026-02-19T08:00,Norte,1038,934,3,65
2026-02-19T08:00,Nordeste,1185,1134,5,90
2026-02-19T08:00,Sudeste,1715,1634,4,75
2026-02-19T08:00,Sul,1109,1034,2,55
2026-02-19T09:00,Norte,1028,949,3,65
2026-02-19T09:00,Nordeste,1231,1149,5,90
2026-02-19T09:00,Sudeste,1754,1649,4,75
2026-02-19T09:00,Sul,1126,1049,2,55
2026-02-19T10:00,Norte,1083,960,3,65
2026-02-19T10:00,Nordeste,1292,1160,5,90
2026-02-19T10:00,Sudeste,1738,1660,4,75
2026-02-19T10:00,Sul,1138,1060,2,55
2026-02-19T11:00,Norte,1105,967,3,65
2026-02-19T11:00,Nordeste,1308,1167,5,90
2026-02-19T11:00,Sudeste,1794,1667,4,75
2026-02-19T11:00,Sul,1159,1067,2,55
2026-02-19T12:00,Norte,1101,970,3,65
2026-02-19T12:00,Nordeste,1298,1170,5,90
2026-02-19T12:00,Sudeste,1800,1670,4,75
2026-02-19T12:00,Sul,1181,1070,2,55
2026-02-19T13:00,Norte,1111,967,3,65
2026-02-19T13:00,Nordeste,1331,1167,5,90
2026-02-19T13:00,Sudeste,1806,1667,4,75
2026-02-19T13:00,Sul,1181,1067,2,55
2026-02-19T14:00,Norte,1109,960,3,65
2026-02-19T14:00,Nordeste,1291,1160,5,90
2026-02-19T14:00,Sudeste,1797,1660,4,75
2026-02-19T14:00,Sul,1164,1060,2,55
2026-02-19T15:00,Norte,1061,949,3,65
2026-02-19T15:00,Nordeste,1258,1149,5,90
2026-02-19T15:00,Sudeste,1785,1649,4,75
2026-02-19T15:00,Sul,1150,1049,2,55
2026-02-19T16:00,Norte,1064,934,3,65
2026-02-19T16:00,Nordeste,1239,1134,5,90
2026-02-19T16:00,Sudeste,1795,1634,4,75
2026-02-19T16:00,Sul,1177,1034,2,55
2026-02-19T17:00,Norte,1007,918,3,65
2026-02-19T17:00,Nordeste,1241,1118,5,90
2026-02-19T17:00,Sudeste,1741,1618,4,75
2026-02-19T17:00,Sul,1125,1018,2,55
2026-02-19T18:00,Norte,988,900,3,65
2026-02-19T18:00,Nordeste,1182,1100,5,90
2026-02-19T18:00,Sudeste,1681,1600,4,75
2026-02-19T18:00,Sul,1129,1000,2,55
2026-02-19T19:00,Norte,935,900,3,65
2026-02-19T19:00,Nordeste,1174,1100,5,90
2026-02-19T19:00,Sudeste,1672,1600,4,75
2026-02-19T19:00,Sul,1037,1000,2,55
2026-02-19T20:00,Norte,950,900,3,65
2026-02-19T20:00,Nordeste,1155,1100,5,90
2026-02-19T20:00,Sudeste,1644,1600,4,75
2026-02-19T20:00,Sul,1006,1000,2,55
2026-02-19T21:00,Norte,879,900,3,65
2026-02-19T21:00,Nordeste,1129,1100,5,90
2026-02-19T21:00,Sudeste,1610,1600,4,75
2026-02-19T21:00,Sul,989,1000,2,55
2026-02-19T22:00,Norte,887,900,3,65
2026-02-19T22:00,Nordeste,1082,1100,5,90
2026-02-19T22:00,Sudeste,1546,1600,4,75
2026-02-19T22:00,Sul,1003,1000,2,55
2026-02-19T23:00,Norte,873,900,3,65
2026-02-19T23:00,Nordeste,1052,1100,5,90
2026-02-19T23:00,Sudeste,1523,1600,4,75
2026-02-19T23:00,Sul,989,1000,2,55
2026-02-20T00:00,Norte,828,900,3,65
2026-02-20T00:00,Nordeste,1016,1100,5,90
2026-02-20T00:00,Sudeste,1518,1600,4,75
2026-02-20T00:00,Sul,972,1000,2,55
2026-02-20T01:00,Norte,843,900,3,65
2026-02-20T01:00,Nordeste,1069,1100,5,90
2026-02-20T01:00,Sudeste,1511,1600,4,75
2026-02-20T01:00,Sul,935,1000,2,55
2026-02-20T02:00,Norte,828,900,3,65
2026-02-20T02:00,Nordeste,1010,1100,5,90
2026-02-20T02:00,Sudeste,1536,1600,4,75
2026-02-20T02:00,Sul,934,1000,2,55
2026-02-20T03:00,Norte,880,900,3,65
2026-02-20T03:00,Nordeste,1065,1100,5,90
2026-02-20T03:00,Sudeste,1567,1600,4,75
2026-02-20T03:00,Sul,941,1000,2,55
2026-02-20T04:00,Norte,856,900,3,65
2026-02-20T04:00,Nordeste,1062,1100,5,90
2026-02-20T04:00,Sudeste,1591,1600,4,75
2026-02-20T04:00,Sul,1003,1000,2,55
2026-02-20T05:00,Norte,909,900,3,65
2026-02-20T05:00,Nordeste,1137,1100,5,90
2026-02-20T05:00,Sudeste,1577,1600,4,75
2026-02-20T05:00,Sul,974,1000,2,55
2026-02-20T06:00,Norte,912,900,3,65
2026-02-20T06:00,Nordeste,1145,1100,5,90
2026-02-20T06:00,Sudeste,1653,1600,4,75
2026-02-20T06:00,Sul,1044,1000,2,55
2026-02-20T07:00,Norte,995,918,3,65
2026-02-20T07:00,Nordeste,1143,1118,5,90
2026-02-20T07:00,Sudeste,1703,1618,4,75
2026-02-20T07:00,Sul,1044,1018,2,55
2026-02-20T08:00,Norte,1008,934,3,65
2026-02-20T08:00,Nordeste,1228,1134,5,90
2026-02-20T08:00,Sudeste,1679,1634,4,75
2026-02-20T08:00,Sul,1123,1034,2,55
2026-02-20T09:00,Norte,1039,949,3,65
2026-02-20T09:00,Nordeste,1205,1149,5,90
2026-02-20T09:00,Sudeste,1734,1649,4,75
2026-02-20T09:00,Sul,1117,1049,2,55
2026-02-20T10:00,Norte,1083,960,3,65
2026-02-20T10:00,Nordeste,1246,1160,5,90
2026-02-20T10:00,Sudeste,1766,1660,4,75
2026-02-20T10:00,Sul,1153,1060,2,55
2026-02-20T11:00,Norte,1062,967,3,65
2026-02-20T11:00,Nordeste,1311,1167,5,90
2026-02-20T11:00,Sudeste,1800,1667,4,75
2026-02-20T11:00,Sul,1206,1067,2,55
2026-02-20T12:00,Norte,1093,970,3,65
2026-02-20T12:00,Nordeste,1275,1170,5,90
2026-02-20T12:00,Sudeste,1788,1670,4,75
2026-02-20T12:00,Sul,1201,1070,2,55
2026-02-20T13:00,Norte,1068,967,3,65
2026-02-20T13:00,Nordeste,1322,1167,5,90
2026-02-20T13:00,Sudeste,1830,1667,4,75
2026-02-20T13:00,Sul,1198,1067,2,55
2026-02-20T14:00,Norte,1073,960,3,65
2026-02-20T14:00,Nordeste,1269,1160,5,90
2026-02-20T14:00,Sudeste,1818,1660,4,75
2026-02-20T14:00,Sul,1228,1060,2,55
2026-02-20T15:00,Norte,1078,949,3,65
2026-02-20T15:00,Nordeste,1296,1149,5,90
2026-02-20T15:00,Sudeste,1795,1649,4,75
2026-02-20T15:00,Sul,1168,1049,2,55
2026-02-20T16:00,Norte,1096,934,3,65
2026-02-20T16:00,Nordeste,1286,1134,5,90
2026-02-20T16:00,Sudeste,1791,1634,4,75
2026-02-20T16:00,Sul,1155,1034,2,55
2026-02-20T17:00,Norte,1022,918,3,65
2026-02-20T17:00,Nordeste,1244,1118,5,90
2026-02-20T17:00,Sudeste,1712,1618,4,75
2026-02-20T17:00,Sul,1153,1018,2,55
2026-02-20T18:00,Norte,1038,900,3,65
2026-02-20T18:00,Nordeste,1180,1100,5,90
2026-02-20T18:00,Sudeste,1699,1600,4,75
2026-02-20T18:00,Sul,1102,1000,2,55
2026-02-20T19:00,Norte,965,900,3,65
2026-02-20T19:00,Nordeste,1156,1100,5,90
2026-02-20T19:00,Sudeste,1652,1600,4,75
2026-02-20T19:00,Sul,1042,1000,2,55
2026-02-20T20:00,Norte,912,900,3,65
2026-02-20T20:00,Nordeste,1123,1100,5,90
2026-02-20T20:00,Sudeste,1643,1600,4,75
2026-02-20T20:00,Sul,1064,1000,2,55
2026-02-20T21:00,Norte,924,900,3,65
2026-02-20T21:00,Nordeste,1091,1100,5,90
2026-02-20T21:00,Sudeste,1595,1600,4,75
2026-02-20T21:00,Sul,1030,1000,2,55
2026-02-20T22:00,Norte,876,900,3,65
2026-02-20T22:00,Nordeste,1113,1100,5,90
2026-02-20T22:00,Sudeste,1562,1600,4,75
2026-02-20T22:00,Sul,956,1000,2,55
2026-02-20T23:00,Norte,828,900,3,65
2026-02-20T23:00,Nordeste,1093,1100,5,90
2026-02-20T23:00,Sudeste,1572,1600,4,75
2026-02-20T23:00,Sul,923,1000,2,55
2026-02-21T00:00,Norte,877,900,3,65
2026-02-21T00:00,Nordeste,1069,1100,5,90
2026-02-21T00:00,Sudeste,1574,1600,4,75
2026-02-21T00:00,Sul,933,1000,2,55
2026-02-21T01:00,Norte,866,900,3,65
2026-02-21T01:00,Nordeste,1055,1100,5,90
2026-02-21T01:00,Sudeste,1549,1600,4,75
2026-02-21T01:00,Sul,962,1000,2,55
2026-02-21T02:00,Norte,824,900,3,65
2026-02-21T02:00,Nordeste,1015,1100,5,90
2026-02-21T02:00,Sudeste,1574,1600,4,75
2026-02-21T02:00,Sul,948,1000,2,55
2026-02-21T03:00,Norte,856,900,3,65
2026-02-21T03:00,Nordeste,1028,1100,5,90
2026-02-21T03:00,Sudeste,1524,1600,4,75
2026-02-21T03:00,Sul,952,1000,2,55
2026-02-21T04:00,Norte,861,900,3,65
2026-02-21T04:00,Nordeste,1083,1100,5,90
2026-02-21T04:00,Sudeste,1559,1600,4,75
2026-02-21T04:00,Sul,1012,1000,2,55
2026-02-21T05:00,Norte,920,900,3,65
2026-02-21T05:00,Nordeste,1098,1100,5,90
2026-02-21T05:00,Sudeste,1609,1600,4,75
2026-02-21T05:00,Sul,1021,1000,2,55
2026-02-21T06:00,Norte,936,900,3,65
2026-02-21T06:00,Nordeste,1104,1100,5,90
2026-02-21T06:00,Sudeste,1617,1600,4,75
2026-02-21T06:00,Sul,1015,1000,2,55
2026-02-21T07:00,Norte,952,918,3,65
2026-02-21T07:00,Nordeste,1197,1118,5,90
2026-02-21T07:00,Sudeste,1691,1618,4,75
2026-02-21T07:00,Sul,1082,1018,2,55
2026-02-21T08:00,Norte,1018,934,3,65
2026-02-21T08:00,Nordeste,1197,1134,5,90
2026-02-21T08:00,Sudeste,1697,1634,4,75
2026-02-21T08:00,Sul,1127,1034,2,55
2026-02-21T09:00,Norte,1004,949,3,65
2026-02-21T09:00,Nordeste,1263,1149,5,90
2026-02-21T09:00,Sudeste,1765,1649,4,75
2026-02-21T09:00,Sul,1164,1049,2,55
2026-02-21T10:00,Norte,1027,960,3,65
2026-02-21T10:00,Nordeste,1272,1160,5,90
2026-02-21T10:00,Sudeste,1776,1660,4,75
2026-02-21T10:00,Sul,1192,1060,2,55
2026-02-21T11:00,Norte,1089,967,3,65
2026-02-21T11:00,Nordeste,1262,1167,5,90
2026-02-21T11:00,Sudeste,1791,1667,4,75
2026-02-21T11:00,Sul,1151,1067,2,55
2026-02-21T12:00,Norte,1117,970,3,65
2026-02-21T12:00,Nordeste,1285,1170,5,90
2026-02-21T12:00,Sudeste,1814,1670,4,75
2026-02-21T12:00,Sul,1183,1070,2,55
2026-02-21T13:00,Norte,1073,967,3,65
2026-02-21T13:00,Nordeste,1293,1167,5,90
2026-02-21T13:00,Sudeste,1779,1667,4,75
2026-02-21T13:00,Sul,1214,1067,2,55
2026-02-21T14:00,Norte,1095,960,3,65
2026-02-21T14:00,Nordeste,1323,1160,5,90
2026-02-21T14:00,Sudeste,1795,1660,4,75
2026-02-21T14:00,Sul,1175,1060,2,55
2026-02-21T15:00,Norte,1111,949,3,65
2026-02-21T15:00,Nordeste,1299,1149,5,90
2026-02-21T15:00,Sudeste,1809,1649,4,75
2026-02-21T15:00,Sul,1213,1049,2,55
2026-02-21T16:00,Norte,1080,934,3,65
2026-02-21T16:00,Nordeste,1237,1134,5,90
2026-02-21T16:00,Sudeste,1728,1634,4,75
2026-02-21T16:00,Sul,1128,1034,2,55
2026-02-21T17:00,Norte,1057,918,3,65
2026-02-21T17:00,Nordeste,1248,1118,5,90
2026-02-21T17:00,Sudeste,1739,1618,4,75
2026-02-21T17:00,Sul,1100,1018,2,55
2026-02-21T18:00,Norte,1024,900,3,65
2026-02-21T18:00,Nordeste,1226,1100,5,90
2026-02-21T18:00,Sudeste,1676,1600,4,75
2026-02-21T18:00,Sul,1137,1000,2,55
2026-02-21T19:00,Norte,977,900,3,65
2026-02-21T19:00,Nordeste,1137,1100,5,90
2026-02-21T19:00,Sudeste,1705,1600,4,75
2026-02-21T19:00,Sul,1079,1000,2,55
2026-02-21T20:00,Norte,917,900,3,65
2026-02-21T20:00,Nordeste,1103,1100,5,90
2026-02-21T20:00,Sudeste,1611,1600,4,75
2026-02-21T20:00,Sul,1056,1000,2,55
2026-02-21T21:00,Norte,899,900,3,65
2026-02-21T21:00,Nordeste,1104,1100,5,90
2026-02-21T21:00,Sudeste,1582,1600,4,75
2026-02-21T21:00,Sul,1037,1000,2,55
2026-02-21T22:00,Norte,893,900,3,65
2026-02-21T22:00,Nordeste,1072,1100,5,90
2026-02-21T22:00,Sudeste,1613,1600,4,75
2026-02-21T22:00,Sul,979,1000,2,55
2026-02-21T23:00,Norte,859,900,3,65
2026-02-21T23:00,Nordeste,1061,1100,5,90
2026-02-21T23:00,Sudeste,1557,1600,4,75
2026-02-21T23:00,Sul,979,1000,2,55
2026-02-22T00:00,Norte,858,900,3,65
2026-02-22T00:00,Nordeste,1026,1100,5,90
2026-02-22T00:00,Sudeste,1557,1600,4,75
2026-02-22T00:00,Sul,955,1000,2,55
2026-02-22T01:00,Norte,869,900,3,65
2026-02-22T01:00,Nordeste,1055,1100,5,90
2026-02-22T01:00,Sudeste,1550,1600,4,75
2026-02-22T01:00,Sul,924,1000,2,55
2026-02-22T02:00,Norte,720,900,3,65
2026-02-22T02:00,Nordeste,862,1100,5,90
2026-02-22T02:00,Sudeste,1372,1600,4,75
2026-02-22T02:00,Sul,801,1000,2,55
2026-02-22T03:00,Norte,720,900,3,65
2026-02-22T03:00,Nordeste,888,1100,5,90
2026-02-22T03:00,Sudeste,1383,1600,4,75
2026-02-22T03:00,Sul,816,1000,2,55
2026-02-22T04:00,Norte,743,900,3,65
2026-02-22T04:00,Nordeste,962,1100,5,90
2026-02-22T04:00,Sudeste,1438,1600,4,75
2026-02-22T04:00,Sul,851,1000,2,55
2026-02-22T05:00,Norte,750,900,3,65
2026-02-22T05:00,Nordeste,926,1100,5,90
2026-02-22T05:00,Sudeste,1490,1600,4,75
2026-02-22T05:00,Sul,889,1000,2,55
2026-02-22T06:00,Norte,818,900,3,65
2026-02-22T06:00,Nordeste,977,1100,5,90
2026-02-22T06:00,Sudeste,1502,1600,4,75
2026-02-22T06:00,Sul,901,1000,2,55
2026-02-22T07:00,Norte,799,918,3,65
2026-02-22T07:00,Nordeste,1021,1118,5,90
2026-02-22T07:00,Sudeste,1548,1618,4,75
2026-02-22T07:00,Sul,928,1018,2,55
2026-02-22T08:00,Norte,850,934,3,65
2026-02-22T08:00,Nordeste,1045,1134,5,90
2026-02-22T08:00,Sudeste,1536,1634,4,75
2026-02-22T08:00,Sul,956,1034,2,55
2026-02-22T09:00,Norte,869,949,3,65
2026-02-22T09:00,Nordeste,1081,1149,5,90
2026-02-22T09:00,Sudeste,1598,1649,4,75
2026-02-22T09:00,Sul,955,1049,2,55
2026-02-22T10:00,Norte,876,960,3,65
2026-02-22T10:00,Nordeste,1119,1160,5,90
2026-02-22T10:00,Sudeste,1610,1660,4,75
2026-02-22T10:00,Sul,1025,1060,2,55
2026-02-22T11:00,Norte,930,967,3,65
2026-02-22T11:00,Nordeste,1121,1167,5,90
2026-02-22T11:00,Sudeste,1652,1667,4,75
2026-02-22T11:00,Sul,1066,1067,2,55
2026-02-22T12:00,Norte,919,970,3,65
2026-02-22T12:00,Nordeste,1140,1170,5,90
2026-02-22T12:00,Sudeste,1650,1670,4,75
2026-02-22T12:00,Sul,1059,1070,2,55
2026-02-22T13:00,Norte,956,967,3,65
2026-02-22T13:00,Nordeste,1158,1167,5,90
2026-02-22T13:00,Sudeste,1647,1667,4,75
2026-02-22T13:00,Sul,1026,1067,2,55
2026-02-22T14:00,Norte,936,960,3,65
2026-02-22T14:00,Nordeste,1144,1160,5,90
2026-02-22T14:00,Sudeste,1643,1660,4,75
2026-02-22T14:00,Sul,1054,1060,2,55
2026-02-22T15:00,Norte,966,949,3,65
2026-02-22T15:00,Nordeste,1112,1149,5,90
2026-02-22T15:00,Sudeste,1617,1649,4,75
2026-02-22T15:00,Sul,1036,1049,2,55
2026-02-22T16:00,Norte,941,934,3,65
2026-02-22T16:00,Nordeste,1116,1134,5,90
2026-02-22T16:00,Sudeste,1612,1634,4,75
2026-02-22T16:00,Sul,1012,1034,2,55
2026-02-22T17:00,Norte,855,918,3,65
2026-02-22T17:00,Nordeste,1072,1118,5,90
2026-02-22T17:00,Sudeste,1568,1618,4,75
2026-02-22T17:00,Sul,1014,1018,2,55
2026-02-22T18:00,Norte,819,900,3,65
2026-02-22T18:00,Nordeste,1038,1100,5,90
2026-02-22T18:00,Sudeste,1558,1600,4,75
2026-02-22T18:00,Sul,964,1000,2,55
2026-02-22T19:00,Norte,794,900,3,65
2026-02-22T19:00,Nordeste,1024,1100,5,90
2026-02-22T19:00,Sudeste,1504,1600,4,75
2026-02-22T19:00,Sul,954,1000,2,55
2026-02-22T20:00,Norte,786,900,3,65
2026-02-22T20:00,Nordeste,981,1100,5,90
2026-02-22T20:00,Sudeste,1519,1600,4,75
2026-02-22T20:00,Sul,912,1000,2,55
2026-02-22T21:00,Norte,786,900,3,65
2026-02-22T21:00,Nordeste,983,1100,5,90
2026-02-22T21:00,Sudeste,1447,1600,4,75
2026-02-22T21:00,Sul,835,1000,2,55
2026-02-22T22:00,Norte,703,900,3,65
2026-02-22T22:00,Nordeste,924,1100,5,90
2026-02-22T22:00,Sudeste,1405,1600,4,75
2026-02-22T22:00,Sul,812,1000,2,55
2026-02-22T23:00,Norte,679,900,3,65
2026-02-22T23:00,Nordeste,923,1100,5,90
2026-02-22T23:00,Sudeste,1417,1600,4,75
2026-02-22T23:00,Sul,786,1000,2,55
2026-02-23T00:00,Norte,714,900,3,65
2026-02-23T00:00,Nordeste,913,1100,5,90
2026-02-23T00:00,Sudeste,1389,1600,4,75
2026-02-23T00:00,Sul,799,1000,2,55
2026-02-23T01:00,Norte,720,900,3,65
2026-02-23T01:00,Nordeste,892,1100,5,90
2026-02-23T01:00,Sudeste,1385,1600,4,75
2026-02-23T01:00,Sul,819,1000,2,55
2026-02-23T02:00,Norte,711,900,3,65
2026-02-23T02:00,Nordeste,904,1100,5,90
2026-02-23T02:00,Sudeste,1365,1600,4,75
2026-02-23T02:00,Sul,812,1000,2,55
2026-02-23T03:00,Norte,713,900,3,65
2026-02-23T03:00,Nordeste,921,1100,5,90
2026-02-23T03:00,Sudeste,1435,1600,4,75
2026-02-23T03:00,Sul,814,1000,2,55
2026-02-23T04:00,Norte,744,900,3,65
2026-02-23T04:00,Nordeste,964,1100,5,90
2026-02-23T04:00,Sudeste,1416,1600,4,75
2026-02-23T04:00,Sul,829,1000,2,55
2026-02-23T05:00,Norte,733,900,3,65
2026-02-23T05:00,Nordeste,940,1100,5,90
2026-02-23T05:00,Sudeste,1440,1600,4,75
2026-02-23T05:00,Sul,822,1000,2,55
2026-02-23T06:00,Norte,768,900,3,65
2026-02-23T06:00,Nordeste,962,1100,5,90
2026-02-23T06:00,Sudeste,1521,1600,4,75
2026-02-23T06:00,Sul,901,1000,2,55
2026-02-23T07:00,Norte,851,918,3,65
2026-02-23T07:00,Nordeste,992,1118,5,90
2026-02-23T07:00,Sudeste,1511,1618,4,75
2026-02-23T07:00,Sul,901,1018,2,55
2026-02-23T08:00,Norte,842,934,3,65
2026-02-23T08:00,Nordeste,1050,1134,5,90
2026-02-23T08:00,Sudeste,1581,1634,4,75
2026-02-23T08:00,Sul,970,1034,2,55
2026-02-23T09:00,Norte,890,949,3,65
2026-02-23T09:00,Nordeste,1073,1149,5,90
2026-02-23T09:00,Sudeste,1556,1649,4,75
2026-02-23T09:00,Sul,972,1049,2,55
2026-02-23T10:00,Norte,945,960,3,65
2026-02-23T10:00,Nordeste,1093,1160,5,90
2026-02-23T10:00,Sudeste,1629,1660,4,75
2026-02-23T10:00,Sul,1022,1060,2,55
2026-02-23T11:00,Norte,954,967,3,65
2026-02-23T11:00,Nordeste,1163,1167,5,90
2026-02-23T11:00,Sudeste,1631,1667,4,75
2026-02-23T11:00,Sul,1019,1067,2,55
2026-02-23T12:00,Norte,920,970,3,65
2026-02-23T12:00,Nordeste,1145,1170,5,90
2026-02-23T12:00,Sudeste,1611,1670,4,75
2026-02-23T12:00,Sul,1028,1070,2,55
2026-02-23T13:00,Norte,968,967,3,65
2026-02-23T13:00,Nordeste,1138,1167,5,90
2026-02-23T13:00,Sudeste,1675,1667,4,75
2026-02-23T13:00,Sul,1016,1067,2,55
2026-02-23T14:00,Norte,929,960,3,65
2026-02-23T14:00,Nordeste,1155,1160,5,90
2026-02-23T14:00,Sudeste,1610,1660,4,75
2026-02-23T14:00,Sul,1048,1060,2,55
2026-02-23T15:00,Norte,931,949,3,65
2026-02-23T15:00,Nordeste,1106,1149,5,90
2026-02-23T15:00,Sudeste,1657,1649,4,75
2026-02-23T15:00,Sul,1021,1049,2,55
2026-02-23T16:00,Norte,909,934,3,65
2026-02-23T16:00,Nordeste,1115,1134,5,90
2026-02-23T16:00,Sudeste,1611,1634,4,75
2026-02-23T16:00,Sul,1038,1034,2,55
2026-02-23T17:00,Norte,850,918,3,65
2026-02-23T17:00,Nordeste,1109,1118,5,90
2026-02-23T17:00,Sudeste,1594,1618,4,75
2026-02-23T17:00,Sul,991,1018,2,55
2026-02-23T18:00,Norte,833,900,3,65
2026-02-23T18:00,Nordeste,1021,1100,5,90
2026-02-23T18:00,Sudeste,1534,1600,4,75
2026-02-23T18:00,Sul,982,1000,2,55
2026-02-23T19:00,Norte,808,900,3,65
2026-02-23T19:00,Nordeste,1022,1100,5,90
2026-02-23T19:00,Sudeste,1549,1600,4,75
2026-02-23T19:00,Sul,899,1000,2,55
2026-02-23T20:00,Norte,799,900,3,65
2026-02-23T20:00,Nordeste,972,1100,5,90
2026-02-23T20:00,Sudeste,1514,1600,4,75
2026-02-23T20:00,Sul,907,1000,2,55
2026-02-23T21:00,Norte,721,900,3,65
2026-02-23T21:00,Nordeste,942,1100,5,90
2026-02-23T21:00,Sudeste,1442,1600,4,75
2026-02-23T21:00,Sul,852,1000,2,55
2026-02-23T22:00,Norte,728,900,3,65
2026-02-23T22:00,Nordeste,942,1100,5,90
2026-02-23T22:00,Sudeste,1455,1600,4,75
2026-02-23T22:00,Sul,846,1000,2,55
2026-02-23T23:00,Norte,677,900,3,65
2026-02-23T23:00,Nordeste,917,1100,5,90
2026-02-23T23:00,Sudeste,1438,1600,4,75
2026-02-23T23:00,Sul,822,1000,2,55
2026-02-24T00:00,Norte,661,900,3,65
2026-02-24T00:00,Nordeste,876,1100,5,90
2026-02-24T00:00,Sudeste,1421,1600,4,75
2026-02-24T00:00,Sul,809,1000,2,55
2026-02-24T01:00,Norte,689,900,3,65
2026-02-24T01:00,Nordeste,869,1100,5,90
2026-02-24T01:00,Sudeste,1399,1600,4,75
2026-02-24T01:00,Sul,778,1000,2,55
2026-02-24T02:00,Norte,722,900,3,65
2026-02-24T02:00,Nordeste,902,1100,5,90
2026-02-24T02:00,Sudeste,1361,1600,4,75
2026-02-24T02:00,Sul,796,1000,2,55
2026-02-24T03:00,Norte,692,900,3,65
2026-02-24T03:00,Nordeste,936,1100,5,90
2026-02-24T03:00,Sudeste,1424,1600,4,75
2026-02-24T03:00,Sul,841,1000,2,55
2026-02-24T04:00,Norte,742,900,3,65
2026-02-24T04:00,Nordeste,900,1100,5,90
2026-02-24T04:00,Sudeste,1407,1600,4,75
2026-02-24T04:00,Sul,855,1000,2,55
2026-02-24T05:00,Norte,763,900,3,65
2026-02-24T05:00,Nordeste,989,1100,5,90
2026-02-24T05:00,Sudeste,1438,1600,4,75
2026-02-24T05:00,Sul,888,1000,2,55
2026-02-24T06:00,Norte,806,900,3,65
2026-02-24T06:00,Nordeste,975,1100,5,90
2026-02-24T06:00,Sudeste,1488,1600,4,75
2026-02-24T06:00,Sul,883,1000,2,55
2026-02-24T07:00,Norte,810,918,3,65
2026-02-24T07:00,Nordeste,1024,1118,5,90
2026-02-24T07:00,Sudeste,1533,1618,4,75
2026-02-24T07:00,Sul,946,1018,2,55
2026-02-24T08:00,Norte,859,934,3,65
2026-02-24T08:00,Nordeste,1031,1134,5,90
2026-02-24T08:00,Sudeste,1566,1634,4,75
2026-02-24T08:00,Sul,956,1034,2,55
2026-02-24T09:00,Norte,851,949,3,65
2026-02-24T09:00,Nordeste,1103,1149,5,90
2026-02-24T09:00,Sudeste,1587,1649,4,75
2026-02-24T09:00,Sul,980,1049,2,55
2026-02-24T10:00,Norte,919,960,3,65
2026-02-24T10:00,Nordeste,1117,1160,5,90
2026-02-24T10:00,Sudeste,1635,1660,4,75
2026-02-24T10:00,Sul,1040,1060,2,55
2026-02-24T11:00,Norte,910,967,3,65
2026-02-24T11:00,Nordeste,1154,1167,5,90
2026-02-24T11:00,Sudeste,1615,1667,4,75
2026-02-24T11:00,Sul,1016,1067,2,55
2026-02-24T12:00,Norte,961,970,3,65
2026-02-24T12:00,Nordeste,1152,1170,5,90
2026-02-24T12:00,Sudeste,1667,1670,4,75
2026-02-24T12:00,Sul,1068,1070,2,55
2026-02-24T13:00,Norte,963,967,3,65
2026-02-24T13:00,Nordeste,1128,1167,5,90
2026-02-24T13:00,Sudeste,1621,1667,4,75
2026-02-24T13:00,Sul,1072,1067,2,55
2026-02-24T14:00,Norte,917,960,3,65
2026-02-24T14:00,Nordeste,1154,1160,5,90
2026-02-24T14:00,Sudeste,1641,1660,4,75
2026-02-24T14:00,Sul,1018,1060,2,55
2026-02-24T15:00,Norte,963,949,3,65
2026-02-24T15:00,Nordeste,1117,1149,5,90
2026-02-24T15:00,Sudeste,1604,1649,4,75
2026-02-24T15:00,Sul,1050,1049,2,55
2026-02-24T16:00,Norte,878,934,3,65
2026-02-24T16:00,Nordeste,1132,1134,5,90
2026-02-24T16:00,Sudeste,1634,1634,4,75
2026-02-24T16:00,Sul,1016,1034,2,55
2026-02-24T17:00,Norte,867,918,3,65
2026-02-24T17:00,Nordeste,1082,1118,5,90
2026-02-24T17:00,Sudeste,1600,1618,4,75
2026-02-24T17:00,Sul,1019,1018,2,55
2026-02-24T18:00,Norte,881,900,3,65
2026-02-24T18:00,Nordeste,1062,1100,5,90
2026-02-24T18:00,Sudeste,1534,1600,4,75
2026-02-24T18:00,Sul,935,1000,2,55
2026-02-24T19:00,Norte,805,900,3,65
2026-02-24T19:00,Nordeste,997,1100,5,90
2026-02-24T19:00,Sudeste,1485,1600,4,75
2026-02-24T19:00,Sul,905,1000,2,55
2026-02-24T20:00,Norte,791,900,3,65
2026-02-24T20:00,Nordeste,990,1100,5,90
2026-02-24T20:00,Sudeste,1498,1600,4,75
2026-02-24T20:00,Sul,858,1000,2,55
2026-02-24T21:00,Norte,736,900,3,65
2026-02-24T21:00,Nordeste,934,1100,5,90
2026-02-24T21:00,Sudeste,1452,1600,4,75
2026-02-24T21:00,Sul,883,1000,2,55
2026-02-24T22:00,Norte,719,900,3,65
2026-02-24T22:00,Nordeste,917,1100,5,90
2026-02-24T22:00,Sudeste,1425,1600,4,75
2026-02-24T22:00,Sul,852,1000,2,55
2026-02-24T23:00,Norte,706,900,3,65
2026-02-24T23:00,Nordeste,892,1100,5,90
2026-02-24T23:00,Sudeste,1376,1600,4,75
2026-02-24T23:00,Sul,835,1000,2,55
2026-02-25T00:00,Norte,672,900,3,65
2026-02-25T00:00,Nordeste,884,1100,5,90
2026-02-25T00:00,Sudeste,1422,1600,4,75
2026-02-25T00:00,Sul,763,1000,2,55
2026-02-25T01:00,Norte,715,900,3,65
2026-02-25T01:00,Nordeste,918,1100,5,90
2026-02-25T01:00,Sudeste,1408,1600,4,75
2026-02-25T01:00,Sul,806,1000,2,55
2026-02-25T02:00,Norte,699,900,3,65
2026-02-25T02:00,Nordeste,868,1100,5,90
2026-02-25T02:00,Sudeste,1421,1600,4,75
2026-02-25T02:00,Sul,797,1000,2,55
2026-02-25T03:00,Norte,679,900,3,65
2026-02-25T03:00,Nordeste,874,1100,5,90
2026-02-25T03:00,Sudeste,1418,1600,4,75
2026-02-25T03:00,Sul,823,1000,2,55
2026-02-25T04:00,Norte,749,900,3,65
2026-02-25T04:00,Nordeste,923,1100,5,90
2026-02-25T04:00,Sudeste,1459,1600,4,75
2026-02-25T04:00,Sul,810,1000,2,55
2026-02-25T05:00,Norte,740,900,3,65
2026-02-25T05:00,Nordeste,976,1100,5,90
2026-02-25T05:00,Sudeste,1440,1600,4,75
2026-02-25T05:00,Sul,848,1000,2,55
2026-02-25T06:00,Norte,818,900,3,65
2026-02-25T06:00,Nordeste,986,1100,5,90
2026-02-25T06:00,Sudeste,1513,1600,4,75
2026-02-25T06:00,Sul,901,1000,2,55
2026-02-25T07:00,Norte,839,918,3,65
2026-02-25T07:00,Nordeste,1054,1118,5,90
2026-02-25T07:00,Sudeste,1529,1618,4,75
2026-02-25T07:00,Sul,943,1018,2,55
2026-02-25T08:00,Norte,844,934,3,65
2026-02-25T08:00,Nordeste,1078,1134,5,90
2026-02-25T08:00,Sudeste,1572,1634,4,75
2026-02-25T08:00,Sul,919,1034,2,55
2026-02-25T09:00,Norte,883,949,3,65
2026-02-25T09:00,Nordeste,1053,1149,5,90
2026-02-25T09:00,Sudeste,1559,1649,4,75
2026-02-25T09:00,Sul,1015,1049,2,55
2026-02-25T10:00,Norte,909,960,3,65
2026-02-25T10:00,Nordeste,1095,1160,5,90
2026-02-25T10:00,Sudeste,1621,1660,4,75
2026-02-25T10:00,Sul,1039,1060,2,55
2026-02-25T11:00,Norte,899,967,3,65
2026-02-25T11:00,Nordeste,1116,1167,5,90
2026-02-25T11:00,Sudeste,1656,1667,4,75
2026-02-25T11:00,Sul,1011,1067,2,55
2026-02-25T12:00,Norte,934,970,3,65
2026-02-25T12:00,Nordeste,1134,1170,5,90
2026-02-25T12:00,Sudeste,1615,1670,4,75
2026-02-25T12:00,Sul,1035,1070,2,55
2026-02-25T13:00,Norte,977,967,3,65
2026-02-25T13:00,Nordeste,1172,1167,5,90
2026-02-25T13:00,Sudeste,1654,1667,4,75
2026-02-25T13:00,Sul,1063,1067,2,55
2026-02-25T14:00,Norte,929,960,3,65
2026-02-25T14:00,Nordeste,1143,1160,5,90
2026-02-25T14:00,Sudeste,1641,1660,4,75
2026-02-25T14:00,Sul,1066,1060,2,55
2026-02-25T15:00,Norte,958,949,3,65
2026-02-25T15:00,Nordeste,1106,1149,5,90
2026-02-25T15:00,Sudeste,1603,1649,4,75
2026-02-25T15:00,Sul,1033,1049,2,55
2026-02-25T16:00,Norte,924,934,3,65
2026-02-25T16:00,Nordeste,1141,1134,5,90
2026-02-25T16:00,Sudeste,1634,1634,4,75
2026-02-25T16:00,Sul,1023,1034,2,55
2026-02-25T17:00,Norte,915,918,3,65
2026-02-25T17:00,Nordeste,1096,1118,5,90
2026-02-25T17:00,Sudeste,1554,1618,4,75
2026-02-25T17:00,Sul,979,1018,2,55
2026-02-25T18:00,Norte,845,900,3,65
2026-02-25T18:00,Nordeste,1037,1100,5,90
2026-02-25T18:00,Sudeste,1587,1600,4,75
2026-02-25T18:00,Sul,953,1000,2,55
2026-02-25T19:00,Norte,795,900,3,65
2026-02-25T19:00,Nordeste,1034,1100,5,90
2026-02-25T19:00,Sudeste,1539,1600,4,75
2026-02-25T19:00,Sul,904,1000,2,55
2026-02-25T20:00,Norte,756,900,3,65
2026-02-25T20:00,Nordeste,960,1100,5,90
2026-02-25T20:00,Sudeste,1464,1600,4,75
2026-02-25T20:00,Sul,862,1000,2,55
2026-02-25T21:00,Norte,781,900,3,65
2026-02-25T21:00,Nordeste,922,1100,5,90
2026-02-25T21:00,Sudeste,1477,1600,4,75
2026-02-25T21:00,Sul,885,1000,2,55
2026-02-25T22:00,Norte,710,900,3,65
2026-02-25T22:00,Nordeste,930,1100,5,90
2026-02-25T22:00,Sudeste,1464,1600,4,75
2026-02-25T22:00,Sul,807,1000,2,55
2026-02-25T23:00,Norte,702,900,3,65
2026-02-25T23:00,Nordeste,915,1100,5,90
2026-02-25T23:00,Sudeste,1376,1600,4,75
2026-02-25T23:00,Sul,830,1000,2,55
2026-02-26T00:00,Norte,691,900,3,65
2026-02-26T00:00,Nordeste,904,1100,5,90
2026-02-26T00:00,Sudeste,1404,1600,4,75
2026-02-26T00:00,Sul,797,1000,2,55
2026-02-26T01:00,Norte,709,900,3,65
2026-02-26T01:00,Nordeste,866,1100,5,90
2026-02-26T01:00,Sudeste,1403,1600,4,75
2026-02-26T01:00,Sul,822,1000,2,55
2026-02-26T02:00,Norte,703,900,3,65
2026-02-26T02:00,Nordeste,915,1100,5,90
2026-02-26T02:00,Sudeste,1381,1600,4,75
2026-02-26T02:00,Sul,799,1000,2,55
2026-02-26T03:00,Norte,680,900,3,65
2026-02-26T03:00,Nordeste,893,1100,5,90
2026-02-26T03:00,Sudeste,1419,1600,4,75
2026-02-26T03:00,Sul,830,1000,2,55
2026-02-26T04:00,Norte,703,900,3,65
2026-02-26T04:00,Nordeste,911,1100,5,90
2026-02-26T04:00,Sudeste,1398,1600,4,75
2026-02-26T04:00,Sul,816,1000,2,55
2026-02-26T05:00,Norte,791,900,3,65
2026-02-26T05:00,Nordeste,971,1100,5,90
2026-02-26T05:00,Sudeste,1461,1600,4,75
2026-02-26T05:00,Sul,869,1000,2,55
2026-02-26T06:00,Norte,766,900,3,65
2026-02-26T06:00,Nordeste,952,1100,5,90
2026-02-26T06:00,Sudeste,1488,1600,4,75
2026-02-26T06:00,Sul,909,1000,2,55
2026-02-26T07:00,Norte,821,918,3,65
2026-02-26T07:00,Nordeste,1007,1118,5,90
2026-02-26T07:00,Sudeste,1519,1618,4,75
2026-02-26T07:00,Sul,953,1018,2,55
2026-02-26T08:00,Norte,877,934,3,65
2026-02-26T08:00,Nordeste,1055,1134,5,90
2026-02-26T08:00,Sudeste,1570,1634,4,75
2026-02-26T08:00,Sul,972,1034,2,55
2026-02-26T09:00,Norte,866,949,3,65
2026-02-26T09:00,Nordeste,1116,1149,5,90
2026-02-26T09:00,Sudeste,1563,1649,4,75
2026-02-26T09:00,Sul,1017,1049,2,55
2026-02-26T10:00,Norte,890,960,3,65
2026-02-26T10:00,Nordeste,1076,1160,5,90
2026-02-26T10:00,Sudeste,1625,1660,4,75
2026-02-26T10:00,Sul,1001,1060,2,55
2026-02-26T11:00,Norte,915,967,3,65
2026-02-26T11:00,Nordeste,1140,1167,5,90
2026-02-26T11:00,Sudeste,1655,1667,4,75
2026-02-26T11:00,Sul,1054,1067,2,55
2026-02-26T12:00,Norte,946,970,3,65
2026-02-26T12:00,Nordeste,1175,1170,5,90
2026-02-26T12:00,Sudeste,1661,1670,4,75
2026-02-26T12:00,Sul,1033,1070,2,55
2026-02-26T13:00,Norte,978,967,3,65
2026-02-26T13:00,Nordeste,1150,1167,5,90
2026-02-26T13:00,Sudeste,1663,1667,4,75
2026-02-26T13:00,Sul,1081,1067,2,55
2026-02-26T14:00,Norte,923,960,3,65
2026-02-26T14:00,Nordeste,1176,1160,5,90
2026-02-26T14:00,Sudeste,1664,1660,4,75
2026-02-26T14:00,Sul,1069,1060,2,55
2026-02-26T15:00,Norte,944,949,3,65
2026-02-26T15:00,Nordeste,1165,1149,5,90
2026-02-26T15:00,Sudeste,1647,1649,4,75
2026-02-26T15:00,Sul,997,1049,2,55
2026-02-26T16:00,Norte,939,934,3,65
2026-02-26T16:00,Nordeste,1120,1134,5,90
2026-02-26T16:00,Sudeste,1609,1634,4,75
2026-02-26T16:00,Sul,1014,1034,2,55
2026-02-26T17:00,Norte,883,918,3,65
2026-02-26T17:00,Nordeste,1094,1118,5,90
2026-02-26T17:00,Sudeste,1560,1618,4,75
2026-02-26T17:00,Sul,970,1018,2,55
2026-02-26T18:00,Norte,867,900,3,65
2026-02-26T18:00,Nordeste,1071,1100,5,90
2026-02-26T18:00,Sudeste,1546,1600,4,75
2026-02-26T18:00,Sul,973,1000,2,55
2026-02-26T19:00,Norte,842,900,3,65
2026-02-26T19:00,Nordeste,1006,1100,5,90
2026-02-26T19:00,Sudeste,1496,1600,4,75
2026-02-26T19:00,Sul,952,1000,2,55
2026-02-26T20:00,Norte,758,900,3,65
2026-02-26T20:00,Nordeste,989,1100,5,90
2026-02-26T20:00,Sudeste,1478,1600,4,75
2026-02-26T20:00,Sul,911,1000,2,55
2026-02-26T21:00,Norte,791,900,3,65
2026-02-26T21:00,Nordeste,977,1100,5,90
2026-02-26T21:00,Sudeste,1452,1600,4,75
2026-02-26T21:00,Sul,878,1000,2,55
2026-02-26T22:00,Norte,758,900,3,65
2026-02-26T22:00,Nordeste,939,1100,5,90
2026-02-26T22:00,Sudeste,1439,1600,4,75
2026-02-26T22:00,Sul,824,1000,2,55
2026-02-26T23:00,Norte,733,900,3,65
2026-02-26T23:00,Nordeste,906,1100,5,90
2026-02-26T23:00,Sudeste,1386,1600,4,75
2026-02-26T23:00,Sul,798,1000,2,55
2026-02-27T00:00,Norte,702,900,3,65
2026-02-27T00:00,Nordeste,868,1100,5,90
2026-02-27T00:00,Sudeste,1412,1600,4,75
2026-02-27T00:00,Sul,778,1000,2,55
2026-02-27T01:00,Norte,668,900,3,65
2026-02-27T01:00,Nordeste,884,1100,5,90
2026-02-27T01:00,Sudeste,1382,1600,4,75
2026-02-27T01:00,Sul,759,1000,2,55
2026-02-27T02:00,Norte,726,900,3,65
2026-02-27T02:00,Nordeste,880,1100,5,90
2026-02-27T02:00,Sudeste,1410,1600,4,75
2026-02-27T02:00,Sul,806,1000,2,55
2026-02-27T03:00,Norte,685,900,3,65
2026-02-27T03:00,Nordeste,916,1100,5,90
2026-02-27T03:00,Sudeste,1438,1600,4,75
2026-02-27T03:00,Sul,833,1000,2,55
2026-02-27T04:00,Norte,707,900,3,65
2026-02-27T04:00,Nordeste,914,1100,5,90
2026-02-27T04:00,Sudeste,1431,1600,4,75
2026-02-27T04:00,Sul,832,1000,2,55
2026-02-27T05:00,Norte,762,900,3,65
2026-02-27T05:00,Nordeste,935,1100,5,90
2026-02-27T05:00,Sudeste,1441,1600,4,75
2026-02-27T05:00,Sul,886,1000,2,55
2026-02-27T06:00,Norte,783,900,3,65
2026-02-27T06:00,Nordeste,992,1100,5,90
2026-02-27T06:00,Sudeste,1503,1600,4,75
2026-02-27T06:00,Sul,878,1000,2,55
2026-02-27T07:00,Norte,847,918,3,65
2026-02-27T07:00,Nordeste,1034,1118,5,90
2026-02-27T07:00,Sudeste,1520,1618,4,75
2026-02-27T07:00,Sul,914,1018,2,55
2026-02-27T08:00,Norte,843,934,3,65
2026-02-27T08:00,Nordeste,1067,1134,5,90
2026-02-27T08:00,Sudeste,1557,1634,4,75
2026-02-27T08:00,Sul,933,1034,2,55
2026-02-27T09:00,Norte,861,949,3,65
2026-02-27T09:00,Nordeste,1056,1149,5,90
2026-02-27T09:00,Sudeste,1592,1649,4,75
2026-02-27T09:00,Sul,996,1049,2,55
2026-02-27T10:00,Norte,876,960,3,65
2026-02-27T10:00,Nordeste,1100,1160,5,90
2026-02-27T10:00,Sudeste,1578,1660,4,75
2026-02-27T10:00,Sul,1000,1060,2,55
2026-02-27T11:00,Norte,965,967,3,65
2026-02-27T11:00,Nordeste,1156,1167,5,90
2026-02-27T11:00,Sudeste,1646,1667,4,75
2026-02-27T11:00,Sul,1014,1067,2,55
2026-02-27T12:00,Norte,922,970,3,65
2026-02-27T12:00,Nordeste,1167,1170,5,90
2026-02-27T12:00,Sudeste,1644,1670,4,75
2026-02-27T12:00,Sul,1067,1070,2,55
2026-02-27T13:00,Norte,967,967,3,65
2026-02-27T13:00,Nordeste,1181,1167,5,90
2026-02-27T13:00,Sudeste,1662,1667,4,75
2026-02-27T13:00,Sul,1018,1067,2,55
2026-02-27T14:00,Norte,917,960,3,65
2026-02-27T14:00,Nordeste,1148,1160,5,90
2026-02-27T14:00,Sudeste,1653,1660,4,75
2026-02-27T14:00,Sul,1013,1060,2,55
2026-02-27T15:00,Norte,902,949,3,65
2026-02-27T15:00,Nordeste,1146,1149,5,90
2026-02-27T15:00,Sudeste,1633,1649,4,75
2026-02-27T15:00,Sul,1005,1049,2,55
2026-02-27T16:00,Norte,896,934,3,65
2026-02-27T16:00,Nordeste,1090,1134,5,90
2026-02-27T16:00,Sudeste,1634,1634,4,75
2026-02-27T16:00,Sul,1013,1034,2,55
2026-02-27T17:00,Norte,895,918,3,65
2026-02-27T17:00,Nordeste,1057,1118,5,90
2026-02-27T17:00,Sudeste,1553,1618,4,75
2026-02-27T17:00,Sul,954,1018,2,55
2026-02-27T18:00,Norte,836,900,3,65
2026-02-27T18:00,Nordeste,1024,1100,5,90
2026-02-27T18:00,Sudeste,1526,1600,4,75
2026-02-27T18:00,Sul,933,1000,2,55
2026-02-27T19:00,Norte,785,900,3,65
2026-02-27T19:00,Nordeste,1017,1100,5,90
2026-02-27T19:00,Sudeste,1545,1600,4,75
2026-02-27T19:00,Sul,937,1000,2,55
2026-02-27T20:00,Norte,764,900,3,65
2026-02-27T20:00,Nordeste,962,1100,5,90
2026-02-27T20:00,Sudeste,1501,1600,4,75
2026-02-27T20:00,Sul,864,1000,2,55
2026-02-27T21:00,Norte,747,900,3,65
2026-02-27T21:00,Nordeste,973,1100,5,90
2026-02-27T21:00,Sudeste,1471,1600,4,75
2026-02-27T21:00,Sul,888,1000,2,55
2026-02-27T22:00,Norte,709,900,3,65
2026-02-27T22:00,Nordeste,906,1100,5,90
2026-02-27T22:00,Sudeste,1410,1600,4,75
2026-02-27T22:00,Sul,824,1000,2,55
2026-02-27T23:00,Norte,732,900,3,65
2026-02-27T23:00,Nordeste,884,1100,5,90
2026-02-27T23:00,Sudeste,1415,1600,4,75
2026-02-27T23:00,Sul,812,1000,2,55
2026-02-28T00:00,Norte,669,900,3,65
2026-02-28T00:00,Nordeste,887,1100,5,90
2026-02-28T00:00,Sudeste,1397,1600,4,75
2026-02-28T00:00,Sul,822,1000,2,55
2026-02-28T01:00,Norte,714,900,3,65
2026-02-28T01:00,Nordeste,879,1100,5,90
2026-02-28T01:00,Sudeste,1367,1600,4,75
2026-02-28T01:00,Sul,772,1000,2,55
2026-02-28T02:00,Norte,721,900,3,65
2026-02-28T02:00,Nordeste,887,1100,5,90
2026-02-28T02:00,Sudeste,1427,1600,4,75
2026-02-28T02:00,Sul,774,1000,2,55
2026-02-28T03:00,Norte,717,900,3,65
2026-02-28T03:00,Nordeste,917,1100,5,90
2026-02-28T03:00,Sudeste,1392,1600,4,75
2026-02-28T03:00,Sul,841,1000,2,55
2026-02-28T04:00,Norte,711,900,3,65
2026-02-28T04:00,Nordeste,941,1100,5,90
2026-02-28T04:00,Sudeste,1427,1600,4,75
2026-02-28T04:00,Sul,835,1000,2,55
2026-02-28T05:00,Norte,790,900,3,65
2026-02-28T05:00,Nordeste,990,1100,5,90
2026-02-28T05:00,Sudeste,1422,1600,4,75
2026-02-28T05:00,Sul,890,1000,2,55
2026-02-28T06:00,Norte,775,900,3,65
2026-02-28T06:00,Nordeste,1010,1100,5,90
2026-02-28T06:00,Sudeste,1466,1600,4,75
2026-02-28T06:00,Sul,909,1000,2,55
2026-02-28T07:00,Norte,835,918,3,65
2026-02-28T07:00,Nordeste,1023,1118,5,90
2026-02-28T07:00,Sudeste,1488,1618,4,75
2026-02-28T07:00,Sul,924,1018,2,55
2026-02-28T08:00,Norte,853,934,3,65
2026-02-28T08:00,Nordeste,1072,1134,5,90
2026-02-28T08:00,Sudeste,1560,1634,4,75
2026-02-28T08:00,Sul,978,1034,2,55
2026-02-28T09:00,Norte,850,949,3,65
2026-02-28T09:00,Nordeste,1066,1149,5,90
2026-02-28T09:00,Sudeste,1579,1649,4,75
2026-02-28T09:00,Sul,1001,1049,2,55
2026-02-28T10:00,Norte,931,960,3,65
2026-02-28T10:00,Nordeste,1106,1160,5,90
2026-02-28T10:00,Sudeste,1608,1660,4,75
2026-02-28T10:00,Sul,987,1060,2,55
2026-02-28T11:00,Norte,945,967,3,65
2026-02-28T11:00,Nordeste,1102,1167,5,90
2026-02-28T11:00,Sudeste,1602,1667,4,75
2026-02-28T11:00,Sul,1017,1067,2,55
2026-02-28T12:00,Norte,930,970,3,65
2026-02-28T12:00,Nordeste,1134,1170,5,90
2026-02-28T12:00,Sudeste,1638,1670,4,75
2026-02-28T12:00,Sul,1063,1070,2,55
2026-02-28T13:00,Norte,956,967,3,65
2026-02-28T13:00,Nordeste,1180,1167,5,90
2026-02-28T13:00,Sudeste,1630,1667,4,75
2026-02-28T13:00,Sul,1056,1067,2,55
2026-02-28T14:00,Norte,953,960,3,65
2026-02-28T14:00,Nordeste,1156,1160,5,90
2026-02-28T14:00,Sudeste,1636,1660,4,75
2026-02-28T14:00,Sul,1057,1060,2,55
2026-02-28T15:00,Norte,955,949,3,65
2026-02-28T15:00,Nordeste,1148,1149,5,90
2026-02-28T15:00,Sudeste,1612,1649,4,75
2026-02-28T15:00,Sul,1032,1049,2,55
2026-02-28T16:00,Norte,883,934,3,65
2026-02-28T16:00,Nordeste,1099,1134,5,90
2026-02-28T16:00,Sudeste,1626,1634,4,75
2026-02-28T16:00,Sul,1013,1034,2,55
2026-02-28T17:00,Norte,885,918,3,65
2026-02-28T17:00,Nordeste,1082,1118,5,90
2026-02-28T17:00,Sudeste,1549,1618,4,75
2026-02-28T17:00,Sul,1017,1018,2,55
2026-02-28T18:00,Norte,887,900,3,65
2026-02-28T18:00,Nordeste,1037,1100,5,90
2026-02-28T18:00,Sudeste,1572,1600,4,75
2026-02-28T18:00,Sul,938,1000,2,55
2026-02-28T19:00,Norte,799,900,3,65
2026-02-28T19:00,Nordeste,1048,1100,5,90
2026-02-28T19:00,Sudeste,1487,1600,4,75
2026-02-28T19:00,Sul,935,1000,2,55
2026-02-28T20:00,Norte,790,900,3,65
2026-02-28T20:00,Nordeste,976,1100,5,90
2026-02-28T20:00,Sudeste,1497,1600,4,75
2026-02-28T20:00,Sul,920,1000,2,55
2026-02-28T21:00,Norte,761,900,3,65
2026-02-28T21:00,Nordeste,929,1100,5,90
2026-02-28T21:00,Sudeste,1434,1600,4,75
2026-02-28T21:00,Sul,833,1000,2,55
2026-02-28T22:00,Norte,695,900,3,65
2026-02-28T22:00,Nordeste,946,1100,5,90
2026-02-28T22:00,Sudeste,1455,1600,4,75
2026-02-28T22:00,Sul,823,1000,2,55
2026-02-28T23:00,Norte,694,900,3,65
2026-02-28T23:00,Nordeste,925,1100,5,90
2026-02-28T23:00,Sudeste,1392,1600,4,75
2026-02-28T23:00,Sul,800,1000,2,55
2026-03-01T00:00,Norte,715,900,3,65
2026-03-01T00:00,Nordeste,894,1100,5,90
2026-03-01T00:00,Sudeste,1428,1600,4,75
2026-03-01T00:00,Sul,826,1000,2,55
2026-03-01T01:00,Norte,697,900,3,65
2026-03-01T01:00,Nordeste,868,1100,5,90
2026-03-01T01:00,Sudeste,1395,1600,4,75
2026-03-01T01:00,Sul,790,1000,2,55
2026-03-01T02:00,Norte,686,900,3,65
2026-03-01T02:00,Nordeste,862,1100,5,90
2026-03-01T02:00,Sudeste,1372,1600,4,75
2026-03-01T02:00,Sul,760,1000,2,55
2026-03-01T03:00,Norte,703,900,3,65
2026-03-01T03:00,Nordeste,901,1100,5,90
2026-03-01T03:00,Sudeste,1395,1600,4,75
2026-03-01T03:00,Sul,810,1000,2,55
2026-03-01T04:00,Norte,717,900,3,65
2026-03-01T04:00,Nordeste,914,1100,5,90
2026-03-01T04:00,Sudeste,1426,1600,4,75
2026-03-01T04:00,Sul,836,1000,2,55
2026-03-01T05:00,Norte,768,900,3,65
2026-03-01T05:00,Nordeste,977,1100,5,90
2026-03-01T05:00,Sudeste,1480,1600,4,75
2026-03-01T05:00,Sul,834,1000,2,55
2026-03-01T06:00,Norte,807,900,3,65
2026-03-01T06:00,Nordeste,991,1100,5,90
2026-03-01T06:00,Sudeste,1488,1600,4,75
2026-03-01T06:00,Sul,909,1000,2,55
2026-03-01T07:00,Norte,799,918,3,65
2026-03-01T07:00,Nordeste,1041,1118,5,90
2026-03-01T07:00,Sudeste,1491,1618,4,75
2026-03-01T07:00,Sul,936,1018,2,55
2026-03-01T08:00,Norte,878,934,3,65
2026-03-01T08:00,Nordeste,1061,1134,5,90
2026-03-01T08:00,Sudeste,1570,1634,4,75
2026-03-01T08:00,Sul,950,1034,2,55
2026-03-01T09:00,Norte,852,949,3,65
2026-03-01T09:00,Nordeste,1052,1149,5,90
2026-03-01T09:00,Sudeste,1597,1649,4,75
2026-03-01T09:00,Sul,967,1049,2,55
2026-03-01T10:00,Norte,928,960,3,65
2026-03-01T10:00,Nordeste,1108,1160,5,90
2026-03-01T10:00,Sudeste,1638,1660,4,75
2026-03-01T10:00,Sul,1016,1060,2,55
2026-03-01T11:00,Norte,928,967,3,65
2026-03-01T11:00,Nordeste,1126,1167,5,90
2026-03-01T11:00,Sudeste,1608,1667,4,75
2026-03-01T11:00,Sul,1045,1067,2,55
2026-03-01T12:00,Norte,945,970,3,65
2026-03-01T12:00,Nordeste,1169,1170,5,90
2026-03-01T12:00,Sudeste,1622,1670,4,75
2026-03-01T12:00,Sul,1012,1070,2,55
2026-03-01T13:00,Norte,962,967,3,65
2026-03-01T13:00,Nordeste,1148,1167,5,90
2026-03-01T13:00,Sudeste,1630,1667,4,75
2026-03-01T13:00,Sul,1052,1067,2,55
2026-03-01T14:00,Norte,958,960,3,65
2026-03-01T14:00,Nordeste,1125,1160,5,90
2026-03-01T14:00,Sudeste,1680,1660,4,75
2026-03-01T14:00,Sul,1025,1060,2,55
2026-03-01T15:00,Norte,938,949,3,65
2026-03-01T15:00,Nordeste,1155,1149,5,90
2026-03-01T15:00,Sudeste,1629,1649,4,75
2026-03-01T15:00,Sul,1049,1049,2,55
2026-03-01T16:00,Norte,917,934,3,65
2026-03-01T16:00,Nordeste,1094,1134,5,90
2026-03-01T16:00,Sudeste,1645,1634,4,75
2026-03-01T16:00,Sul,978,1034,2,55
2026-03-01T17:00,Norte,900,918,3,65
2026-03-01T17:00,Nordeste,1062,1118,5,90
2026-03-01T17:00,Sudeste,1597,1618,4,75
2026-03-01T17:00,Sul,987,1018,2,55
2026-03-01T18:00,Norte,847,900,3,65
2026-03-01T18:00,Nordeste,1061,1100,5,90
2026-03-01T18:00,Sudeste,1520,1600,4,75
2026-03-01T18:00,Sul,932,1000,2,55
2026-03-01T19:00,Norte,824,900,3,65
2026-03-01T19:00,Nordeste,1016,1100,5,90
2026-03-01T19:00,Sudeste,1485,1600,4,75
2026-03-01T19:00,Sul,928,1000,2,55
2026-03-01T20:00,Norte,770,900,3,65
2026-03-01T20:00,Nordeste,964,1100,5,90
2026-03-01T20:00,Sudeste,1498,1600,4,75
2026-03-01T20:00,Sul,890,1000,2,55
2026-03-01T21:00,Norte,727,900,3,65
2026-03-01T21:00,Nordeste,925,1100,5,90
2026-03-01T21:00,Sudeste,1480,1600,4,75
2026-03-01T21:00,Sul,840,1000,2,55
2026-03-01T22:00,Norte,710,900,3,65
2026-03-01T22:00,Nordeste,963,1100,5,90
2026-03-01T22:00,Sudeste,1404,1600,4,75
2026-03-01T22:00,Sul,856,1000,2,55
2026-03-01T23:00,Norte,729,900,3,65
2026-03-01T23:00,Nordeste,923,1100,5,90
2026-03-01T23:00,Sudeste,1426,1600,4,75
2026-03-01T23:00,Sul,796,1000,2,55
2026-03-02T00:00,Norte,686,900,3,65
2026-03-02T00:00,Nordeste,907,1100,5,90
2026-03-02T00:00,Sudeste,1399,1600,4,75
2026-03-02T00:00,Sul,798,1000,2,55
2026-03-02T01:00,Norte,724,900,3,65
2026-03-02T01:00,Nordeste,864,1100,5,90
2026-03-02T01:00,Sudeste,1401,1600,4,75
2026-03-02T01:00,Sul,769,1000,2,55
2026-03-02T02:00,Norte,707,900,3,65
2026-03-02T02:00,Nordeste,908,1100,5,90
2026-03-02T02:00,Sudeste,1384,1600,4,75
2026-03-02T02:00,Sul,762,1000,2,55
2026-03-02T03:00,Norte,734,900,3,65
2026-03-02T03:00,Nordeste,921,1100,5,90
2026-03-02T03:00,Sudeste,1391,1600,4,75
2026-03-02T03:00,Sul,782,1000,2,55
2026-03-02T04:00,Norte,762,900,3,65
2026-03-02T04:00,Nordeste,894,1100,5,90
2026-03-02T04:00,Sudeste,1427,1600,4,75
2026-03-02T04:00,Sul,823,1000,2,55
2026-03-02T05:00,Norte,762,900,3,65
2026-03-02T05:00,Nordeste,930,1100,5,90
2026-03-02T05:00,Sudeste,1484,1600,4,75
2026-03-02T05:00,Sul,880,1000,2,55
2026-03-02T06:00,Norte,822,900,3,65
2026-03-02T06:00,Nordeste,1013,1100,5,90
2026-03-02T06:00,Sudeste,1455,1600,4,75
2026-03-02T06:00,Sul,920,1000,2,55
2026-03-02T07:00,Norte,852,918,3,65
2026-03-02T07:00,Nordeste,1030,1118,5,90
2026-03-02T07:00,Sudeste,1501,1618,4,75
2026-03-02T07:00,Sul,914,1018,2,55
2026-03-02T08:00,Norte,864,934,3,65
2026-03-02T08:00,Nordeste,1062,1134,5,90
2026-03-02T08:00,Sudeste,1530,1634,4,75
2026-03-02T08:00,Sul,987,1034,2,55
2026-03-02T09:00,Norte,880,949,3,65
2026-03-02T09:00,Nordeste,1114,1149,5,90
2026-03-02T09:00,Sudeste,1553,1649,4,75
2026-03-02T09:00,Sul,990,1049,2,55
2026-03-02T10:00,Norte,898,960,3,65
2026-03-02T10:00,Nordeste,1119,1160,5,90
2026-03-02T10:00,Sudeste,1607,1660,4,75
2026-03-02T10:00,Sul,999,1060,2,55
2026-03-02T11:00,Norte,920,967,3,65
2026-03-02T11:00,Nordeste,1161,1167,5,90
2026-03-02T11:00,Sudeste,1646,1667,4,75
2026-03-02T11:00,Sul,1006,1067,2,55
2026-03-02T12:00,Norte,964,970,3,65
2026-03-02T12:00,Nordeste,1167,1170,5,90
2026-03-02T12:00,Sudeste,1658,1670,4,75
2026-03-02T12:00,Sul,1046,1070,2,55
2026-03-02T13:00,Norte,950,967,3,65
2026-03-02T13:00,Nordeste,1136,1167,5,90
2026-03-02T13:00,Sudeste,1653,1667,4,75
2026-03-02T13:00,Sul,1036,1067,2,55
2026-03-02T14:00,Norte,980,960,3,65
2026-03-02T14:00,Nordeste,1171,1160,5,90
2026-03-02T14:00,Sudeste,1624,1660,4,75
2026-03-02T14:00,Sul,1046,1060,2,55
2026-03-02T15:00,Norte,915,949,3,65
2026-03-02T15:00,Nordeste,1114,1149,5,90
2026-03-02T15:00,Sudeste,1621,1649,4,75
2026-03-02T15:00,Sul,1037,1049,2,55
2026-03-02T16:00,Norte,877,934,3,65
2026-03-02T16:00,Nordeste,1117,1134,5,90
2026-03-02T16:00,Sudeste,1579,1634,4,75
2026-03-02T16:00,Sul,990,1034,2,55
2026-03-02T17:00,Norte,879,918,3,65
2026-03-02T17:00,Nordeste,1106,1118,5,90
2026-03-02T17:00,Sudeste,1583,1618,4,75
2026-03-02T17:00,Sul,983,1018,2,55
2026-03-02T18:00,Norte,818,900,3,65
2026-03-02T18:00,Nordeste,1035,1100,5,90
2026-03-02T18:00,Sudeste,1572,1600,4,75
2026-03-02T18:00,Sul,919,1000,2,55
2026-03-02T19:00,Norte,842,900,3,65
2026-03-02T19:00,Nordeste,1011,1100,5,90
2026-03-02T19:00,Sudeste,1500,1600,4,75
2026-03-02T19:00,Sul,909,1000,2,55
2026-03-02T20:00,Norte,802,900,3,65
2026-03-02T20:00,Nordeste,1010,1100,5,90
2026-03-02T20:00,Sudeste,1519,1600,4,75
2026-03-02T20:00,Sul,858,1000,2,55
2026-03-02T21:00,Norte,789,900,3,65
2026-03-02T21:00,Nordeste,940,1100,5,90
2026-03-02T21:00,Sudeste,1485,1600,4,75
2026-03-02T21:00,Sul,875,1000,2,55
2026-03-02T22:00,Norte,718,900,3,65
2026-03-02T22:00,Nordeste,962,1100,5,90
2026-03-02T22:00,Sudeste,1411,1600,4,75
2026-03-02T22:00,Sul,814,1000,2,55
2026-03-02T23:00,Norte,692,900,3,65
2026-03-02T23:00,Nordeste,914,1100,5,90
2026-03-02T23:00,Sudeste,1408,1600,4,75
2026-03-02T23:00,Sul,786,1000,2,55
2026-03-03T00:00,Norte,667,900,3,65
2026-03-03T00:00,Nordeste,915,1100,5,90
2026-03-03T00:00,Sudeste,1369,1600,4,75
2026-03-03T00:00,Sul,826,1000,2,55
2026-03-03T01:00,Norte,683,900,3,65
2026-03-03T01:00,Nordeste,890,1100,5,90
2026-03-03T01:00,Sudeste,1373,1600,4,75
2026-03-03T01:00,Sul,766,1000,2,55
2026-03-03T02:00,Norte,715,900,3,65
2026-03-03T02:00,Nordeste,909,1100,5,90
2026-03-03T02:00,Sudeste,1369,1600,4,75
2026-03-03T02:00,Sul,795,1000,2,55
2026-03-03T03:00,Norte,725,900,3,65
2026-03-03T03:00,Nordeste,904,1100,5,90
2026-03-03T03:00,Sudeste,1434,1600,4,75
2026-03-03T03:00,Sul,783,1000,2,55
2026-03-03T04:00,Norte,715,900,3,65
2026-03-03T04:00,Nordeste,912,1100,5,90
2026-03-03T04:00,Sudeste,1426,1600,4,75
2026-03-03T04:00,Sul,844,1000,2,55
2026-03-03T05:00,Norte,739,900,3,65
2026-03-03T05:00,Nordeste,974,1100,5,90
2026-03-03T05:00,Sudeste,1472,1600,4,75
2026-03-03T05:00,Sul,855,1000,2,55
2026-03-03T06:00,Norte,775,900,3,65
2026-03-03T06:00,Nordeste,1000,1100,5,90
2026-03-03T06:00,Sudeste,1501,1600,4,75
2026-03-03T06:00,Sul,877,1000,2,55
2026-03-03T07:00,Norte,821,918,3,65
2026-03-03T07:00,Nordeste,1036,1118,5,90
2026-03-03T07:00,Sudeste,1535,1618,4,75
2026-03-03T07:00,Sul,902,1018,2,55
2026-03-03T08:00,Norte,821,934,3,65
2026-03-03T08:00,Nordeste,1028,1134,5,90
2026-03-03T08:00,Sudeste,1579,1634,4,75
2026-03-03T08:00,Sul,939,1034,2,55
2026-03-03T09:00,Norte,853,949,3,65
2026-03-03T09:00,Nordeste,1049,1149,5,90
2026-03-03T09:00,Sudeste,1554,1649,4,75
2026-03-03T09:00,Sul,952,1049,2,55
2026-03-03T10:00,Norte,937,960,3,65
2026-03-03T10:00,Nordeste,1142,1160,5,90
2026-03-03T10:00,Sudeste,1591,1660,4,75
2026-03-03T10:00,Sul,980,1060,2,55
2026-03-03T11:00,Norte,946,967,3,65
2026-03-03T11:00,Nordeste,1102,1167,5,90
2026-03-03T11:00,Sudeste,1666,1667,4,75
2026-03-03T11:00,Sul,1029,1067,2,55
2026-03-03T12:00,Norte,915,970,3,65
2026-03-03T12:00,Nordeste,1176,1170,5,90
2026-03-03T12:00,Sudeste,1660,1670,4,75
2026-03-03T12:00,Sul,1047,1070,2,55
2026-03-03T13:00,Norte,927,967,3,65
2026-03-03T13:00,Nordeste,1164,1167,5,90
2026-03-03T13:00,Sudeste,1630,1667,4,75
2026-03-03T13:00,Sul,1037,1067,2,55
2026-03-03T14:00,Norte,912,960,3,65
2026-03-03T14:00,Nordeste,1174,1160,5,90
2026-03-03T14:00,Sudeste,1628,1660,4,75
2026-03-03T14:00,Sul,1064,1060,2,55
2026-03-03T15:00,Norte,956,949,3,65
2026-03-03T15:00,Nordeste,1121,1149,5,90
2026-03-03T15:00,Sudeste,1606,1649,4,75
2026-03-03T15:00,Sul,1053,1049,2,55
2026-03-03T16:00,Norte,935,934,3,65
2026-03-03T16:00,Nordeste,1111,1134,5,90
2026-03-03T16:00,Sudeste,1643,1634,4,75
2026-03-03T16:00,Sul,1014,1034,2,55
2026-03-03T17:00,Norte,880,918,3,65
2026-03-03T17:00,Nordeste,1073,1118,5,90
2026-03-03T17:00,Sudeste,1605,1618,4,75
2026-03-03T17:00,Sul,977,1018,2,55
2026-03-03T18:00,Norte,866,900,3,65
2026-03-03T18:00,Nordeste,1080,1100,5,90
2026-03-03T18:00,Sudeste,1566,1600,4,75
2026-03-03T18:00,Sul,940,1000,2,55
2026-03-03T19:00,Norte,841,900,3,65
2026-03-03T19:00,Nordeste,1019,1100,5,90
2026-03-03T19:00,Sudeste,1501,1600,4,75
2026-03-03T19:00,Sul,886,1000,2,55
2026-03-03T20:00,Norte,821,900,3,65
2026-03-03T20:00,Nordeste,1019,1100,5,90
2026-03-03T20:00,Sudeste,1512,1600,4,75
2026-03-03T20:00,Sul,863,1000,2,55
2026-03-03T21:00,Norte,773,900,3,65
2026-03-03T21:00,Nordeste,939,1100,5,90
2026-03-03T21:00,Sudeste,1450,1600,4,75
2026-03-03T21:00,Sul,890,1000,2,55
2026-03-03T22:00,Norte,733,900,3,65
2026-03-03T22:00,Nordeste,915,1100,5,90
2026-03-03T22:00,Sudeste,1416,1600,4,75
2026-03-03T22:00,Sul,797,1000,2,55
2026-03-03T23:00,Norte,696,900,3,65
2026-03-03T23:00,Nordeste,932,1100,5,90
2026-03-03T23:00,Sudeste,1441,1600,4,75
2026-03-03T23:00,Sul,805,1000,2,55
2026-03-04T00:00,Norte,691,900,3,65
2026-03-04T00:00,Nordeste,874,1100,5,90
2026-03-04T00:00,Sudeste,1366,1600,4,75
2026-03-04T00:00,Sul,770,1000,2,55
2026-03-04T01:00,Norte,697,900,3,65
2026-03-04T01:00,Nordeste,892,1100,5,90
2026-03-04T01:00,Sudeste,1423,1600,4,75
2026-03-04T01:00,Sul,802,1000,2,55
2026-03-04T02:00,Norte,704,900,3,65
2026-03-04T02:00,Nordeste,904,1100,5,90
2026-03-04T02:00,Sudeste,1364,1600,4,75
2026-03-04T02:00,Sul,762,1000,2,55
2026-03-04T03:00,Norte,726,900,3,65
2026-03-04T03:00,Nordeste,886,1100,5,90
2026-03-04T03:00,Sudeste,1384,1600,4,75
2026-03-04T03:00,Sul,822,1000,2,55
2026-03-04T04:00,Norte,736,900,3,65
2026-03-04T04:00,Nordeste,894,1100,5,90
2026-03-04T04:00,Sudeste,1446,1600,4,75
2026-03-04T04:00,Sul,851,1000,2,55
2026-03-04T05:00,Norte,784,900,3,65
2026-03-04T05:00,Nordeste,958,1100,5,90
2026-03-04T05:00,Sudeste,1438,1600,4,75
2026-03-04T05:00,Sul,887,1000,2,55
2026-03-04T06:00,Norte,796,900,3,65
2026-03-04T06:00,Nordeste,1015,1100,5,90
2026-03-04T06:00,Sudeste,1506,1600,4,75
2026-03-04T06:00,Sul,920,1000,2,55
2026-03-04T07:00,Norte,797,918,3,65
2026-03-04T07:00,Nordeste,991,1118,5,90
2026-03-04T07:00,Sudeste,1527,1618,4,75
2026-03-04T07:00,Sul,923,1018,2,55
2026-03-04T08:00,Norte,823,934,3,65
2026-03-04T08:00,Nordeste,1059,1134,5,90
2026-03-04T08:00,Sudeste,1526,1634,4,75
2026-03-04T08:00,Sul,941,1034,2,55
2026-03-04T09:00,Norte,898,949,3,65
2026-03-04T09:00,Nordeste,1078,1149,5,90
2026-03-04T09:00,Sudeste,1561,1649,4,75
2026-03-04T09:00,Sul,964,1049,2,55
2026-03-04T10:00,Norte,919,960,3,65
2026-03-04T10:00,Nordeste,1111,1160,5,90
2026-03-04T10:00,Sudeste,1618,1660,4,75
2026-03-04T10:00,Sul,1009,1060,2,55
2026-03-04T11:00,Norte,912,967,3,65
2026-03-04T11:00,Nordeste,1136,1167,5,90
2026-03-04T11:00,Sudeste,1615,1667,4,75
2026-03-04T11:00,Sul,1015,1067,2,55
2026-03-04T12:00,Norte,911,970,3,65
2026-03-04T12:00,Nordeste,1133,1170,5,90
2026-03-04T12:00,Sudeste,1643,1670,4,75
2026-03-04T12:00,Sul,1058,1070,2,55
2026-03-04T13:00,Norte,936,967,3,65
2026-03-04T13:00,Nordeste,1134,1167,5,90
2026-03-04T13:00,Sudeste,1646,1667,4,75
2026-03-04T13:00,Sul,1060,1067,2,55
2026-03-04T14:00,Norte,933,960,3,65
2026-03-04T14:00,Nordeste,1111,1160,5,90
2026-03-04T14:00,Sudeste,1629,1660,4,75
2026-03-04T14:00,Sul,1068,1060,2,55
2026-03-04T15:00,Norte,956,949,3,65
2026-03-04T15:00,Nordeste,1156,1149,5,90
2026-03-04T15:00,Sudeste,1618,1649,4,75
2026-03-04T15:00,Sul,1033,1049,2,55
2026-03-04T16:00,Norte,935,934,3,65
2026-03-04T16:00,Nordeste,1126,1134,5,90
2026-03-04T16:00,Sudeste,1637,1634,4,75
2026-03-04T16:00,Sul,1020,1034,2,55
2026-03-04T17:00,Norte,901,918,3,65
2026-03-04T17:00,Nordeste,1056,1118,5,90
2026-03-04T17:00,Sudeste,1558,1618,4,75
2026-03-04T17:00,Sul,971,1018,2,55
2026-03-04T18:00,Norte,853,900,3,65
2026-03-04T18:00,Nordeste,1019,1100,5,90
2026-03-04T18:00,Sudeste,1522,1600,4,75
2026-03-04T18:00,Sul,973,1000,2,55
2026-03-04T19:00,Norte,821,900,3,65
2026-03-04T19:00,Nordeste,1013,1100,5,90
2026-03-04T19:00,Sudeste,1488,1600,4,75
2026-03-04T19:00,Sul,951,1000,2,55
2026-03-04T20:00,Norte,774,900,3,65
2026-03-04T20:00,Nordeste,1020,1100,5,90
2026-03-04T20:00,Sudeste,1476,1600,4,75
2026-03-04T20:00,Sul,909,1000,2,55
2026-03-04T21:00,Norte,787,900,3,65
2026-03-04T21:00,Nordeste,991,1100,5,90
2026-03-04T21:00,Sudeste,1457,1600,4,75
2026-03-04T21:00,Sul,828,1000,2,55
2026-03-04T22:00,Norte,741,900,3,65
2026-03-04T22:00,Nordeste,922,1100,5,90
2026-03-04T22:00,Sudeste,1448,1600,4,75
2026-03-04T22:00,Sul,854,1000,2,55
2026-03-04T23:00,Norte,706,900,3,65
2026-03-04T23:00,Nordeste,934,1100,5,90
2026-03-04T23:00,Sudeste,1420,1600,4,75
2026-03-04T23:00,Sul,834,1000,2,55
2026-03-05T00:00,Norte,705,900,3,65
2026-03-05T00:00,Nordeste,910,1100,5,90
2026-03-05T00:00,Sudeste,1387,1600,4,75
2026-03-05T00:00,Sul,806,1000,2,55
2026-03-05T01:00,Norte,721,900,3,65
2026-03-05T01:00,Nordeste,882,1100,5,90
2026-03-05T01:00,Sudeste,1389,1600,4,75
2026-03-05T01:00,Sul,806,1000,2,55
2026-03-05T02:00,Norte,705,900,3,65
2026-03-05T02:00,Nordeste,874,1100,5,90
2026-03-05T02:00,Sudeste,1362,1600,4,75
2026-03-05T02:00,Sul,809,1000,2,55
2026-03-05T03:00,Norte,711,900,3,65
2026-03-05T03:00,Nordeste,915,1100,5,90
2026-03-05T03:00,Sudeste,1421,1600,4,75
2026-03-05T03:00,Sul,779,1000,2,55
2026-03-05T04:00,Norte,738,900,3,65
2026-03-05T04:00,Nordeste,915,1100,5,90
2026-03-05T04:00,Sudeste,1451,1600,4,75
2026-03-05T04:00,Sul,853,1000,2,55
2026-03-05T05:00,Norte,756,900,3,65
2026-03-05T05:00,Nordeste,953,1100,5,90
2026-03-05T05:00,Sudeste,1489,1600,4,75
2026-03-05T05:00,Sul,822,1000,2,55
2026-03-05T06:00,Norte,760,900,3,65
2026-03-05T06:00,Nordeste,975,1100,5,90
2026-03-05T06:00,Sudeste,1457,1600,4,75
2026-03-05T06:00,Sul,864,1000,2,55
2026-03-05T07:00,Norte,816,918,3,65
2026-03-05T07:00,Nordeste,1044,1118,5,90
2026-03-05T07:00,Sudeste,1510,1618,4,75
2026-03-05T07:00,Sul,913,1018,2,55
2026-03-05T08:00,Norte,864,934,3,65
2026-03-05T08:00,Nordeste,1082,1134,5,90
2026-03-05T08:00,Sudeste,1569,1634,4,75
2026-03-05T08:00,Sul,923,1034,2,55
2026-03-05T09:00,Norte,918,949,3,65
2026-03-05T09:00,Nordeste,1051,1149,5,90
2026-03-05T09:00,Sudeste,1612,1649,4,75
2026-03-05T09:00,Sul,961,1049,2,55
2026-03-05T10:00,Norte,893,960,3,65
2026-03-05T10:00,Nordeste,1087,1160,5,90
2026-03-05T10:00,Sudeste,1579,1660,4,75
2026-03-05T10:00,Sul,1038,1060,2,55
2026-03-05T11:00,Norte,909,967,3,65
2026-03-05T11:00,Nordeste,1120,1167,5,90
2026-03-05T11:00,Sudeste,1628,1667,4,75
2026-03-05T11:00,Sul,1010,1067,2,55
2026-03-05T12:00,Norte,915,970,3,65
2026-03-05T12:00,Nordeste,1160,1170,5,90
2026-03-05T12:00,Sudeste,1649,1670,4,75
2026-03-05T12:00,Sul,1011,1070,2,55
2026-03-05T13:00,Norte,944,967,3,65
2026-03-05T13:00,Nordeste,1176,1167,5,90
2026-03-05T13:00,Sudeste,1619,1667,4,75
2026-03-05T13:00,Sul,1067,1067,2,55
2026-03-05T14:00,Norte,942,960,3,65
2026-03-05T14:00,Nordeste,1118,1160,5,90
2026-03-05T14:00,Sudeste,1634,1660,4,75
2026-03-05T14:00,Sul,1034,1060,2,55
2026-03-05T15:00,Norte,918,949,3,65
2026-03-05T15:00,Nordeste,1149,1149,5,90
2026-03-05T15:00,Sudeste,1646,1649,4,75
2026-03-05T15:00,Sul,1017,1049,2,55
2026-03-05T16:00,Norte,943,934,3,65
2026-03-05T16:00,Nordeste,1136,1134,5,90
2026-03-05T16:00,Sudeste,1643,1634,4,75
2026-03-05T16:00,Sul,991,1034,2,55
2026-03-05T17:00,Norte,895,918,3,65
2026-03-05T17:00,Nordeste,1117,1118,5,90
2026-03-05T17:00,Sudeste,1568,1618,4,75
2026-03-05T17:00,Sul,985,1018,2,55
2026-03-05T18:00,Norte,867,900,3,65
2026-03-05T18:00,Nordeste,1043,1100,5,90
2026-03-05T18:00,Sudeste,1536,1600,4,75
2026-03-05T18:00,Sul,935,1000,2,55
2026-03-05T19:00,Norte,819,900,3,65
2026-03-05T19:00,Nordeste,1019,1100,5,90
2026-03-05T19:00,Sudeste,1551,1600,4,75
2026-03-05T19:00,Sul,947,1000,2,55
2026-03-05T20:00,Norte,766,900,3,65
2026-03-05T20:00,Nordeste,974,1100,5,90
2026-03-05T20:00,Sudeste,1501,1600,4,75
2026-03-05T20:00,Sul,855,1000,2,55
2026-03-05T21:00,Norte,788,900,3,65
2026-03-05T21:00,Nordeste,963,1100,5,90
2026-03-05T21:00,Sudeste,1479,1600,4,75
2026-03-05T21:00,Sul,865,1000,2,55
2026-03-05T22:00,Norte,735,900,3,65
2026-03-05T22:00,Nordeste,958,1100,5,90
2026-03-05T22:00,Sudeste,1415,1600,4,75
2026-03-05T22:00,Sul,810,1000,2,55
2026-03-05T23:00,Norte,729,900,3,65
2026-03-05T23:00,Nordeste,921,1100,5,90
2026-03-05T23:00,Sudeste,1432,1600,4,75
2026-03-05T23:00,Sul,827,1000,2,55
2026-03-06T00:00,Norte,715,900,3,65
2026-03-06T00:00,Nordeste,919,1100,5,90
2026-03-06T00:00,Sudeste,1410,1600,4,75
2026-03-06T00:00,Sul,775,1000,2,55
2026-03-06T01:00,Norte,662,900,3,65
2026-03-06T01:00,Nordeste,898,1100,5,90
2026-03-06T01:00,Sudeste,1406,1600,4,75
2026-03-06T01:00,Sul,761,1000,2,55
2026-03-06T02:00,Norte,669,900,3,65
2026-03-06T02:00,Nordeste,866,1100,5,90
2026-03-06T02:00,Sudeste,1429,1600,4,75
2026-03-06T02:00,Sul,816,1000,2,55
2026-03-06T03:00,Norte,674,900,3,65
2026-03-06T03:00,Nordeste,931,1100,5,90
2026-03-06T03:00,Sudeste,1387,1600,4,75
2026-03-06T03:00,Sul,834,1000,2,55
2026-03-06T04:00,Norte,736,900,3,65
2026-03-06T04:00,Nordeste,912,1100,5,90
2026-03-06T04:00,Sudeste,1423,1600,4,75
2026-03-06T04:00,Sul,842,1000,2,55
2026-03-06T05:00,Norte,738,900,3,65
2026-03-06T05:00,Nordeste,949,1100,5,90
2026-03-06T05:00,Sudeste,1486,1600,4,75
2026-03-06T05:00,Sul,878,1000,2,55
2026-03-06T06:00,Norte,812,900,3,65
2026-03-06T06:00,Nordeste,990,1100,5,90
2026-03-06T06:00,Sudeste,1510,1600,4,75
2026-03-06T06:00,Sul,865,1000,2,55
2026-03-06T07:00,Norte,795,918,3,65
2026-03-06T07:00,Nordeste,1038,1118,5,90
2026-03-06T07:00,Sudeste,1491,1618,4,75
2026-03-06T07:00,Sul,915,1018,2,55
2026-03-06T08:00,Norte,825,934,3,65
2026-03-06T08:00,Nordeste,1064,1134,5,90
2026-03-06T08:00,Sudeste,1544,1634,4,75
2026-03-06T08:00,Sul,973,1034,2,55
2026-03-06T09:00,Norte,860,949,3,65
2026-03-06T09:00,Nordeste,1090,1149,5,90
2026-03-06T09:00,Sudeste,1585,1649,4,75
2026-03-06T09:00,Sul,994,1049,2,55
2026-03-06T10:00,Norte,942,960,3,65
2026-03-06T10:00,Nordeste,1146,1160,5,90
2026-03-06T10:00,Sudeste,1589,1660,4,75
2026-03-06T10:00,Sul,1018,1060,2,55
2026-03-06T11:00,Norte,929,967,3,65
2026-03-06T11:00,Nordeste,1112,1167,5,90
2026-03-06T11:00,Sudeste,1642,1667,4,75
2026-03-06T11:00,Sul,999,1067,2,55
2026-03-06T12:00,Norte,960,970,3,65
2026-03-06T12:00,Nordeste,1121,1170,5,90
2026-03-06T12:00,Sudeste,1613,1670,4,75
2026-03-06T12:00,Sul,1040,1070,2,55
2026-03-06T13:00,Norte,921,967,3,65
2026-03-06T13:00,Nordeste,1142,1167,5,90
2026-03-06T13:00,Sudeste,1649,1667,4,75
2026-03-06T13:00,Sul,1032,1067,2,55
2026-03-06T14:00,Norte,940,960,3,65
2026-03-06T14:00,Nordeste,1123,1160,5,90
2026-03-06T14:00,Sudeste,1648,1660,4,75
2026-03-06T14:00,Sul,1055,1060,2,55
2026-03-06T15:00,Norte,956,949,3,65
2026-03-06T15:00,Nordeste,1160,1149,5,90
2026-03-06T15:00,Sudeste,1599,1649,4,75
2026-03-06T15:00,Sul,1004,1049,2,55
2026-03-06T16:00,Norte,903,934,3,65
2026-03-06T16:00,Nordeste,1120,1134,5,90
2026-03-06T16:00,Sudeste,1583,1634,4,75
2026-03-06T16:00,Sul,1034,1034,2,55
2026-03-06T17:00,Norte,888,918,3,65
2026-03-06T17:00,Nordeste,1061,1118,5,90
2026-03-06T17:00,Sudeste,1570,1618,4,75
2026-03-06T17:00,Sul,958,1018,2,55
2026-03-06T18:00,Norte,840,900,3,65
2026-03-06T18:00,Nordeste,1059,1100,5,90
2026-03-06T18:00,Sudeste,1554,1600,4,75
2026-03-06T18:00,Sul,956,1000,2,55
2026-03-06T19:00,Norte,813,900,3,65
2026-03-06T19:00,Nordeste,999,1100,5,90
2026-03-06T19:00,Sudeste,1538,1600,4,75
2026-03-06T19:00,Sul,912,1000,2,55
2026-03-06T20:00,Norte,756,900,3,65
2026-03-06T20:00,Nordeste,958,1100,5,90
2026-03-06T20:00,Sudeste,1518,1600,4,75
2026-03-06T20:00,Sul,855,1000,2,55
2026-03-06T21:00,Norte,772,900,3,65
2026-03-06T21:00,Nordeste,953,1100,5,90
2026-03-06T21:00,Sudeste,1436,1600,4,75
2026-03-06T21:00,Sul,837,1000,2,55
2026-03-06T22:00,Norte,757,900,3,65
2026-03-06T22:00,Nordeste,956,1100,5,90
2026-03-06T22:00,Sudeste,1400,1600,4,75
2026-03-06T22:00,Sul,799,1000,2,55
2026-03-06T23:00,Norte,695,900,3,65
2026-03-06T23:00,Nordeste,929,1100,5,90
2026-03-06T23:00,Sudeste,1419,1600,4,75
2026-03-06T23:00,Sul,833,1000,2,55
2026-03-07T00:00,Norte,685,900,3,65
2026-03-07T00:00,Nordeste,907,1100,5,90
2026-03-07T00:00,Sudeste,1402,1600,4,75
2026-03-07T00:00,Sul,822,1000,2,55
2026-03-07T01:00,Norte,721,900,3,65
2026-03-07T01:00,Nordeste,925,1100,5,90
2026-03-07T01:00,Sudeste,1358,1600,4,75
2026-03-07T01:00,Sul,772,1000,2,55
2026-03-07T02:00,Norte,714,900,3,65
2026-03-07T02:00,Nordeste,878,1100,5,90
2026-03-07T02:00,Sudeste,1422,1600,4,75
2026-03-07T02:00,Sul,822,1000,2,55
2026-03-07T03:00,Norte,720,900,3,65
2026-03-07T03:00,Nordeste,908,1100,5,90
2026-03-07T03:00,Sudeste,1416,1600,4,75
2026-03-07T03:00,Sul,829,1000,2,55
2026-03-07T04:00,Norte,744,900,3,65
2026-03-07T04:00,Nordeste,958,1100,5,90
2026-03-07T04:00,Sudeste,1453,1600,4,75
2026-03-07T04:00,Sul,853,1000,2,55
2026-03-07T05:00,Norte,770,900,3,65
2026-03-07T05:00,Nordeste,931,1100,5,90
2026-03-07T05:00,Sudeste,1442,1600,4,75
2026-03-07T05:00,Sul,823,1000,2,55
2026-03-07T06:00,Norte,775,900,3,65
2026-03-07T06:00,Nordeste,1020,1100,5,90
2026-03-07T06:00,Sudeste,1488,1600,4,75
2026-03-07T06:00,Sul,861,1000,2,55
2026-03-07T07:00,Norte,833,918,3,65
2026-03-07T07:00,Nordeste,986,1118,5,90
2026-03-07T07:00,Sudeste,1519,1618,4,75
2026-03-07T07:00,Sul,950,1018,2,55
2026-03-07T08:00,Norte,878,934,3,65
2026-03-07T08:00,Nordeste,1039,1134,5,90
2026-03-07T08:00,Sudeste,1584,1634,4,75
2026-03-07T08:00,Sul,964,1034,2,55
2026-03-07T09:00,Norte,905,949,3,65
2026-03-07T09:00,Nordeste,1104,1149,5,90
2026-03-07T09:00,Sudeste,1593,1649,4,75
2026-03-07T09:00,Sul,949,1049,2,55
2026-03-07T10:00,Norte,932,960,3,65
2026-03-07T10:00,Nordeste,1096,1160,5,90
2026-03-07T10:00,Sudeste,1584,1660,4,75
2026-03-07T10:00,Sul,1039,1060,2,55
2026-03-07T11:00,Norte,907,967,3,65
2026-03-07T11:00,Nordeste,1102,1167,5,90
2026-03-07T11:00,Sudeste,1654,1667,4,75
2026-03-07T11:00,Sul,1039,1067,2,55
2026-03-07T12:00,Norte,935,970,3,65
2026-03-07T12:00,Nordeste,1119,1170,5,90
2026-03-07T12:00,Sudeste,1665,1670,4,75
2026-03-07T12:00,Sul,1076,1070,2,55
2026-03-07T13:00,Norte,962,967,3,65
2026-03-07T13:00,Nordeste,1165,1167,5,90
2026-03-07T13:00,Sudeste,1645,1667,4,75
2026-03-07T13:00,Sul,1070,1067,2,55
2026-03-07T14:00,Norte,948,960,3,65
2026-03-07T14:00,Nordeste,1176,1160,5,90
2026-03-07T14:00,Sudeste,1644,1660,4,75
2026-03-07T14:00,Sul,1022,1060,2,55
2026-03-07T15:00,Norte,955,949,3,65
2026-03-07T15:00,Nordeste,1149,1149,5,90
2026-03-07T15:00,Sudeste,1604,1649,4,75
2026-03-07T15:00,Sul,999,1049,2,55
2026-03-07T16:00,Norte,930,934,3,65
2026-03-07T16:00,Nordeste,1140,1134,5,90
2026-03-07T16:00,Sudeste,1617,1634,4,75
2026-03-07T16:00,Sul,986,1034,2,55
2026-03-07T17:00,Norte,856,918,3,65
2026-03-07T17:00,Nordeste,1087,1118,5,90
2026-03-07T17:00,Sudeste,1615,1618,4,75
2026-03-07T17:00,Sul,958,1018,2,55
2026-03-07T18:00,Norte,829,900,3,65
2026-03-07T18:00,Nordeste,1058,1100,5,90
2026-03-07T18:00,Sudeste,1535,1600,4,75
2026-03-07T18:00,Sul,949,1000,2,55
2026-03-07T19:00,Norte,822,900,3,65
2026-03-07T19:00,Nordeste,1026,1100,5,90
2026-03-07T19:00,Sudeste,1501,1600,4,75
2026-03-07T19:00,Sul,911,1000,2,55
2026-03-07T20:00,Norte,812,900,3,65
2026-03-07T20:00,Nordeste,959,1100,5,90
2026-03-07T20:00,Sudeste,1452,1600,4,75
2026-03-07T20:00,Sul,898,1000,2,55
2026-03-07T21:00,Norte,763,900,3,65
2026-03-07T21:00,Nordeste,930,1100,5,90
2026-03-07T21:00,Sudeste,1443,1600,4,75
2026-03-07T21:00,Sul,857,1000,2,55
2026-03-07T22:00,Norte,700,900,3,65
2026-03-07T22:00,Nordeste,903,1100,5,90
2026-03-07T22:00,Sudeste,1460,1600,4,75
2026-03-07T22:00,Sul,802,1000,2,55
2026-03-07T23:00,Norte,692,900,3,65
2026-03-07T23:00,Nordeste,918,1100,5,90
2026-03-07T23:00,Sudeste,1393,1600,4,75
2026-03-07T23:00,Sul,788,1000,2,55
2026-03-08T00:00,Norte,726,900,3,65
2026-03-08T00:00,Nordeste,870,1100,5,90
2026-03-08T00:00,Sudeste,1426,1600,4,75
2026-03-08T00:00,Sul,768,1000,2,55
2026-03-08T01:00,Norte,667,900,3,65
2026-03-08T01:00,Nordeste,858,1100,5,90
2026-03-08T01:00,Sudeste,1393,1600,4,75
2026-03-08T01:00,Sul,785,1000,2,55
2026-03-08T02:00,Norte,700,900,3,65
2026-03-08T02:00,Nordeste,887,1100,5,90
2026-03-08T02:00,Sudeste,1369,1600,4,75
2026-03-08T02:00,Sul,811,1000,2,55
2026-03-08T03:00,Norte,705,900,3,65
2026-03-08T03:00,Nordeste,935,1100,5,90
2026-03-08T03:00,Sudeste,1419,1600,4,75
2026-03-08T03:00,Sul,776,1000,2,55
2026-03-08T04:00,Norte,707,900,3,65
2026-03-08T04:00,Nordeste,916,1100,5,90
2026-03-08T04:00,Sudeste,1409,1600,4,75
2026-03-08T04:00,Sul,812,1000,2,55
2026-03-08T05:00,Norte,725,900,3,65
2026-03-08T05:00,Nordeste,957,1100,5,90
2026-03-08T05:00,Sudeste,1483,1600,4,75
2026-03-08T05:00,Sul,840,1000,2,55
2026-03-08T06:00,Norte,813,900,3,65
2026-03-08T06:00,Nordeste,1012,1100,5,90
2026-03-08T06:00,Sudeste,1458,1600,4,75
2026-03-08T06:00,Sul,919,1000,2,55
2026-03-08T07:00,Norte,786,918,3,65
2026-03-08T07:00,Nordeste,1000,1118,5,90
2026-03-08T07:00,Sudeste,1507,1618,4,75
2026-03-08T07:00,Sul,920,1018,2,55
2026-03-08T08:00,Norte,885,934,3,65
2026-03-08T08:00,Nordeste,1078,1134,5,90
2026-03-08T08:00,Sudeste,1578,1634,4,75
2026-03-08T08:00,Sul,972,1034,2,55
2026-03-08T09:00,Norte,864,949,3,65
2026-03-08T09:00,Nordeste,1109,1149,5,90
2026-03-08T09:00,Sudeste,1611,1649,4,75
2026-03-08T09:00,Sul,988,1049,2,55
2026-03-08T10:00,Norte,916,960,3,65
2026-03-08T10:00,Nordeste,1143,1160,5,90
2026-03-08T10:00,Sudeste,1633,1660,4,75
2026-03-08T10:00,Sul,1011,1060,2,55
2026-03-08T11:00,Norte,903,967,3,65
2026-03-08T11:00,Nordeste,1116,1167,5,90
2026-03-08T11:00,Sudeste,1602,1667,4,75
2026-03-08T11:00,Sul,1067,1067,2,55
2026-03-08T12:00,Norte,959,970,3,65
2026-03-08T12:00,Nordeste,1115,1170,5,90
2026-03-08T12:00,Sudeste,1654,1670,4,75
2026-03-08T12:00,Sul,1036,1070,2,55
2026-03-08T13:00,Norte,969,967,3,65
2026-03-08T13:00,Nordeste,1159,1167,5,90
2026-03-08T13:00,Sudeste,1683,1667,4,75
2026-03-08T13:00,Sul,1023,1067,2,55
2026-03-08T14:00,Norte,969,960,3,65
2026-03-08T14:00,Nordeste,1131,1160,5,90
2026-03-08T14:00,Sudeste,1631,1660,4,75
2026-03-08T14:00,Sul,1050,1060,2,55
2026-03-08T15:00,Norte,966,949,3,65
2026-03-08T15:00,Nordeste,1104,1149,5,90
2026-03-08T15:00,Sudeste,1640,1649,4,75
2026-03-08T15:00,Sul,1062,1049,2,55
2026-03-08T16:00,Norte,933,934,3,65
2026-03-08T16:00,Nordeste,1126,1134,5,90
2026-03-08T16:00,Sudeste,1638,1634,4,75
2026-03-08T16:00,Sul,1012,1034,2,55
2026-03-08T17:00,Norte,893,918,3,65
2026-03-08T17:00,Nordeste,1078,1118,5,90
2026-03-08T17:00,Sudeste,1558,1618,4,75
2026-03-08T17:00,Sul,993,1018,2,55
2026-03-08T18:00,Norte,843,900,3,65
2026-03-08T18:00,Nordeste,1070,1100,5,90
2026-03-08T18:00,Sudeste,1558,1600,4,75
2026-03-08T18:00,Sul,955,1000,2,55
2026-03-08T19:00,Norte,826,900,3,65
2026-03-08T19:00,Nordeste,1002,1100,5,90
2026-03-08T19:00,Sudeste,1521,1600,4,75
2026-03-08T19:00,Sul,927,1000,2,55
2026-03-08T20:00,Norte,810,900,3,65
2026-03-08T20:00,Nordeste,960,1100,5,90
2026-03-08T20:00,Sudeste,1479,1600,4,75
2026-03-08T20:00,Sul,868,1000,2,55
2026-03-08T21:00,Norte,735,900,3,65
2026-03-08T21:00,Nordeste,988,1100,5,90
2026-03-08T21:00,Sudeste,1485,1600,4,75
2026-03-08T21:00,Sul,834,1000,2,55
2026-03-08T22:00,Norte,750,900,3,65
2026-03-08T22:00,Nordeste,910,1100,5,90
2026-03-08T22:00,Sudeste,1410,1600,4,75
2026-03-08T22:00,Sul,810,1000,2,55
2026-03-08T23:00,Norte,695,900,3,65
2026-03-08T23:00,Nordeste,895,1100,5,90
2026-03-08T23:00,Sudeste,1438,1600,4,75
2026-03-08T23:00,Sul,836,1000,2,55
2026-03-09T00:00,Norte,694,900,3,65
2026-03-09T00:00,Nordeste,886,1100,5,90
2026-03-09T00:00,Sudeste,1424,1600,4,75
2026-03-09T00:00,Sul,826,1000,2,55
2026-03-09T01:00,Norte,700,900,3,65
2026-03-09T01:00,Nordeste,923,1100,5,90
2026-03-09T01:00,Sudeste,1385,1600,4,75
2026-03-09T01:00,Sul,790,1000,2,55
2026-03-09T02:00,Norte,694,900,3,65
2026-03-09T02:00,Nordeste,914,1100,5,90
2026-03-09T02:00,Sudeste,1403,1600,4,75
2026-03-09T02:00,Sul,796,1000,2,55
2026-03-09T03:00,Norte,710,900,3,65
2026-03-09T03:00,Nordeste,912,1100,5,90
2026-03-09T03:00,Sudeste,1405,1600,4,75
2026-03-09T03:00,Sul,790,1000,2,55
2026-03-09T04:00,Norte,753,900,3,65
2026-03-09T04:00,Nordeste,906,1100,5,90
2026-03-09T04:00,Sudeste,1455,1600,4,75
2026-03-09T04:00,Sul,864,1000,2,55
2026-03-09T05:00,Norte,773,900,3,65
2026-03-09T05:00,Nordeste,944,1100,5,90
2026-03-09T05:00,Sudeste,1447,1600,4,75
2026-03-09T05:00,Sul,890,1000,2,55
2026-03-09T06:00,Norte,813,900,3,65
2026-03-09T06:00,Nordeste,956,1100,5,90
2026-03-09T06:00,Sudeste,1510,1600,4,75
2026-03-09T06:00,Sul,915,1000,2,55
2026-03-09T07:00,Norte,818,918,3,65
2026-03-09T07:00,Nordeste,1013,1118,5,90
2026-03-09T07:00,Sudeste,1527,1618,4,75
2026-03-09T07:00,Sul,894,1018,2,55
2026-03-09T08:00,Norte,859,934,3,65
2026-03-09T08:00,Nordeste,1076,1134,5,90
2026-03-09T08:00,Sudeste,1556,1634,4,75
2026-03-09T08:00,Sul,958,1034,2,55
2026-03-09T09:00,Norte,849,949,3,65
2026-03-09T09:00,Nordeste,1081,1149,5,90
2026-03-09T09:00,Sudeste,1608,1649,4,75
2026-03-09T09:00,Sul,1004,1049,2,55
2026-03-09T10:00,Norte,939,960,3,65
2026-03-09T10:00,Nordeste,1136,1160,5,90
2026-03-09T10:00,Sudeste,1637,1660,4,75
2026-03-09T10:00,Sul,994,1060,2,55
2026-03-09T11:00,Norte,917,967,3,65
2026-03-09T11:00,Nordeste,1161,1167,5,90
2026-03-09T11:00,Sudeste,1656,1667,4,75
2026-03-09T11:00,Sul,1022,1067,2,55
2026-03-09T12:00,Norte,970,970,3,65
2026-03-09T12:00,Nordeste,1173,1170,5,90
2026-03-09T12:00,Sudeste,1659,1670,4,75
2026-03-09T12:00,Sul,1079,1070,2,55
2026-03-09T13:00,Norte,979,967,3,65
2026-03-09T13:00,Nordeste,1147,1167,5,90
2026-03-09T13:00,Sudeste,1670,1667,4,75
2026-03-09T13:00,Sul,1020,1067,2,55
2026-03-09T14:00,Norte,942,960,3,65
2026-03-09T14:00,Nordeste,1134,1160,5,90
2026-03-09T14:00,Sudeste,1620,1660,4,75
2026-03-09T14:00,Sul,1080,1060,2,55
2026-03-09T15:00,Norte,925,949,3,65
2026-03-09T15:00,Nordeste,1156,1149,5,90
2026-03-09T15:00,Sudeste,1622,1649,4,75
2026-03-09T15:00,Sul,1054,1049,2,55
2026-03-09T16:00,Norte,894,934,3,65
2026-03-09T16:00,Nordeste,1133,1134,5,90
2026-03-09T16:00,Sudeste,1578,1634,4,75
2026-03-09T16:00,Sul,985,1034,2,55
2026-03-09T17:00,Norte,887,918,3,65
2026-03-09T17:00,Nordeste,1097,1118,5,90
2026-03-09T17:00,Sudeste,1567,1618,4,75
2026-03-09T17:00,Sul,1014,1018,2,55
2026-03-09T18:00,Norte,853,900,3,65
2026-03-09T18:00,Nordeste,1068,1100,5,90
2026-03-09T18:00,Sudeste,1572,1600,4,75
2026-03-09T18:00,Sul,936,1000,2,55
2026-03-09T19:00,Norte,803,900,3,65
2026-03-09T19:00,Nordeste,1020,1100,5,90
2026-03-09T19:00,Sudeste,1531,1600,4,75
2026-03-09T19:00,Sul,915,1000,2,55
2026-03-09T20:00,Norte,797,900,3,65
2026-03-09T20:00,Nordeste,997,1100,5,90
2026-03-09T20:00,Sudeste,1467,1600,4,75
2026-03-09T20:00,Sul,906,1000,2,55
2026-03-09T21:00,Norte,729,900,3,65
2026-03-09T21:00,Nordeste,971,1100,5,90
2026-03-09T21:00,Sudeste,1428,1600,4,75
2026-03-09T21:00,Sul,832,1000,2,55
2026-03-09T22:00,Norte,707,900,3,65
2026-03-09T22:00,Nordeste,953,1100,5,90
2026-03-09T22:00,Sudeste,1418,1600,4,75
2026-03-09T22:00,Sul,821,1000,2,55
2026-03-09T23:00,Norte,675,900,3,65
2026-03-09T23:00,Nordeste,885,1100,5,90
2026-03-09T23:00,Sudeste,1375,1600,4,75
2026-03-09T23:00,Sul,790,1000,2,55
2026-03-10T00:00,Norte,678,900,3,65
2026-03-10T00:00,Nordeste,897,1100,5,90
2026-03-10T00:00,Sudeste,1370,1600,4,75
2026-03-10T00:00,Sul,776,1000,2,55
2026-03-10T01:00,Norte,718,900,3,65
2026-03-10T01:00,Nordeste,873,1100,5,90
2026-03-10T01:00,Sudeste,1411,1600,4,75
2026-03-10T01:00,Sul,799,1000,2,55
2026-03-10T02:00,Norte,699,900,3,65
2026-03-10T02:00,Nordeste,919,1100,5,90
2026-03-10T02:00,Sudeste,1390,1600,4,75
2026-03-10T02:00,Sul,830,1000,2,55
2026-03-10T03:00,Norte,733,900,3,65
2026-03-10T03:00,Nordeste,937,1100,5,90
2026-03-10T03:00,Sudeste,1377,1600,4,75
2026-03-10T03:00,Sul,799,1000,2,55
2026-03-10T04:00,Norte,762,900,3,65
2026-03-10T04:00,Nordeste,929,1100,5,90
2026-03-10T04:00,Sudeste,1435,1600,4,75
2026-03-10T04:00,Sul,801,1000,2,55
2026-03-10T05:00,Norte,752,900,3,65
2026-03-10T05:00,Nordeste,949,1100,5,90
2026-03-10T05:00,Sudeste,1431,1600,4,75
2026-03-10T05:00,Sul,864,1000,2,55
2026-03-10T06:00,Norte,753,900,3,65
2026-03-10T06:00,Nordeste,1004,1100,5,90
2026-03-10T06:00,Sudeste,1487,1600,4,75
2026-03-10T06:00,Sul,872,1000,2,55
2026-03-10T07:00,Norte,855,918,3,65
2026-03-10T07:00,Nordeste,1026,1118,5,90
2026-03-10T07:00,Sudeste,1540,1618,4,75
2026-03-10T07:00,Sul,901,1018,2,55
2026-03-10T08:00,Norte,862,934,3,65
2026-03-10T08:00,Nordeste,1024,1134,5,90
2026-03-10T08:00,Sudeste,1550,1634,4,75
2026-03-10T08:00,Sul,920,1034,2,55
2026-03-10T09:00,Norte,851,949,3,65
2026-03-10T09:00,Nordeste,1071,1149,5,90
2026-03-10T09:00,Sudeste,1563,1649,4,75
2026-03-10T09:00,Sul,981,1049,2,55
2026-03-10T10:00,Norte,906,960,3,65
2026-03-10T10:00,Nordeste,1119,1160,5,90
2026-03-10T10:00,Sudeste,1588,1660,4,75
2026-03-10T10:00,Sul,1037,1060,2,55
2026-03-10T11:00,Norte,945,967,3,65
2026-03-10T11:00,Nordeste,1166,1167,5,90
2026-03-10T11:00,Sudeste,1613,1667,4,75
2026-03-10T11:00,Sul,1045,1067,2,55
2026-03-10T12:00,Norte,955,970,3,65
2026-03-10T12:00,Nordeste,1151,1170,5,90
2026-03-10T12:00,Sudeste,1618,1670,4,75
2026-03-10T12:00,Sul,1012,1070,2,55
2026-03-10T13:00,Norte,918,967,3,65
2026-03-10T13:00,Nordeste,1166,1167,5,90
2026-03-10T13:00,Sudeste,1683,1667,4,75
2026-03-10T13:00,Sul,1076,1067,2,55
2026-03-10T14:00,Norte,917,960,3,65
2026-03-10T14:00,Nordeste,1146,1160,5,90
2026-03-10T14:00,Sudeste,1614,1660,4,75
2026-03-10T14:00,Sul,1018,1060,2,55
2026-03-10T15:00,Norte,926,949,3,65
2026-03-10T15:00,Nordeste,1152,1149,5,90
2026-03-10T15:00,Sudeste,1663,1649,4,75
2026-03-10T15:00,Sul,1060,1049,2,55
2026-03-10T16:00,Norte,876,934,3,65
2026-03-10T16:00,Nordeste,1129,1134,5,90
2026-03-10T16:00,Sudeste,1624,1634,4,75
2026-03-10T16:00,Sul,1012,1034,2,55
2026-03-10T17:00,Norte,915,918,3,65
2026-03-10T17:00,Nordeste,1100,1118,5,90
2026-03-10T17:00,Sudeste,1563,1618,4,75
2026-03-10T17:00,Sul,951,1018,2,55
2026-03-10T18:00,Norte,865,900,3,65
2026-03-10T18:00,Nordeste,1084,1100,5,90
2026-03-10T18:00,Sudeste,1572,1600,4,75
2026-03-10T18:00,Sul,954,1000,2,55
2026-03-10T19:00,Norte,830,900,3,65
2026-03-10T19:00,Nordeste,1015,1100,5,90
2026-03-10T19:00,Sudeste,1534,1600,4,75
2026-03-10T19:00,Sul,917,1000,2,55
2026-03-10T20:00,Norte,817,900,3,65
2026-03-10T20:00,Nordeste,963,1100,5,90
2026-03-10T20:00,Sudeste,1459,1600,4,75
2026-03-10T20:00,Sul,919,1000,2,55
2026-03-10T21:00,Norte,746,900,3,65
2026-03-10T21:00,Nordeste,990,1100,5,90
2026-03-10T21:00,Sudeste,1487,1600,4,75
2026-03-10T21:00,Sul,886,1000,2,55
2026-03-10T22:00,Norte,713,900,3,65
2026-03-10T22:00,Nordeste,947,1100,5,90
2026-03-10T22:00,Sudeste,1407,1600,4,75
2026-03-10T22:00,Sul,804,1000,2,55
2026-03-10T23:00,Norte,718,900,3,65
2026-03-10T23:00,Nordeste,924,1100,5,90
2026-03-10T23:00,Sudeste,1374,1600,4,75
2026-03-10T23:00,Sul,816,1000,2,55
2026-03-11T00:00,Norte,671,900,3,65
2026-03-11T00:00,Nordeste,922,1100,5,90
2026-03-11T00:00,Sudeste,1385,1600,4,75
2026-03-11T00:00,Sul,825,1000,2,55
2026-03-11T01:00,Norte,681,900,3,65
2026-03-11T01:00,Nordeste,869,1100,5,90
2026-03-11T01:00,Sudeste,1373,1600,4,75
2026-03-11T01:00,Sul,787,1000,2,55
2026-03-11T02:00,Norte,688,900,3,65
2026-03-11T02:00,Nordeste,923,1100,5,90
2026-03-11T02:00,Sudeste,1384,1600,4,75
2026-03-11T02:00,Sul,819,1000,2,55
2026-03-11T03:00,Norte,685,900,3,65
2026-03-11T03:00,Nordeste,935,1100,5,90
2026-03-11T03:00,Sudeste,1401,1600,4,75
2026-03-11T03:00,Sul,827,1000,2,55
2026-03-11T04:00,Norte,701,900,3,65
2026-03-11T04:00,Nordeste,911,1100,5,90
2026-03-11T04:00,Sudeste,1413,1600,4,75
2026-03-11T04:00,Sul,844,1000,2,55
2026-03-11T05:00,Norte,744,900,3,65
2026-03-11T05:00,Nordeste,927,1100,5,90
2026-03-11T05:00,Sudeste,1473,1600,4,75
2026-03-11T05:00,Sul,873,1000,2,55
2026-03-11T06:00,Norte,754,900,3,65
2026-03-11T06:00,Nordeste,959,1100,5,90
2026-03-11T06:00,Sudeste,1467,1600,4,75
2026-03-11T06:00,Sul,898,1000,2,55
2026-03-11T07:00,Norte,821,918,3,65
2026-03-11T07:00,Nordeste,1028,1118,5,90
2026-03-11T07:00,Sudeste,1549,1618,4,75
2026-03-11T07:00,Sul,920,1018,2,55
2026-03-11T08:00,Norte,852,934,3,65
2026-03-11T08:00,Nordeste,1070,1134,5,90
2026-03-11T08:00,Sudeste,1522,1634,4,75
2026-03-11T08:00,Sul,981,1034,2,55
2026-03-11T09:00,Norte,905,949,3,65
2026-03-11T09:00,Nordeste,1100,1149,5,90
2026-03-11T09:00,Sudeste,1619,1649,4,75
2026-03-11T09:00,Sul,960,1049,2,55
2026-03-11T10:00,Norte,908,960,3,65
2026-03-11T10:00,Nordeste,1106,1160,5,90
2026-03-11T10:00,Sudeste,1613,1660,4,75
2026-03-11T10:00,Sul,987,1060,2,55
2026-03-11T11:00,Norte,932,967,3,65
2026-03-11T11:00,Nordeste,1165,1167,5,90
2026-03-11T11:00,Sudeste,1597,1667,4,75
2026-03-11T11:00,Sul,1066,1067,2,55
2026-03-11T12:00,Norte,931,970,3,65
2026-03-11T12:00,Nordeste,1122,1170,5,90
2026-03-11T12:00,Sudeste,1654,1670,4,75
2026-03-11T12:00,Sul,1040,1070,2,55
2026-03-11T13:00,Norte,939,967,3,65
2026-03-11T13:00,Nordeste,1126,1167,5,90
2026-03-11T13:00,Sudeste,1625,1667,4,75
2026-03-11T13:00,Sul,1073,1067,2,55
2026-03-11T14:00,Norte,976,960,3,65
2026-03-11T14:00,Nordeste,1173,1160,5,90
2026-03-11T14:00,Sudeste,1665,1660,4,75
2026-03-11T14:00,Sul,1051,1060,2,55
2026-03-11T15:00,Norte,930,949,3,65
2026-03-11T15:00,Nordeste,1109,1149,5,90
2026-03-11T15:00,Sudeste,1622,1649,4,75
2026-03-11T15:00,Sul,1021,1049,2,55
2026-03-11T16:00,Norte,883,934,3,65
2026-03-11T16:00,Nordeste,1127,1134,5,90
2026-03-11T16:00,Sudeste,1625,1634,4,75
2026-03-11T16:00,Sul,999,1034,2,55
2026-03-11T17:00,Norte,901,918,3,65
2026-03-11T17:00,Nordeste,1113,1118,5,90
2026-03-11T17:00,Sudeste,1573,1618,4,75
2026-03-11T17:00,Sul,969,1018,2,55
2026-03-11T18:00,Norte,847,900,3,65
2026-03-11T18:00,Nordeste,1083,1100,5,90
2026-03-11T18:00,Sudeste,1547,1600,4,75
2026-03-11T18:00,Sul,922,1000,2,55
2026-03-11T19:00,Norte,835,900,3,65
2026-03-11T19:00,Nordeste,1004,1100,5,90
2026-03-11T19:00,Sudeste,1542,1600,4,75
2026-03-11T19:00,Sul,952,1000,2,55
2026-03-11T20:00,Norte,792,900,3,65
2026-03-11T20:00,Nordeste,989,1100,5,90
2026-03-11T20:00,Sudeste,1511,1600,4,75
2026-03-11T20:00,Sul,913,1000,2,55
2026-03-11T21:00,Norte,760,900,3,65
2026-03-11T21:00,Nordeste,975,1100,5,90
2026-03-11T21:00,Sudeste,1460,1600,4,75
2026-03-11T21:00,Sul,821,1000,2,55
2026-03-11T22:00,Norte,711,900,3,65
2026-03-11T22:00,Nordeste,896,1100,5,90
2026-03-11T22:00,Sudeste,1410,1600,4,75
2026-03-11T22:00,Sul,843,1000,2,55
2026-03-11T23:00,Norte,706,900,3,65
2026-03-11T23:00,Nordeste,927,1100,5,90
2026-03-11T23:00,Sudeste,1374,1600,4,75
2026-03-11T23:00,Sul,803,1000,2,55
2026-03-12T00:00,Norte,702,900,3,65
2026-03-12T00:00,Nordeste,870,1100,5,90
2026-03-12T00:00,Sudeste,1382,1600,4,75
2026-03-12T00:00,Sul,785,1000,2,55
2026-03-12T01:00,Norte,659,900,3,65
2026-03-12T01:00,Nordeste,863,1100,5,90
2026-03-12T01:00,Sudeste,1411,1600,4,75
2026-03-12T01:00,Sul,770,1000,2,55
2026-03-12T02:00,Norte,700,900,3,65
2026-03-12T02:00,Nordeste,916,1100,5,90
2026-03-12T02:00,Sudeste,1381,1600,4,75
2026-03-12T02:00,Sul,791,1000,2,55
2026-03-12T03:00,Norte,710,900,3,65
2026-03-12T03:00,Nordeste,909,1100,5,90
2026-03-12T03:00,Sudeste,1377,1600,4,75
2026-03-12T03:00,Sul,805,1000,2,55
2026-03-12T04:00,Norte,727,900,3,65
2026-03-12T04:00,Nordeste,927,1100,5,90
2026-03-12T04:00,Sudeste,1405,1600,4,75
2026-03-12T04:00,Sul,797,1000,2,55
2026-03-12T05:00,Norte,787,900,3,65
2026-03-12T05:00,Nordeste,925,1100,5,90
2026-03-12T05:00,Sudeste,1483,1600,4,75
2026-03-12T05:00,Sul,878,1000,2,55
2026-03-12T06:00,Norte,765,900,3,65
2026-03-12T06:00,Nordeste,1005,1100,5,90
2026-03-12T06:00,Sudeste,1490,1600,4,75
2026-03-12T06:00,Sul,918,1000,2,55
2026-03-12T07:00,Norte,801,918,3,65
2026-03-12T07:00,Nordeste,988,1118,5,90
2026-03-12T07:00,Sudeste,1547,1618,4,75
2026-03-12T07:00,Sul,935,1018,2,55
2026-03-12T08:00,Norte,864,934,3,65
2026-03-12T08:00,Nordeste,1052,1134,5,90
2026-03-12T08:00,Sudeste,1571,1634,4,75
2026-03-12T08:00,Sul,963,1034,2,55
2026-03-12T09:00,Norte,915,949,3,65
2026-03-12T09:00,Nordeste,1101,1149,5,90
2026-03-12T09:00,Sudeste,1580,1649,4,75
2026-03-12T09:00,Sul,1003,1049,2,55
2026-03-12T10:00,Norte,918,960,3,65
2026-03-12T10:00,Nordeste,1144,1160,5,90
2026-03-12T10:00,Sudeste,1583,1660,4,75
2026-03-12T10:00,Sul,1016,1060,2,55
2026-03-12T11:00,Norte,898,967,3,65
2026-03-12T11:00,Nordeste,1166,1167,5,90
2026-03-12T11:00,Sudeste,1644,1667,4,75
2026-03-12T11:00,Sul,1062,1067,2,55
2026-03-12T12:00,Norte,974,970,3,65
2026-03-12T12:00,Nordeste,1177,1170,5,90
2026-03-12T12:00,Sudeste,1616,1670,4,75
2026-03-12T12:00,Sul,1028,1070,2,55
2026-03-12T13:00,Norte,921,967,3,65
2026-03-12T13:00,Nordeste,1165,1167,5,90
2026-03-12T13:00,Sudeste,1643,1667,4,75
2026-03-12T13:00,Sul,1025,1067,2,55
2026-03-12T14:00,Norte,913,960,3,65
2026-03-12T14:00,Nordeste,1164,1160,5,90
2026-03-12T14:00,Sudeste,1679,1660,4,75
2026-03-12T14:00,Sul,1014,1060,2,55
2026-03-12T15:00,Norte,915,949,3,65
2026-03-12T15:00,Nordeste,1150,1149,5,90
2026-03-12T15:00,Sudeste,1619,1649,4,75
2026-03-12T15:00,Sul,1060,1049,2,55
2026-03-12T16:00,Norte,928,934,3,65
2026-03-12T16:00,Nordeste,1107,1134,5,90
2026-03-12T16:00,Sudeste,1612,1634,4,75
2026-03-12T16:00,Sul,1036,1034,2,55
2026-03-12T17:00,Norte,909,918,3,65
2026-03-12T17:00,Nordeste,1093,1118,5,90
2026-03-12T17:00,Sudeste,1560,1618,4,75
2026-03-12T17:00,Sul,955,1018,2,55
2026-03-12T18:00,Norte,827,900,3,65
2026-03-12T18:00,Nordeste,1088,1100,5,90
2026-03-12T18:00,Sudeste,1539,1600,4,75
2026-03-12T18:00,Sul,983,1000,2,55
2026-03-12T19:00,Norte,801,900,3,65
2026-03-12T19:00,Nordeste,1036,1100,5,90
2026-03-12T19:00,Sudeste,1496,1600,4,75
2026-03-12T19:00,Sul,909,1000,2,55
2026-03-12T20:00,Norte,802,900,3,65
2026-03-12T20:00,Nordeste,960,1100,5,90
2026-03-12T20:00,Sudeste,1480,1600,4,75
2026-03-12T20:00,Sul,922,1000,2,55
2026-03-12T21:00,Norte,732,900,3,65
2026-03-12T21:00,Nordeste,925,1100,5,90
2026-03-12T21:00,Sudeste,1479,1600,4,75
2026-03-12T21:00,Sul,830,1000,2,55
2026-03-12T22:00,Norte,710,900,3,65
2026-03-12T22:00,Nordeste,912,1100,5,90
2026-03-12T22:00,Sudeste,1412,1600,4,75
2026-03-12T22:00,Sul,861,1000,2,55
2026-03-12T23:00,Norte,741,900,3,65
2026-03-12T23:00,Nordeste,931,1100,5,90
2026-03-12T23:00,Sudeste,1435,1600,4,75
2026-03-12T23:00,Sul,778,1000,2,55
2026-03-13T00:00,Norte,685,900,3,65
2026-03-13T00:00,Nordeste,862,1100,5,90
2026-03-13T00:00,Sudeste,1377,1600,4,75
2026-03-13T00:00,Sul,823,1000,2,55
2026-03-13T01:00,Norte,720,900,3,65
2026-03-13T01:00,Nordeste,856,1100,5,90
2026-03-13T01:00,Sudeste,1409,1600,4,75
2026-03-13T01:00,Sul,798,1000,2,55
2026-03-13T02:00,Norte,676,900,3,65
2026-03-13T02:00,Nordeste,875,1100,5,90
2026-03-13T02:00,Sudeste,1390,1600,4,75
2026-03-13T02:00,Sul,787,1000,2,55
2026-03-13T03:00,Norte,693,900,3,65
2026-03-13T03:00,Nordeste,914,1100,5,90
2026-03-13T03:00,Sudeste,1437,1600,4,75
2026-03-13T03:00,Sul,778,1000,2,55
2026-03-13T04:00,Norte,763,900,3,65
2026-03-13T04:00,Nordeste,963,1100,5,90
2026-03-13T04:00,Sudeste,1457,1600,4,75
2026-03-13T04:00,Sul,801,1000,2,55
2026-03-13T05:00,Norte,791,900,3,65
2026-03-13T05:00,Nordeste,939,1100,5,90
2026-03-13T05:00,Sudeste,1489,1600,4,75
2026-03-13T05:00,Sul,839,1000,2,55
2026-03-13T06:00,Norte,813,900,3,65
2026-03-13T06:00,Nordeste,1020,1100,5,90
2026-03-13T06:00,Sudeste,1489,1600,4,75
2026-03-13T06:00,Sul,909,1000,2,55
2026-03-13T07:00,Norte,789,918,3,65
2026-03-13T07:00,Nordeste,999,1118,5,90
2026-03-13T07:00,Sudeste,1553,1618,4,75
2026-03-13T07:00,Sul,924,1018,2,55
2026-03-13T08:00,Norte,828,934,3,65
2026-03-13T08:00,Nordeste,1076,1134,5,90
2026-03-13T08:00,Sudeste,1546,1634,4,75
2026-03-13T08:00,Sul,982,1034,2,55
2026-03-13T09:00,Norte,884,949,3,65
2026-03-13T09:00,Nordeste,1053,1149,5,90
2026-03-13T09:00,Sudeste,1595,1649,4,75
2026-03-13T09:00,Sul,1005,1049,2,55
2026-03-13T10:00,Norte,911,960,3,65
2026-03-13T10:00,Nordeste,1079,1160,5,90
2026-03-13T10:00,Sudeste,1635,1660,4,75
2026-03-13T10:00,Sul,984,1060,2,55
2026-03-13T11:00,Norte,955,967,3,65
2026-03-13T11:00,Nordeste,1162,1167,5,90
2026-03-13T11:00,Sudeste,1627,1667,4,75
2026-03-13T11:00,Sul,1033,1067,2,55
2026-03-13T12:00,Norte,956,970,3,65
2026-03-13T12:00,Nordeste,1111,1170,5,90
2026-03-13T12:00,Sudeste,1650,1670,4,75
2026-03-13T12:00,Sul,1042,1070,2,55
2026-03-13T13:00,Norte,950,967,3,65
2026-03-13T13:00,Nordeste,1140,1167,5,90
2026-03-13T13:00,Sudeste,1675,1667,4,75
2026-03-13T13:00,Sul,1036,1067,2,55
2026-03-13T14:00,Norte,977,960,3,65
2026-03-13T14:00,Nordeste,1179,1160,5,90
2026-03-13T14:00,Sudeste,1667,1660,4,75
2026-03-13T14:00,Sul,1024,1060,2,55
2026-03-13T15:00,Norte,899,949,3,65
2026-03-13T15:00,Nordeste,1104,1149,5,90
2026-03-13T15:00,Sudeste,1615,1649,4,75
2026-03-13T15:00,Sul,1015,1049,2,55
2026-03-13T16:00,Norte,895,934,3,65
2026-03-13T16:00,Nordeste,1120,1134,5,90
2026-03-13T16:00,Sudeste,1609,1634,4,75
2026-03-13T16:00,Sul,988,1034,2,55
2026-03-13T17:00,Norte,856,918,3,65
2026-03-13T17:00,Nordeste,1104,1118,5,90
2026-03-13T17:00,Sudeste,1569,1618,4,75
2026-03-13T17:00,Sul,959,1018,2,55
2026-03-13T18:00,Norte,886,900,3,65
2026-03-13T18:00,Nordeste,1041,1100,5,90
2026-03-13T18:00,Sudeste,1587,1600,4,75
2026-03-13T18:00,Sul,955,1000,2,55
2026-03-13T19:00,Norte,803,900,3,65
2026-03-13T19:00,Nordeste,1015,1100,5,90
2026-03-13T19:00,Sudeste,1511,1600,4,75
2026-03-13T19:00,Sul,907,1000,2,55
2026-03-13T20:00,Norte,812,900,3,65
2026-03-13T20:00,Nordeste,1002,1100,5,90
2026-03-13T20:00,Sudeste,1502,1600,4,75
2026-03-13T20:00,Sul,899,1000,2,55
2026-03-13T21:00,Norte,789,900,3,65
2026-03-13T21:00,Nordeste,988,1100,5,90
2026-03-13T21:00,Sudeste,1448,1600,4,75
2026-03-13T21:00,Sul,821,1000,2,55
2026-03-13T22:00,Norte,749,900,3,65
2026-03-13T22:00,Nordeste,922,1100,5,90
2026-03-13T22:00,Sudeste,1442,1600,4,75
2026-03-13T22:00,Sul,799,1000,2,55
2026-03-13T23:00,Norte,681,900,3,65
2026-03-13T23:00,Nordeste,884,1100,5,90
2026-03-13T23:00,Sudeste,1393,1600,4,75
2026-03-13T23:00,Sul,775,1000,2,55
2026-03-14T00:00,Norte,711,900,3,65
2026-03-14T00:00,Nordeste,921,1100,5,90
2026-03-14T00:00,Sudeste,1370,1600,4,75
2026-03-14T00:00,Sul,768,1000,2,55
2026-03-14T01:00,Norte,661,900,3,65
2026-03-14T01:00,Nordeste,899,1100,5,90
2026-03-14T01:00,Sudeste,1375,1600,4,75
2026-03-14T01:00,Sul,766,1000,2,55
2026-03-14T02:00,Norte,692,900,3,65
2026-03-14T02:00,Nordeste,860,1100,5,90
2026-03-14T02:00,Sudeste,1367,1600,4,75
2026-03-14T02:00,Sul,792,1000,2,55
2026-03-14T03:00,Norte,730,900,3,65
2026-03-14T03:00,Nordeste,898,1100,5,90
2026-03-14T03:00,Sudeste,1434,1600,4,75
2026-03-14T03:00,Sul,810,1000,2,55
2026-03-14T04:00,Norte,758,900,3,65
2026-03-14T04:00,Nordeste,945,1100,5,90
2026-03-14T04:00,Sudeste,1464,1600,4,75
2026-03-14T04:00,Sul,816,1000,2,55
2026-03-14T05:00,Norte,745,900,3,65
2026-03-14T05:00,Nordeste,980,1100,5,90
2026-03-14T05:00,Sudeste,1440,1600,4,75
2026-03-14T05:00,Sul,831,1000,2,55
2026-03-14T06:00,Norte,803,900,3,65
2026-03-14T06:00,Nordeste,956,1100,5,90
2026-03-14T06:00,Sudeste,1472,1600,4,75
2026-03-14T06:00,Sul,920,1000,2,55
2026-03-14T07:00,Norte,829,918,3,65
2026-03-14T07:00,Nordeste,985,1118,5,90
2026-03-14T07:00,Sudeste,1526,1618,4,75
2026-03-14T07:00,Sul,906,1018,2,55
2026-03-14T08:00,Norte,840,934,3,65
2026-03-14T08:00,Nordeste,1059,1134,5,90
2026-03-14T08:00,Sudeste,1564,1634,4,75
2026-03-14T08:00,Sul,955,1034,2,55
2026-03-14T09:00,Norte,852,949,3,65
2026-03-14T09:00,Nordeste,1105,1149,5,90
2026-03-14T09:00,Sudeste,1608,1649,4,75
2026-03-14T09:00,Sul,973,1049,2,55
2026-03-14T10:00,Norte,899,960,3,65
2026-03-14T10:00,Nordeste,1076,1160,5,90
2026-03-14T10:00,Sudeste,1597,1660,4,75
2026-03-14T10:00,Sul,987,1060,2,55
2026-03-14T11:00,Norte,935,967,3,65
2026-03-14T11:00,Nordeste,1129,1167,5,90
2026-03-14T11:00,Sudeste,1646,1667,4,75
2026-03-14T11:00,Sul,1019,1067,2,55
2026-03-14T12:00,Norte,926,970,3,65
2026-03-14T12:00,Nordeste,1168,1170,5,90
2026-03-14T12:00,Sudeste,1623,1670,4,75
2026-03-14T12:00,Sul,1029,1070,2,55
2026-03-14T13:00,Norte,936,967,3,65
2026-03-14T13:00,Nordeste,1178,1167,5,90
2026-03-14T13:00,Sudeste,1636,1667,4,75
2026-03-14T13:00,Sul,1018,1067,2,55
2026-03-14T14:00,Norte,959,960,3,65
2026-03-14T14:00,Nordeste,1129,1160,5,90
2026-03-14T14:00,Sudeste,1660,1660,4,75
2026-03-14T14:00,Sul,1046,1060,2,55
2026-03-14T15:00,Norte,900,949,3,65
2026-03-14T15:00,Nordeste,1125,1149,5,90
2026-03-14T15:00,Sudeste,1620,1649,4,75
2026-03-14T15:00,Sul,1063,1049,2,55
2026-03-14T16:00,Norte,912,934,3,65
2026-03-14T16:00,Nordeste,1099,1134,5,90
2026-03-14T16:00,Sudeste,1608,1634,4,75
2026-03-14T16:00,Sul,1000,1034,2,55
2026-03-14T17:00,Norte,866,918,3,65
2026-03-14T17:00,Nordeste,1058,1118,5,90
2026-03-14T17:00,Sudeste,1558,1618,4,75
2026-03-14T17:00,Sul,1012,1018,2,55
2026-03-14T18:00,Norte,819,900,3,65
2026-03-14T18:00,Nordeste,1071,1100,5,90
2026-03-14T18:00,Sudeste,1580,1600,4,75
2026-03-14T18:00,Sul,919,1000,2,55
2026-03-14T19:00,Norte,826,900,3,65
2026-03-14T19:00,Nordeste,1007,1100,5,90
2026-03-14T19:00,Sudeste,1547,1600,4,75
2026-03-14T19:00,Sul,944,1000,2,55
2026-03-14T20:00,Norte,801,900,3,65
2026-03-14T20:00,Nordeste,998,1100,5,90
2026-03-14T20:00,Sudeste,1465,1600,4,75
2026-03-14T20:00,Sul,867,1000,2,55
2026-03-14T21:00,Norte,732,900,3,65
2026-03-14T21:00,Nordeste,964,1100,5,90
2026-03-14T21:00,Sudeste,1463,1600,4,75
2026-03-14T21:00,Sul,826,1000,2,55
2026-03-14T22:00,Norte,695,900,3,65
2026-03-14T22:00,Nordeste,914,1100,5,90
2026-03-14T22:00,Sudeste,1395,1600,4,75
2026-03-14T22:00,Sul,838,1000,2,55
2026-03-14T23:00,Norte,687,900,3,65
2026-03-14T23:00,Nordeste,910,1100,5,90
2026-03-14T23:00,Sudeste,1384,1600,4,75
2026-03-14T23:00,Sul,798,1000,2,55
2026-03-15T00:00,Norte,727,900,3,65
2026-03-15T00:00,Nordeste,930,1100,5,90
2026-03-15T00:00,Sudeste,1367,1600,4,75
2026-03-15T00:00,Sul,811,1000,2,55
2026-03-15T01:00,Norte,668,900,3,65
2026-03-15T01:00,Nordeste,890,1100,5,90
2026-03-15T01:00,Sudeste,1359,1600,4,75
2026-03-15T01:00,Sul,781,1000,2,55
2026-03-15T02:00,Norte,691,900,3,65
2026-03-15T02:00,Nordeste,874,1100,5,90
2026-03-15T02:00,Sudeste,1401,1600,4,75
2026-03-15T02:00,Sul,778,1000,2,55
2026-03-15T03:00,Norte,695,900,3,65
2026-03-15T03:00,Nordeste,928,1100,5,90
2026-03-15T03:00,Sudeste,1376,1600,4,75
2026-03-15T03:00,Sul,773,1000,2,55
2026-03-15T04:00,Norte,713,900,3,65
2026-03-15T04:00,Nordeste,945,1100,5,90
2026-03-15T04:00,Sudeste,1445,1600,4,75
2026-03-15T04:00,Sul,854,1000,2,55
2026-03-15T05:00,Norte,790,900,3,65
2026-03-15T05:00,Nordeste,978,1100,5,90
2026-03-15T05:00,Sudeste,1454,1600,4,75
2026-03-15T05:00,Sul,870,1000,2,55
2026-03-15T06:00,Norte,812,900,3,65
2026-03-15T06:00,Nordeste,1000,1100,5,90
2026-03-15T06:00,Sudeste,1508,1600,4,75
2026-03-15T06:00,Sul,912,1000,2,55
2026-03-15T07:00,Norte,829,918,3,65
2026-03-15T07:00,Nordeste,988,1118,5,90
2026-03-15T07:00,Sudeste,1541,1618,4,75
2026-03-15T07:00,Sul,941,1018,2,55
2026-03-15T08:00,Norte,881,934,3,65
2026-03-15T08:00,Nordeste,1018,1134,5,90
2026-03-15T08:00,Sudeste,1551,1634,4,75
2026-03-15T08:00,Sul,965,1034,2,55
2026-03-15T09:00,Norte,871,949,3,65
2026-03-15T09:00,Nordeste,1085,1149,5,90
2026-03-15T09:00,Sudeste,1568,1649,4,75
2026-03-15T09:00,Sul,998,1049,2,55
2026-03-15T10:00,Norte,932,960,3,65
2026-03-15T10:00,Nordeste,1078,1160,5,90
2026-03-15T10:00,Sudeste,1579,1660,4,75
2026-03-15T10:00,Sul,1027,1060,2,55
2026-03-15T11:00,Norte,937,967,3,65
2026-03-15T11:00,Nordeste,1123,1167,5,90
2026-03-15T11:00,Sudeste,1655,1667,4,75
2026-03-15T11:00,Sul,1033,1067,2,55
2026-03-15T12:00,Norte,954,970,3,65
2026-03-15T12:00,Nordeste,1137,1170,5,90
2026-03-15T12:00,Sudeste,1664,1670,4,75
2026-03-15T12:00,Sul,1024,1070,2,55
2026-03-15T13:00,Norte,982,967,3,65
2026-03-15T13:00,Nordeste,1138,1167,5,90
2026-03-15T13:00,Sudeste,1650,1667,4,75
2026-03-15T13:00,Sul,1040,1067,2,55
2026-03-15T14:00,Norte,979,960,3,65
2026-03-15T14:00,Nordeste,1129,1160,5,90
2026-03-15T14:00,Sudeste,1670,1660,4,75
2026-03-15T14:00,Sul,1080,1060,2,55
2026-03-15T15:00,Norte,964,949,3,65
2026-03-15T15:00,Nordeste,1152,1149,5,90
2026-03-15T15:00,Sudeste,1617,1649,4,75
2026-03-15T15:00,Sul,1067,1049,2,55
2026-03-15T16:00,Norte,939,934,3,65
2026-03-15T16:00,Nordeste,1118,1134,5,90
2026-03-15T16:00,Sudeste,1615,1634,4,75
2026-03-15T16:00,Sul,1029,1034,2,55
2026-03-15T17:00,Norte,880,918,3,65
2026-03-15T17:00,Nordeste,1074,1118,5,90
2026-03-15T17:00,Sudeste,1583,1618,4,75
2026-03-15T17:00,Sul,955,1018,2,55
2026-03-15T18:00,Norte,886,900,3,65
2026-03-15T18:00,Nordeste,1033,1100,5,90
2026-03-15T18:00,Sudeste,1543,1600,4,75
2026-03-15T18:00,Sul,958,1000,2,55
2026-03-15T19:00,Norte,825,900,3,65
2026-03-15T19:00,Nordeste,1011,1100,5,90
2026-03-15T19:00,Sudeste,1554,1600,4,75
2026-03-15T19:00,Sul,898,1000,2,55
2026-03-15T20:00,Norte,761,900,3,65
2026-03-15T20:00,Nordeste,972,1100,5,90
2026-03-15T20:00,Sudeste,1466,1600,4,75
2026-03-15T20:00,Sul,879,1000,2,55
2026-03-15T21:00,Norte,727,900,3,65
2026-03-15T21:00,Nordeste,925,1100,5,90
2026-03-15T21:00,Sudeste,1421,1600,4,75
2026-03-15T21:00,Sul,842,1000,2,55
2026-03-15T22:00,Norte,710,900,3,65
2026-03-15T22:00,Nordeste,911,1100,5,90
2026-03-15T22:00,Sudeste,1437,1600,4,75
2026-03-15T22:00,Sul,826,1000,2,55
2026-03-15T23:00,Norte,695,900,3,65
2026-03-15T23:00,Nordeste,893,1100,5,90
2026-03-15T23:00,Sudeste,1378,1600,4,75
2026-03-15T23:00,Sul,807,1000,2,55
2026-03-16T00:00,Norte,703,900,3,65
2026-03-16T00:00,Nordeste,925,1100,5,90
2026-03-16T00:00,Sudeste,1430,1600,4,75
2026-03-16T00:00,Sul,807,1000,2,55
2026-03-16T01:00,Norte,661,900,3,65
2026-03-16T01:00,Nordeste,908,1100,5,90
2026-03-16T01:00,Sudeste,1362,1600,4,75
2026-03-16T01:00,Sul,803,1000,2,55
2026-03-16T02:00,Norte,665,900,3,65
2026-03-16T02:00,Nordeste,885,1100,5,90
2026-03-16T02:00,Sudeste,1380,1600,4,75
2026-03-16T02:00,Sul,763,1000,2,55
2026-03-16T03:00,Norte,739,900,3,65
2026-03-16T03:00,Nordeste,926,1100,5,90
2026-03-16T03:00,Sudeste,1399,1600,4,75
2026-03-16T03:00,Sul,819,1000,2,55
2026-03-16T04:00,Norte,723,900,3,65
2026-03-16T04:00,Nordeste,924,1100,5,90
2026-03-16T04:00,Sudeste,1463,1600,4,75
2026-03-16T04:00,Sul,855,1000,2,55
2026-03-16T05:00,Norte,727,900,3,65
2026-03-16T05:00,Nordeste,921,1100,5,90
2026-03-16T05:00,Sudeste,1463,1600,4,75
2026-03-16T05:00,Sul,822,1000,2,55
2026-03-16T06:00,Norte,810,900,3,65
2026-03-16T06:00,Nordeste,1006,1100,5,90
2026-03-16T06:00,Sudeste,1492,1600,4,75
2026-03-16T06:00,Sul,894,1000,2,55
2026-03-16T07:00,Norte,807,918,3,65
2026-03-16T07:00,Nordeste,1015,1118,5,90
2026-03-16T07:00,Sudeste,1528,1618,4,75
2026-03-16T07:00,Sul,916,1018,2,55
2026-03-16T08:00,Norte,867,934,3,65
2026-03-16T08:00,Nordeste,1077,1134,5,90
2026-03-16T08:00,Sudeste,1531,1634,4,75
2026-03-16T08:00,Sul,919,1034,2,55
2026-03-16T09:00,Norte,855,949,3,65
2026-03-16T09:00,Nordeste,1060,1149,5,90
2026-03-16T09:00,Sudeste,1556,1649,4,75
2026-03-16T09:00,Sul,949,1049,2,55
2026-03-16T10:00,Norte,887,960,3,65
2026-03-16T10:00,Nordeste,1082,1160,5,90
2026-03-16T10:00,Sudeste,1599,1660,4,75
2026-03-16T10:00,Sul,992,1060,2,55
2026-03-16T11:00,Norte,965,967,3,65
2026-03-16T11:00,Nordeste,1130,1167,5,90
2026-03-16T11:00,Sudeste,1639,1667,4,75
2026-03-16T11:00,Sul,1025,1067,2,55
2026-03-16T12:00,Norte,975,970,3,65
2026-03-16T12:00,Nordeste,1116,1170,5,90
2026-03-16T12:00,Sudeste,1650,1670,4,75
2026-03-16T12:00,Sul,1062,1070,2,55
2026-03-16T13:00,Norte,917,967,3,65
2026-03-16T13:00,Nordeste,1140,1167,5,90
2026-03-16T13:00,Sudeste,1634,1667,4,75
2026-03-16T13:00,Sul,1075,1067,2,55
2026-03-16T14:00,Norte,966,960,3,65
2026-03-16T14:00,Nordeste,1141,1160,5,90
2026-03-16T14:00,Sudeste,1621,1660,4,75
2026-03-16T14:00,Sul,1027,1060,2,55
2026-03-16T15:00,Norte,901,949,3,65
2026-03-16T15:00,Nordeste,1166,1149,5,90
2026-03-16T15:00,Sudeste,1623,1649,4,75
2026-03-16T15:00,Sul,999,1049,2,55
2026-03-16T16:00,Norte,881,934,3,65
2026-03-16T16:00,Nordeste,1104,1134,5,90
2026-03-16T16:00,Sudeste,1590,1634,4,75
2026-03-16T16:00,Sul,981,1034,2,55
2026-03-16T17:00,Norte,879,918,3,65
2026-03-16T17:00,Nordeste,1095,1118,5,90
2026-03-16T17:00,Sudeste,1611,1618,4,75
2026-03-16T17:00,Sul,1012,1018,2,55
2026-03-16T18:00,Norte,846,900,3,65
2026-03-16T18:00,Nordeste,1027,1100,5,90
2026-03-16T18:00,Sudeste,1524,1600,4,75
2026-03-16T18:00,Sul,928,1000,2,55
2026-03-16T19:00,Norte,798,900,3,65
2026-03-16T19:00,Nordeste,1044,1100,5,90
2026-03-16T19:00,Sudeste,1523,1600,4,75
2026-03-16T19:00,Sul,930,1000,2,55
2026-03-16T20:00,Norte,786,900,3,65
2026-03-16T20:00,Nordeste,1001,1100,5,90
2026-03-16T20:00,Sudeste,1471,1600,4,75
2026-03-16T20:00,Sul,894,1000,2,55
2026-03-16T21:00,Norte,747,900,3,65
2026-03-16T21:00,Nordeste,967,1100,5,90
2026-03-16T21:00,Sudeste,1471,1600,4,75
2026-03-16T21:00,Sul,846,1000,2,55
2026-03-16T22:00,Norte,764,900,3,65
2026-03-16T22:00,Nordeste,917,1100,5,90
2026-03-16T22:00,Sudeste,1425,1600,4,75
2026-03-16T22:00,Sul,797,1000,2,55
2026-03-16T23:00,Norte,716,900,3,65
2026-03-16T23:00,Nordeste,932,1100,5,90
2026-03-16T23:00,Sudeste,1392,1600,4,75
2026-03-16T23:00,Sul,841,1000,2,55
2026-03-17T00:00,Norte,691,900,3,65
2026-03-17T00:00,Nordeste,892,1100,5,90
2026-03-17T00:00,Sudeste,1419,1600,4,75
2026-03-17T00:00,Sul,821,1000,2,55
2026-03-17T01:00,Norte,677,900,3,65
2026-03-17T01:00,Nordeste,906,1100,5,90
2026-03-17T01:00,Sudeste,1367,1600,4,75
2026-03-17T01:00,Sul,794,1000,2,55
2026-03-17T02:00,Norte,681,900,3,65
2026-03-17T02:00,Nordeste,876,1100,5,90
2026-03-17T02:00,Sudeste,1397,1600,4,75
2026-03-17T02:00,Sul,776,1000,2,55
2026-03-17T03:00,Norte,688,900,3,65
2026-03-17T03:00,Nordeste,888,1100,5,90
2026-03-17T03:00,Sudeste,1425,1600,4,75
2026-03-17T03:00,Sul,837,1000,2,55
2026-03-17T04:00,Norte,700,900,3,65
2026-03-17T04:00,Nordeste,920,1100,5,90
2026-03-17T04:00,Sudeste,1425,1600,4,75
2026-03-17T04:00,Sul,825,1000,2,55
2026-03-17T05:00,Norte,726,900,3,65
2026-03-17T05:00,Nordeste,946,1100,5,90
2026-03-17T05:00,Sudeste,1441,1600,4,75
2026-03-17T05:00,Sul,850,1000,2,55
2026-03-17T06:00,Norte,790,900,3,65
2026-03-17T06:00,Nordeste,1011,1100,5,90
2026-03-17T06:00,Sudeste,1475,1600,4,75
2026-03-17T06:00,Sul,904,1000,2,55
2026-03-17T07:00,Norte,810,918,3,65
2026-03-17T07:00,Nordeste,1010,1118,5,90
2026-03-17T07:00,Sudeste,1547,1618,4,75
2026-03-17T07:00,Sul,895,1018,2,55
2026-03-17T08:00,Norte,829,934,3,65
2026-03-17T08:00,Nordeste,1020,1134,5,90
2026-03-17T08:00,Sudeste,1549,1634,4,75
2026-03-17T08:00,Sul,927,1034,2,55
2026-03-17T09:00,Norte,898,949,3,65
2026-03-17T09:00,Nordeste,1086,1149,5,90
2026-03-17T09:00,Sudeste,1563,1649,4,75
2026-03-17T09:00,Sul,953,1049,2,55
2026-03-17T10:00,Norte,913,960,3,65
2026-03-17T10:00,Nordeste,1089,1160,5,90
2026-03-17T10:00,Sudeste,1577,1660,4,75
2026-03-17T10:00,Sul,1001,1060,2,55
2026-03-17T11:00,Norte,914,967,3,65
2026-03-17T11:00,Nordeste,1112,1167,5,90
2026-03-17T11:00,Sudeste,1641,1667,4,75
2026-03-17T11:00,Sul,1005,1067,2,55
2026-03-17T12:00,Norte,916,970,3,65
2026-03-17T12:00,Nordeste,1112,1170,5,90
2026-03-17T12:00,Sudeste,1662,1670,4,75
2026-03-17T12:00,Sul,1036,1070,2,55
2026-03-17T13:00,Norte,947,967,3,65
2026-03-17T13:00,Nordeste,1137,1167,5,90
2026-03-17T13:00,Sudeste,1669,1667,4,75
2026-03-17T13:00,Sul,1029,1067,2,55
2026-03-17T14:00,Norte,970,960,3,65
2026-03-17T14:00,Nordeste,1122,1160,5,90
2026-03-17T14:00,Sudeste,1640,1660,4,75
2026-03-17T14:00,Sul,1064,1060,2,55
2026-03-17T15:00,Norte,905,949,3,65
2026-03-17T15:00,Nordeste,1147,1149,5,90
2026-03-17T15:00,Sudeste,1650,1649,4,75
2026-03-17T15:00,Sul,1054,1049,2,55
2026-03-17T16:00,Norte,905,934,3,65
2026-03-17T16:00,Nordeste,1112,1134,5,90
2026-03-17T16:00,Sudeste,1635,1634,4,75
2026-03-17T16:00,Sul,1025,1034,2,55
2026-03-17T17:00,Norte,910,918,3,65
2026-03-17T17:00,Nordeste,1084,1118,5,90
2026-03-17T17:00,Sudeste,1571,1618,4,75
2026-03-17T17:00,Sul,997,1018,2,55
2026-03-17T18:00,Norte,847,900,3,65
2026-03-17T18:00,Nordeste,1022,1100,5,90
2026-03-17T18:00,Sudeste,1522,1600,4,75
2026-03-17T18:00,Sul,988,1000,2,55
2026-03-17T19:00,Norte,808,900,3,65
2026-03-17T19:00,Nordeste,1003,1100,5,90
2026-03-17T19:00,Sudeste,1534,1600,4,75
2026-03-17T19:00,Sul,941,1000,2,55
2026-03-17T20:00,Norte,814,900,3,65
2026-03-17T20:00,Nordeste,955,1100,5,90
2026-03-17T20:00,Sudeste,1512,1600,4,75
2026-03-17T20:00,Sul,912,1000,2,55
2026-03-17T21:00,Norte,750,900,3,65
2026-03-17T21:00,Nordeste,952,1100,5,90
2026-03-17T21:00,Sudeste,1443,1600,4,75
2026-03-17T21:00,Sul,874,1000,2,55
2026-03-17T22:00,Norte,741,900,3,65
2026-03-17T22:00,Nordeste,926,1100,5,90
2026-03-17T22:00,Sudeste,1421,1600,4,75
2026-03-17T22:00,Sul,809,1000,2,55
2026-03-17T23:00,Norte,706,900,3,65
2026-03-17T23:00,Nordeste,904,1100,5,90
2026-03-17T23:00,Sudeste,1378,1600,4,75
2026-03-17T23:00,Sul,814,1000,2,55
2026-03-18T00:00,Norte,725,900,3,65
2026-03-18T00:00,Nordeste,929,1100,5,90
2026-03-18T00:00,Sudeste,1401,1600,4,75
2026-03-18T00:00,Sul,799,1000,2,55
2026-03-18T01:00,Norte,721,900,3,65
2026-03-18T01:00,Nordeste,914,1100,5,90
2026-03-18T01:00,Sudeste,1359,1600,4,75
2026-03-18T01:00,Sul,797,1000,2,55
2026-03-18T02:00,Norte,713,900,3,65
2026-03-18T02:00,Nordeste,922,1100,5,90
2026-03-18T02:00,Sudeste,1423,1600,4,75
2026-03-18T02:00,Sul,817,1000,2,55
2026-03-18T03:00,Norte,705,900,3,65
2026-03-18T03:00,Nordeste,873,1100,5,90
2026-03-18T03:00,Sudeste,1381,1600,4,75
2026-03-18T03:00,Sul,832,1000,2,55
2026-03-18T04:00,Norte,729,900,3,65
2026-03-18T04:00,Nordeste,963,1100,5,90
2026-03-18T04:00,Sudeste,1410,1600,4,75
2026-03-18T04:00,Sul,798,1000,2,55
2026-03-18T05:00,Norte,741,900,3,65
2026-03-18T05:00,Nordeste,943,1100,5,90
2026-03-18T05:00,Sudeste,1480,1600,4,75
2026-03-18T05:00,Sul,883,1000,2,55
2026-03-18T06:00,Norte,759,900,3,65
2026-03-18T06:00,Nordeste,1014,1100,5,90
2026-03-18T06:00,Sudeste,1474,1600,4,75
2026-03-18T06:00,Sul,864,1000,2,55
2026-03-18T07:00,Norte,840,918,3,65
2026-03-18T07:00,Nordeste,1001,1118,5,90
2026-03-18T07:00,Sudeste,1504,1618,4,75
2026-03-18T07:00,Sul,901,1018,2,55
2026-03-18T08:00,Norte,864,934,3,65
2026-03-18T08:00,Nordeste,1071,1134,5,90
2026-03-18T08:00,Sudeste,1549,1634,4,75
2026-03-18T08:00,Sul,925,1034,2,55
2026-03-18T09:00,Norte,918,949,3,65
2026-03-18T09:00,Nordeste,1092,1149,5,90
2026-03-18T09:00,Sudeste,1578,1649,4,75
2026-03-18T09:00,Sul,1016,1049,2,55
2026-03-18T10:00,Norte,902,960,3,65
2026-03-18T10:00,Nordeste,1121,1160,5,90
2026-03-18T10:00,Sudeste,1642,1660,4,75
2026-03-18T10:00,Sul,997,1060,2,55
2026-03-18T11:00,Norte,934,967,3,65
2026-03-18T11:00,Nordeste,1121,1167,5,90
2026-03-18T11:00,Sudeste,1660,1667,4,75
2026-03-18T11:00,Sul,1014,1067,2,55
2026-03-18T12:00,Norte,972,970,3,65
2026-03-18T12:00,Nordeste,1117,1170,5,90
2026-03-18T12:00,Sudeste,1664,1670,4,75
2026-03-18T12:00,Sul,1024,1070,2,55
2026-03-18T13:00,Norte,953,967,3,65
2026-03-18T13:00,Nordeste,1160,1167,5,90
2026-03-18T13:00,Sudeste,1661,1667,4,75
2026-03-18T13:00,Sul,1021,1067,2,55
2026-03-18T14:00,Norte,940,960,3,65
2026-03-18T14:00,Nordeste,1175,1160,5,90
2026-03-18T14:00,Sudeste,1670,1660,4,75
2026-03-18T14:00,Sul,1066,1060,2,55
2026-03-18T15:00,Norte,966,949,3,65
2026-03-18T15:00,Nordeste,1118,1149,5,90
2026-03-18T15:00,Sudeste,1640,1649,4,75
2026-03-18T15:00,Sul,1050,1049,2,55
2026-03-18T16:00,Norte,884,934,3,65
2026-03-18T16:00,Nordeste,1110,1134,5,90
2026-03-18T16:00,Sudeste,1597,1634,4,75
2026-03-18T16:00,Sul,1043,1034,2,55
2026-03-18T17:00,Norte,891,918,3,65
2026-03-18T17:00,Nordeste,1080,1118,5,90
2026-03-18T17:00,Sudeste,1618,1618,4,75
2026-03-18T17:00,Sul,998,1018,2,55
2026-03-18T18:00,Norte,824,900,3,65
2026-03-18T18:00,Nordeste,1043,1100,5,90
2026-03-18T18:00,Sudeste,1530,1600,4,75
2026-03-18T18:00,Sul,975,1000,2,55
2026-03-18T19:00,Norte,852,900,3,65
2026-03-18T19:00,Nordeste,1044,1100,5,90
2026-03-18T19:00,Sudeste,1490,1600,4,75
2026-03-18T19:00,Sul,906,1000,2,55
2026-03-18T20:00,Norte,783,900,3,65
2026-03-18T20:00,Nordeste,994,1100,5,90
2026-03-18T20:00,Sudeste,1488,1600,4,75
2026-03-18T20:00,Sul,876,1000,2,55
2026-03-18T21:00,Norte,769,900,3,65
2026-03-18T21:00,Nordeste,937,1100,5,90
2026-03-18T21:00,Sudeste,1479,1600,4,75
2026-03-18T21:00,Sul,848,1000,2,55
2026-03-18T22:00,Norte,728,900,3,65
2026-03-18T22:00,Nordeste,961,1100,5,90
2026-03-18T22:00,Sudeste,1448,1600,4,75
2026-03-18T22:00,Sul,863,1000,2,55
2026-03-18T23:00,Norte,740,900,3,65
2026-03-18T23:00,Nordeste,934,1100,5,90
2026-03-18T23:00,Sudeste,1401,1600,4,75
2026-03-18T23:00,Sul,801,1000,2,55
2026-03-19T00:00,Norte,706,900,3,65
2026-03-19T00:00,Nordeste,924,1100,5,90
2026-03-19T00:00,Sudeste,1410,1600,4,75
2026-03-19T00:00,Sul,816,1000,2,55
2026-03-19T01:00,Norte,689,900,3,65
2026-03-19T01:00,Nordeste,922,1100,5,90
2026-03-19T01:00,Sudeste,1365,1600,4,75
2026-03-19T01:00,Sul,821,1000,2,55
2026-03-19T02:00,Norte,703,900,3,65
2026-03-19T02:00,Nordeste,902,1100,5,90
2026-03-19T02:00,Sudeste,1378,1600,4,75
2026-03-19T02:00,Sul,801,1000,2,55
2026-03-19T03:00,Norte,710,900,3,65
2026-03-19T03:00,Nordeste,918,1100,5,90
2026-03-19T03:00,Sudeste,1433,1600,4,75
2026-03-19T03:00,Sul,827,1000,2,55
2026-03-19T04:00,Norte,708,900,3,65
2026-03-19T04:00,Nordeste,946,1100,5,90
2026-03-19T04:00,Sudeste,1435,1600,4,75
2026-03-19T04:00,Sul,824,1000,2,55
2026-03-19T05:00,Norte,768,900,3,65
2026-03-19T05:00,Nordeste,982,1100,5,90
2026-03-19T05:00,Sudeste,1483,1600,4,75
2026-03-19T05:00,Sul,823,1000,2,55
2026-03-19T06:00,Norte,753,900,3,65
2026-03-19T06:00,Nordeste,1012,1100,5,90
2026-03-19T06:00,Sudeste,1488,1600,4,75
2026-03-19T06:00,Sul,921,1000,2,55
2026-03-19T07:00,Norte,804,918,3,65
2026-03-19T07:00,Nordeste,1041,1118,5,90
2026-03-19T07:00,Sudeste,1510,1618,4,75
2026-03-19T07:00,Sul,902,1018,2,55
2026-03-19T08:00,Norte,831,934,3,65
2026-03-19T08:00,Nordeste,1047,1134,5,90
2026-03-19T08:00,Sudeste,1576,1634,4,75
2026-03-19T08:00,Sul,979,1034,2,55
2026-03-19T09:00,Norte,852,949,3,65
2026-03-19T09:00,Nordeste,1107,1149,5,90
2026-03-19T09:00,Sudeste,1567,1649,4,75
2026-03-19T09:00,Sul,966,1049,2,55
2026-03-19T10:00,Norte,897,960,3,65
2026-03-19T10:00,Nordeste,1145,1160,5,90
2026-03-19T10:00,Sudeste,1612,1660,4,75
2026-03-19T10:00,Sul,995,1060,2,55
2026-03-19T11:00,Norte,905,967,3,65
2026-03-19T11:00,Nordeste,1106,1167,5,90
2026-03-19T11:00,Sudeste,1657,1667,4,75
2026-03-19T11:00,Sul,1012,1067,2,55
2026-03-19T12:00,Norte,917,970,3,65
2026-03-19T12:00,Nordeste,1169,1170,5,90
2026-03-19T12:00,Sudeste,1653,1670,4,75
2026-03-19T12:00,Sul,1041,1070,2,55
2026-03-19T13:00,Norte,949,967,3,65
2026-03-19T13:00,Nordeste,1173,1167,5,90
2026-03-19T13:00,Sudeste,1622,1667,4,75
2026-03-19T13:00,Sul,1029,1067,2,55
2026-03-19T14:00,Norte,918,960,3,65
2026-03-19T14:00,Nordeste,1157,1160,5,90
2026-03-19T14:00,Sudeste,1615,1660,4,75
2026-03-19T14:00,Sul,1030,1060,2,55
2026-03-19T15:00,Norte,919,949,3,65
2026-03-19T15:00,Nordeste,1131,1149,5,90
2026-03-19T15:00,Sudeste,1622,1649,4,75
2026-03-19T15:00,Sul,1033,1049,2,55
2026-03-19T16:00,Norte,898,934,3,65
2026-03-19T16:00,Nordeste,1095,1134,5,90
2026-03-19T16:00,Sudeste,1604,1634,4,75
2026-03-19T16:00,Sul,1010,1034,2,55
2026-03-19T17:00,Norte,861,918,3,65
2026-03-19T17:00,Nordeste,1116,1118,5,90
2026-03-19T17:00,Sudeste,1567,1618,4,75
2026-03-19T17:00,Sul,992,1018,2,55
2026-03-19T18:00,Norte,818,900,3,65
2026-03-19T18:00,Nordeste,1068,1100,5,90
2026-03-19T18:00,Sudeste,1541,1600,4,75
2026-03-19T18:00,Sul,949,1000,2,55
2026-03-19T19:00,Norte,797,900,3,65
2026-03-19T19:00,Nordeste,1015,1100,5,90
2026-03-19T19:00,Sudeste,1537,1600,4,75
2026-03-19T19:00,Sul,930,1000,2,55
2026-03-19T20:00,Norte,797,900,3,65
2026-03-19T20:00,Nordeste,976,1100,5,90
2026-03-19T20:00,Sudeste,1497,1600,4,75
2026-03-19T20:00,Sul,861,1000,2,55
2026-03-19T21:00,Norte,773,900,3,65
2026-03-19T21:00,Nordeste,974,1100,5,90
2026-03-19T21:00,Sudeste,1438,1600,4,75
2026-03-19T21:00,Sul,850,1000,2,55
2026-03-19T22:00,Norte,702,900,3,65
2026-03-19T22:00,Nordeste,899,1100,5,90
2026-03-19T22:00,Sudeste,1427,1600,4,75
2026-03-19T22:00,Sul,835,1000,2,55
2026-03-19T23:00,Norte,694,900,3,65
2026-03-19T23:00,Nordeste,927,1100,5,90
2026-03-19T23:00,Sudeste,1399,1600,4,75
2026-03-19T23:00,Sul,789,1000,2,55
2026-03-20T00:00,Norte,724,900,3,65
2026-03-20T00:00,Nordeste,910,1100,5,90
2026-03-20T00:00,Sudeste,1386,1600,4,75
2026-03-20T00:00,Sul,811,1000,2,55
2026-03-20T01:00,Norte,720,900,3,65
2026-03-20T01:00,Nordeste,922,1100,5,90
2026-03-20T01:00,Sudeste,1360,1600,4,75
2026-03-20T01:00,Sul,812,1000,2,55
2026-03-20T02:00,Norte,695,900,3,65
2026-03-20T02:00,Nordeste,864,1100,5,90
2026-03-20T02:00,Sudeste,1375,1600,4,75
2026-03-20T02:00,Sul,790,1000,2,55
2026-03-20T03:00,Norte,694,900,3,65
2026-03-20T03:00,Nordeste,882,1100,5,90
2026-03-20T03:00,Sudeste,1423,1600,4,75
2026-03-20T03:00,Sul,842,1000,2,55
2026-03-20T04:00,Norte,703,900,3,65
2026-03-20T04:00,Nordeste,952,1100,5,90
2026-03-20T04:00,Sudeste,1438,1600,4,75
2026-03-20T04:00,Sul,840,1000,2,55
2026-03-20T05:00,Norte,784,900,3,65
2026-03-20T05:00,Nordeste,930,1100,5,90
2026-03-20T05:00,Sudeste,1423,1600,4,75
2026-03-20T05:00,Sul,878,1000,2,55
2026-03-20T06:00,Norte,804,900,3,65
2026-03-20T06:00,Nordeste,987,1100,5,90
2026-03-20T06:00,Sudeste,1472,1600,4,75
2026-03-20T06:00,Sul,876,1000,2,55
2026-03-20T07:00,Norte,844,918,3,65
2026-03-20T07:00,Nordeste,1026,1118,5,90
2026-03-20T07:00,Sudeste,1491,1618,4,75
2026-03-20T07:00,Sul,924,1018,2,55
2026-03-20T08:00,Norte,884,934,3,65
2026-03-20T08:00,Nordeste,1021,1134,5,90
2026-03-20T08:00,Sudeste,1551,1634,4,75
2026-03-20T08:00,Sul,988,1034,2,55
2026-03-20T09:00,Norte,884,949,3,65
2026-03-20T09:00,Nordeste,1104,1149,5,90
2026-03-20T09:00,Sudeste,1605,1649,4,75
2026-03-20T09:00,Sul,974,1049,2,55
2026-03-20T10:00,Norte,889,960,3,65
2026-03-20T10:00,Nordeste,1127,1160,5,90
2026-03-20T10:00,Sudeste,1645,1660,4,75
2026-03-20T10:00,Sul,1037,1060,2,55
2026-03-20T11:00,Norte,928,967,3,65
2026-03-20T11:00,Nordeste,1146,1167,5,90
2026-03-20T11:00,Sudeste,1614,1667,4,75
2026-03-20T11:00,Sul,1048,1067,2,55
2026-03-20T12:00,Norte,955,970,3,65
2026-03-20T12:00,Nordeste,1157,1170,5,90
2026-03-20T12:00,Sudeste,1612,1670,4,75
2026-03-20T12:00,Sul,1047,1070,2,55
2026-03-20T13:00,Norte,949,967,3,65
2026-03-20T13:00,Nordeste,1159,1167,5,90
2026-03-20T13:00,Sudeste,1679,1667,4,75
2026-03-20T13:00,Sul,1044,1067,2,55
2026-03-20T14:00,Norte,975,960,3,65
2026-03-20T14:00,Nordeste,1170,1160,5,90
2026-03-20T14:00,Sudeste,1644,1660,4,75
2026-03-20T14:00,Sul,1053,1060,2,55
2026-03-20T15:00,Norte,957,949,3,65
2026-03-20T15:00,Nordeste,1157,1149,5,90
2026-03-20T15:00,Sudeste,1626,1649,4,75
2026-03-20T15:00,Sul,1027,1049,2,55
2026-03-20T16:00,Norte,878,934,3,65
2026-03-20T16:00,Nordeste,1109,1134,5,90
2026-03-20T16:00,Sudeste,1590,1634,4,75
2026-03-20T16:00,Sul,1038,1034,2,55
2026-03-20T17:00,Norte,878,918,3,65
2026-03-20T17:00,Nordeste,1118,1118,5,90
2026-03-20T17:00,Sudeste,1563,1618,4,75
2026-03-20T17:00,Sul,976,1018,2,55
2026-03-20T18:00,Norte,870,900,3,65
2026-03-20T18:00,Nordeste,1050,1100,5,90
2026-03-20T18:00,Sudeste,1524,1600,4,75
2026-03-20T18:00,Sul,941,1000,2,55
2026-03-20T19:00,Norte,822,900,3,65
2026-03-20T19:00,Nordeste,1042,1100,5,90
2026-03-20T19:00,Sudeste,1507,1600,4,75
2026-03-20T19:00,Sul,905,1000,2,55
2026-03-20T20:00,Norte,763,900,3,65
2026-03-20T20:00,Nordeste,1021,1100,5,90
2026-03-20T20:00,Sudeste,1481,1600,4,75
2026-03-20T20:00,Sul,916,1000,2,55
2026-03-20T21:00,Norte,734,900,3,65
2026-03-20T21:00,Nordeste,967,1100,5,90
2026-03-20T21:00,Sudeste,1455,1600,4,75
2026-03-20T21:00,Sul,859,1000,2,55
2026-03-20T22:00,Norte,738,900,3,65
2026-03-20T22:00,Nordeste,940,1100,5,90
2026-03-20T22:00,Sudeste,1454,1600,4,75
2026-03-20T22:00,Sul,835,1000,2,55
2026-03-20T23:00,Norte,701,900,3,65
2026-03-20T23:00,Nordeste,937,1100,5,90
2026-03-20T23:00,Sudeste,1420,1600,4,75
2026-03-20T23:00,Sul,810,1000,2,55
2026-03-21T00:00,Norte,692,900,3,65
2026-03-21T00:00,Nordeste,864,1100,5,90
2026-03-21T00:00,Sudeste,1362,1600,4,75
2026-03-21T00:00,Sul,791,1000,2,55
2026-03-21T01:00,Norte,693,900,3,65
2026-03-21T01:00,Nordeste,872,1100,5,90
2026-03-21T01:00,Sudeste,1415,1600,4,75
2026-03-21T01:00,Sul,793,1000,2,55
2026-03-21T02:00,Norte,730,900,3,65
2026-03-21T02:00,Nordeste,904,1100,5,90
2026-03-21T02:00,Sudeste,1418,1600,4,75
2026-03-21T02:00,Sul,785,1000,2,55
2026-03-21T03:00,Norte,718,900,3,65
2026-03-21T03:00,Nordeste,922,1100,5,90
2026-03-21T03:00,Sudeste,1399,1600,4,75
2026-03-21T03:00,Sul,841,1000,2,55
2026-03-21T04:00,Norte,761,900,3,65
2026-03-21T04:00,Nordeste,899,1100,5,90
2026-03-21T04:00,Sudeste,1416,1600,4,75
2026-03-21T04:00,Sul,796,1000,2,55
2026-03-21T05:00,Norte,775,900,3,65
2026-03-21T05:00,Nordeste,934,1100,5,90
2026-03-21T05:00,Sudeste,1464,1600,4,75
2026-03-21T05:00,Sul,890,1000,2,55
2026-03-21T06:00,Norte,764,900,3,65
2026-03-21T06:00,Nordeste,1004,1100,5,90
2026-03-21T06:00,Sudeste,1504,1600,4,75
2026-03-21T06:00,Sul,889,1000,2,55
2026-03-21T07:00,Norte,826,918,3,65
2026-03-21T07:00,Nordeste,1023,1118,5,90
2026-03-21T07:00,Sudeste,1536,1618,4,75
2026-03-21T07:00,Sul,921,1018,2,55
2026-03-21T08:00,Norte,827,934,3,65
2026-03-21T08:00,Nordeste,1088,1134,5,90
2026-03-21T08:00,Sudeste,1571,1634,4,75
2026-03-21T08:00,Sul,946,1034,2,55
2026-03-21T09:00,Norte,884,949,3,65
2026-03-21T09:00,Nordeste,1106,1149,5,90
2026-03-21T09:00,Sudeste,1556,1649,4,75
2026-03-21T09:00,Sul,949,1049,2,55
2026-03-21T10:00,Norte,914,960,3,65
2026-03-21T10:00,Nordeste,1134,1160,5,90
2026-03-21T10:00,Sudeste,1579,1660,4,75
2026-03-21T10:00,Sul,986,1060,2,55
2026-03-21T11:00,Norte,930,967,3,65
2026-03-21T11:00,Nordeste,1097,1167,5,90
2026-03-21T11:00,Sudeste,1647,1667,4,75
2026-03-21T11:00,Sul,1061,1067,2,55
2026-03-21T12:00,Norte,918,970,3,65
2026-03-21T12:00,Nordeste,1180,1170,5,90
2026-03-21T12:00,Sudeste,1675,1670,4,75
2026-03-21T12:00,Sul,1014,1070,2,55
2026-03-21T13:00,Norte,952,967,3,65
2026-03-21T13:00,Nordeste,1125,1167,5,90
2026-03-21T13:00,Sudeste,1663,1667,4,75
2026-03-21T13:00,Sul,1023,1067,2,55
2026-03-21T14:00,Norte,968,960,3,65
2026-03-21T14:00,Nordeste,1142,1160,5,90
2026-03-21T14:00,Sudeste,1658,1660,4,75
2026-03-21T14:00,Sul,1069,1060,2,55
2026-03-21T15:00,Norte,958,949,3,65
2026-03-21T15:00,Nordeste,1132,1149,5,90
2026-03-21T15:00,Sudeste,1658,1649,4,75
2026-03-21T15:00,Sul,1002,1049,2,55
2026-03-21T16:00,Norte,913,934,3,65
2026-03-21T16:00,Nordeste,1118,1134,5,90
2026-03-21T16:00,Sudeste,1602,1634,4,75
2026-03-21T16:00,Sul,1003,1034,2,55
2026-03-21T17:00,Norte,884,918,3,65
2026-03-21T17:00,Nordeste,1056,1118,5,90
2026-03-21T17:00,Sudeste,1551,1618,4,75
2026-03-21T17:00,Sul,979,1018,2,55
2026-03-21T18:00,Norte,831,900,3,65
2026-03-21T18:00,Nordeste,1019,1100,5,90
2026-03-21T18:00,Sudeste,1560,1600,4,75
2026-03-21T18:00,Sul,967,1000,2,55
2026-03-21T19:00,Norte,825,900,3,65
2026-03-21T19:00,Nordeste,1048,1100,5,90
2026-03-21T19:00,Sudeste,1528,1600,4,75
2026-03-21T19:00,Sul,919,1000,2,55
2026-03-21T20:00,Norte,797,900,3,65
2026-03-21T20:00,Nordeste,1006,1100,5,90
2026-03-21T20:00,Sudeste,1484,1600,4,75
2026-03-21T20:00,Sul,873,1000,2,55
2026-03-21T21:00,Norte,748,900,3,65
2026-03-21T21:00,Nordeste,944,1100,5,90
2026-03-21T21:00,Sudeste,1433,1600,4,75
2026-03-21T21:00,Sul,823,1000,2,55
2026-03-21T22:00,Norte,740,900,3,65
2026-03-21T22:00,Nordeste,963,1100,5,90
2026-03-21T22:00,Sudeste,1437,1600,4,75
2026-03-21T22:00,Sul,816,1000,2,55
2026-03-21T23:00,Norte,737,900,3,65
2026-03-21T23:00,Nordeste,912,1100,5,90
2026-03-21T23:00,Sudeste,1422,1600,4,75
2026-03-21T23:00,Sul,802,1000,2,55
2026-03-22T00:00,Norte,684,900,3,65
2026-03-22T00:00,Nordeste,930,1100,5,90
2026-03-22T00:00,Sudeste,1374,1600,4,75
2026-03-22T00:00,Sul,805,1000,2,55
2026-03-22T01:00,Norte,670,900,3,65
2026-03-22T01:00,Nordeste,860,1100,5,90
2026-03-22T01:00,Sudeste,1406,1600,4,75
2026-03-22T01:00,Sul,755,1000,2,55
2026-03-22T02:00,Norte,704,900,3,65
2026-03-22T02:00,Nordeste,922,1100,5,90
2026-03-22T02:00,Sudeste,1401,1600,4,75
2026-03-22T02:00,Sul,802,1000,2,55
2026-03-22T03:00,Norte,698,900,3,65
2026-03-22T03:00,Nordeste,933,1100,5,90
2026-03-22T03:00,Sudeste,1393,1600,4,75
2026-03-22T03:00,Sul,833,1000,2,55
2026-03-22T04:00,Norte,737,900,3,65
2026-03-22T04:00,Nordeste,926,1100,5,90
2026-03-22T04:00,Sudeste,1405,1600,4,75
2026-03-22T04:00,Sul,855,1000,2,55
2026-03-22T05:00,Norte,725,900,3,65
2026-03-22T05:00,Nordeste,988,1100,5,90
2026-03-22T05:00,Sudeste,1466,1600,4,75
2026-03-22T05:00,Sul,849,1000,2,55
2026-03-22T06:00,Norte,805,900,3,65
2026-03-22T06:00,Nordeste,1018,1100,5,90
2026-03-22T06:00,Sudeste,1481,1600,4,75
2026-03-22T06:00,Sul,876,1000,2,55
2026-03-22T07:00,Norte,851,918,3,65
2026-03-22T07:00,Nordeste,1011,1118,5,90
2026-03-22T07:00,Sudeste,1501,1618,4,75
2026-03-22T07:00,Sul,903,1018,2,55
2026-03-22T08:00,Norte,878,934,3,65
2026-03-22T08:00,Nordeste,1057,1134,5,90
2026-03-22T08:00,Sudeste,1519,1634,4,75
2026-03-22T08:00,Sul,972,1034,2,55
2026-03-22T09:00,Norte,864,949,3,65
2026-03-22T09:00,Nordeste,1099,1149,5,90
2026-03-22T09:00,Sudeste,1610,1649,4,75
2026-03-22T09:00,Sul,983,1049,2,55
2026-03-22T10:00,Norte,879,960,3,65
2026-03-22T10:00,Nordeste,1080,1160,5,90
2026-03-22T10:00,Sudeste,1598,1660,4,75
2026-03-22T10:00,Sul,1031,1060,2,55
2026-03-22T11:00,Norte,918,967,3,65
2026-03-22T11:00,Nordeste,1134,1167,5,90
2026-03-22T11:00,Sudeste,1616,1667,4,75
2026-03-22T11:00,Sul,1016,1067,2,55
2026-03-22T12:00,Norte,941,970,3,65
2026-03-22T12:00,Nordeste,1124,1170,5,90
2026-03-22T12:00,Sudeste,1662,1670,4,75
2026-03-22T12:00,Sul,1010,1070,2,55
2026-03-22T13:00,Norte,919,967,3,65
2026-03-22T13:00,Nordeste,1120,1167,5,90
2026-03-22T13:00,Sudeste,1653,1667,4,75
2026-03-22T13:00,Sul,1026,1067,2,55
2026-03-22T14:00,Norte,972,960,3,65
2026-03-22T14:00,Nordeste,1115,1160,5,90
2026-03-22T14:00,Sudeste,1617,1660,4,75
2026-03-22T14:00,Sul,1057,1060,2,55
2026-03-22T15:00,Norte,900,949,3,65
2026-03-22T15:00,Nordeste,1163,1149,5,90
2026-03-22T15:00,Sudeste,1634,1649,4,75
2026-03-22T15:00,Sul,1054,1049,2,55
2026-03-22T16:00,Norte,913,934,3,65
2026-03-22T16:00,Nordeste,1082,1134,5,90
2026-03-22T16:00,Sudeste,1603,1634,4,75
2026-03-22T16:00,Sul,980,1034,2,55
2026-03-22T17:00,Norte,880,918,3,65
2026-03-22T17:00,Nordeste,1076,1118,5,90
2026-03-22T17:00,Sudeste,1611,1618,4,75
2026-03-22T17:00,Sul,966,1018,2,55
2026-03-22T18:00,Norte,826,900,3,65
2026-03-22T18:00,Nordeste,1064,1100,5,90
2026-03-22T18:00,Sudeste,1569,1600,4,75
2026-03-22T18:00,Sul,924,1000,2,55
2026-03-22T19:00,Norte,789,900,3,65
2026-03-22T19:00,Nordeste,1039,1100,5,90
2026-03-22T19:00,Sudeste,1554,1600,4,75
2026-03-22T19:00,Sul,910,1000,2,55
2026-03-22T20:00,Norte,803,900,3,65
2026-03-22T20:00,Nordeste,960,1100,5,90
2026-03-22T20:00,Sudeste,1479,1600,4,75
2026-03-22T20:00,Sul,870,1000,2,55
2026-03-22T21:00,Norte,722,900,3,65
2026-03-22T21:00,Nordeste,975,1100,5,90
2026-03-22T21:00,Sudeste,1427,1600,4,75
2026-03-22T21:00,Sul,881,1000,2,55
2026-03-22T22:00,Norte,740,900,3,65
2026-03-22T22:00,Nordeste,925,1100,5,90
2026-03-22T22:00,Sudeste,1406,1600,4,75
2026-03-22T22:00,Sul,831,1000,2,55
2026-03-22T23:00,Norte,679,900,3,65
2026-03-22T23:00,Nordeste,932,1100,5,90
2026-03-22T23:00,Sudeste,1432,1600,4,75
2026-03-22T23:00,Sul,786,1000,2,55
2026-03-23T00:00,Norte,702,900,3,65
2026-03-23T00:00,Nordeste,864,1100,5,90
2026-03-23T00:00,Sudeste,1399,1600,4,75
2026-03-23T00:00,Sul,762,1000,2,55
2026-03-23T01:00,Norte,682,900,3,65
2026-03-23T01:00,Nordeste,925,1100,5,90
2026-03-23T01:00,Sudeste,1390,1600,4,75
2026-03-23T01:00,Sul,823,1000,2,55
2026-03-23T02:00,Norte,717,900,3,65
2026-03-23T02:00,Nordeste,912,1100,5,90
2026-03-23T02:00,Sudeste,1420,1600,4,75
2026-03-23T02:00,Sul,777,1000,2,55
2026-03-23T03:00,Norte,691,900,3,65
2026-03-23T03:00,Nordeste,941,1100,5,90
2026-03-23T03:00,Sudeste,1422,1600,4,75
2026-03-23T03:00,Sul,796,1000,2,55
2026-03-23T04:00,Norte,763,900,3,65
2026-03-23T04:00,Nordeste,963,1100,5,90
2026-03-23T04:00,Sudeste,1432,1600,4,75
2026-03-23T04:00,Sul,812,1000,2,55
2026-03-23T05:00,Norte,739,900,3,65
2026-03-23T05:00,Nordeste,980,1100,5,90
2026-03-23T05:00,Sudeste,1472,1600,4,75
2026-03-23T05:00,Sul,883,1000,2,55
2026-03-23T06:00,Norte,753,900,3,65
2026-03-23T06:00,Nordeste,1013,1100,5,90
2026-03-23T06:00,Sudeste,1469,1600,4,75
2026-03-23T06:00,Sul,892,1000,2,55
2026-03-23T07:00,Norte,846,918,3,65
2026-03-23T07:00,Nordeste,1052,1118,5,90
2026-03-23T07:00,Sudeste,1514,1618,4,75
2026-03-23T07:00,Sul,919,1018,2,55
2026-03-23T08:00,Norte,820,934,3,65
2026-03-23T08:00,Nordeste,1065,1134,5,90
2026-03-23T08:00,Sudeste,1579,1634,4,75
2026-03-23T08:00,Sul,927,1034,2,55
2026-03-23T09:00,Norte,850,949,3,65
2026-03-23T09:00,Nordeste,1054,1149,5,90
2026-03-23T09:00,Sudeste,1576,1649,4,75
2026-03-23T09:00,Sul,988,1049,2,55
2026-03-23T10:00,Norte,934,960,3,65
2026-03-23T10:00,Nordeste,1079,1160,5,90
2026-03-23T10:00,Sudeste,1629,1660,4,75
2026-03-23T10:00,Sul,1001,1060,2,55
2026-03-23T11:00,Norte,927,967,3,65
2026-03-23T11:00,Nordeste,1123,1167,5,90
2026-03-23T11:00,Sudeste,1633,1667,4,75
2026-03-23T11:00,Sul,1045,1067,2,55
2026-03-23T12:00,Norte,944,970,3,65
2026-03-23T12:00,Nordeste,1129,1170,5,90
2026-03-23T12:00,Sudeste,1668,1670,4,75
2026-03-23T12:00,Sul,1018,1070,2,55
2026-03-23T13:00,Norte,977,967,3,65
2026-03-23T13:00,Nordeste,1140,1167,5,90
2026-03-23T13:00,Sudeste,1641,1667,4,75
2026-03-23T13:00,Sul,1021,1067,2,55
2026-03-23T14:00,Norte,974,960,3,65
2026-03-23T14:00,Nordeste,1144,1160,5,90
2026-03-23T14:00,Sudeste,1671,1660,4,75
2026-03-23T14:00,Sul,1072,1060,2,55
2026-03-23T15:00,Norte,957,949,3,65
2026-03-23T15:00,Nordeste,1113,1149,5,90
2026-03-23T15:00,Sudeste,1605,1649,4,75
2026-03-23T15:00,Sul,1064,1049,2,55
2026-03-23T16:00,Norte,916,934,3,65
2026-03-23T16:00,Nordeste,1105,1134,5,90
2026-03-23T16:00,Sudeste,1585,1634,4,75
2026-03-23T16:00,Sul,998,1034,2,55
2026-03-23T17:00,Norte,888,918,3,65
2026-03-23T17:00,Nordeste,1089,1118,5,90
2026-03-23T17:00,Sudeste,1585,1618,4,75
2026-03-23T17:00,Sul,986,1018,2,55
2026-03-23T18:00,Norte,869,900,3,65
2026-03-23T18:00,Nordeste,1075,1100,5,90
2026-03-23T18:00,Sudeste,1521,1600,4,75
2026-03-23T18:00,Sul,950,1000,2,55
2026-03-23T19:00,Norte,834,900,3,65
2026-03-23T19:00,Nordeste,1032,1100,5,90
2026-03-23T19:00,Sudeste,1533,1600,4,75
2026-03-23T19:00,Sul,927,1000,2,55
2026-03-23T20:00,Norte,779,900,3,65
2026-03-23T20:00,Nordeste,971,1100,5,90
2026-03-23T20:00,Sudeste,1458,1600,4,75
2026-03-23T20:00,Sul,896,1000,2,55
2026-03-23T21:00,Norte,743,900,3,65
2026-03-23T21:00,Nordeste,984,1100,5,90
2026-03-23T21:00,Sudeste,1475,1600,4,75
2026-03-23T21:00,Sul,864,1000,2,55
2026-03-23T22:00,Norte,753,900,3,65
2026-03-23T22:00,Nordeste,938,1100,5,90
2026-03-23T22:00,Sudeste,1433,1600,4,75
2026-03-23T22:00,Sul,820,1000,2,55
2026-03-23T23:00,Norte,719,900,3,65
2026-03-23T23:00,Nordeste,886,1100,5,90
2026-03-23T23:00,Sudeste,1420,1600,4,75
2026-03-23T23:00,Sul,830,1000,2,55
2026-03-24T00:00,Norte,725,900,3,65
2026-03-24T00:00,Nordeste,863,1100,5,90
2026-03-24T00:00,Sudeste,1417,1600,4,75
2026-03-24T00:00,Sul,766,1000,2,55
2026-03-24T01:00,Norte,702,900,3,65
2026-03-24T01:00,Nordeste,918,1100,5,90
2026-03-24T01:00,Sudeste,1404,1600,4,75
2026-03-24T01:00,Sul,779,1000,2,55
2026-03-24T02:00,Norte,682,900,3,65
2026-03-24T02:00,Nordeste,897,1100,5,90
2026-03-24T02:00,Sudeste,1424,1600,4,75
2026-03-24T02:00,Sul,761,1000,2,55
2026-03-24T03:00,Norte,717,900,3,65
2026-03-24T03:00,Nordeste,891,1100,5,90
2026-03-24T03:00,Sudeste,1391,1600,4,75
2026-03-24T03:00,Sul,827,1000,2,55
2026-03-24T04:00,Norte,741,900,3,65
2026-03-24T04:00,Nordeste,920,1100,5,90
2026-03-24T04:00,Sudeste,1423,1600,4,75
2026-03-24T04:00,Sul,829,1000,2,55
2026-03-24T05:00,Norte,735,900,3,65
2026-03-24T05:00,Nordeste,934,1100,5,90
2026-03-24T05:00,Sudeste,1438,1600,4,75
2026-03-24T05:00,Sul,835,1000,2,55
2026-03-24T06:00,Norte,790,900,3,65
2026-03-24T06:00,Nordeste,994,1100,5,90
2026-03-24T06:00,Sudeste,1497,1600,4,75
2026-03-24T06:00,Sul,901,1000,2,55
2026-03-24T07:00,Norte,845,918,3,65
2026-03-24T07:00,Nordeste,1040,1118,5,90
2026-03-24T07:00,Sudeste,1496,1618,4,75
2026-03-24T07:00,Sul,951,1018,2,55
2026-03-24T08:00,Norte,888,934,3,65
2026-03-24T08:00,Nordeste,1082,1134,5,90
2026-03-24T08:00,Sudeste,1582,1634,4,75
2026-03-24T08:00,Sul,936,1034,2,55
2026-03-24T09:00,Norte,865,949,3,65
2026-03-24T09:00,Nordeste,1080,1149,5,90
2026-03-24T09:00,Sudeste,1577,1649,4,75
2026-03-24T09:00,Sul,998,1049,2,55
2026-03-24T10:00,Norte,891,960,3,65
2026-03-24T10:00,Nordeste,1118,1160,5,90
2026-03-24T10:00,Sudeste,1612,1660,4,75
2026-03-24T10:00,Sul,1001,1060,2,55
2026-03-24T11:00,Norte,936,967,3,65
2026-03-24T11:00,Nordeste,1099,1167,5,90
2026-03-24T11:00,Sudeste,1618,1667,4,75
2026-03-24T11:00,Sul,1034,1067,2,55
2026-03-24T12:00,Norte,949,970,3,65
2026-03-24T12:00,Nordeste,1140,1170,5,90
2026-03-24T12:00,Sudeste,1662,1670,4,75
2026-03-24T12:00,Sul,1021,1070,2,55
2026-03-24T13:00,Norte,929,967,3,65
2026-03-24T13:00,Nordeste,1133,1167,5,90
2026-03-24T13:00,Sudeste,1675,1667,4,75
2026-03-24T13:00,Sul,1058,1067,2,55
2026-03-24T14:00,Norte,978,960,3,65
2026-03-24T14:00,Nordeste,1154,1160,5,90
2026-03-24T14:00,Sudeste,1671,1660,4,75
2026-03-24T14:00,Sul,1013,1060,2,55
2026-03-24T15:00,Norte,954,949,3,65
2026-03-24T15:00,Nordeste,1148,1149,5,90
2026-03-24T15:00,Sudeste,1612,1649,4,75
2026-03-24T15:00,Sul,1056,1049,2,55
2026-03-24T16:00,Norte,934,934,3,65
2026-03-24T16:00,Nordeste,1121,1134,5,90
2026-03-24T16:00,Sudeste,1625,1634,4,75
2026-03-24T16:00,Sul,1000,1034,2,55
2026-03-24T17:00,Norte,911,918,3,65
2026-03-24T17:00,Nordeste,1092,1118,5,90
2026-03-24T17:00,Sudeste,1570,1618,4,75
2026-03-24T17:00,Sul,967,1018,2,55
2026-03-24T18:00,Norte,841,900,3,65
2026-03-24T18:00,Nordeste,1064,1100,5,90
2026-03-24T18:00,Sudeste,1551,1600,4,75
2026-03-24T18:00,Sul,927,1000,2,55
2026-03-24T19:00,Norte,789,900,3,65
2026-03-24T19:00,Nordeste,1048,1100,5,90
2026-03-24T19:00,Sudeste,1548,1600,4,75
2026-03-24T19:00,Sul,937,1000,2,55
2026-03-24T20:00,Norte,768,900,3,65
2026-03-24T20:00,Nordeste,953,1100,5,90
2026-03-24T20:00,Sudeste,1498,1600,4,75
2026-03-24T20:00,Sul,882,1000,2,55
2026-03-24T21:00,Norte,728,900,3,65
2026-03-24T21:00,Nordeste,929,1100,5,90
2026-03-24T21:00,Sudeste,1425,1600,4,75
2026-03-24T21:00,Sul,870,1000,2,55
2026-03-24T22:00,Norte,702,900,3,65
2026-03-24T22:00,Nordeste,906,1100,5,90
2026-03-24T22:00,Sudeste,1400,1600,4,75
2026-03-24T22:00,Sul,802,1000,2,55
2026-03-24T23:00,Norte,712,900,3,65
2026-03-24T23:00,Nordeste,898,1100,5,90
2026-03-24T23:00,Sudeste,1423,1600,4,75
2026-03-24T23:00,Sul,804,1000,2,55
2026-03-25T00:00,Norte,714,900,3,65
2026-03-25T00:00,Nordeste,875,1100,5,90
2026-03-25T00:00,Sudeste,1421,1600,4,75
2026-03-25T00:00,Sul,781,1000,2,55
2026-03-25T01:00,Norte,662,900,3,65
2026-03-25T01:00,Nordeste,863,1100,5,90
2026-03-25T01:00,Sudeste,1401,1600,4,75
2026-03-25T01:00,Sul,778,1000,2,55
2026-03-25T02:00,Norte,691,900,3,65
2026-03-25T02:00,Nordeste,909,1100,5,90
2026-03-25T02:00,Sudeste,1382,1600,4,75
2026-03-25T02:00,Sul,763,1000,2,55
2026-03-25T03:00,Norte,716,900,3,65
2026-03-25T03:00,Nordeste,907,1100,5,90
2026-03-25T03:00,Sudeste,1430,1600,4,75
2026-03-25T03:00,Sul,781,1000,2,55
2026-03-25T04:00,Norte,754,900,3,65
2026-03-25T04:00,Nordeste,918,1100,5,90
2026-03-25T04:00,Sudeste,1439,1600,4,75
2026-03-25T04:00,Sul,821,1000,2,55
2026-03-25T05:00,Norte,777,900,3,65
2026-03-25T05:00,Nordeste,943,1100,5,90
2026-03-25T05:00,Sudeste,1461,1600,4,75
2026-03-25T05:00,Sul,822,1000,2,55
2026-03-25T06:00,Norte,795,900,3,65
2026-03-25T06:00,Nordeste,990,1100,5,90
2026-03-25T06:00,Sudeste,1468,1600,4,75
2026-03-25T06:00,Sul,888,1000,2,55
2026-03-25T07:00,Norte,842,918,3,65
2026-03-25T07:00,Nordeste,1049,1118,5,90
2026-03-25T07:00,Sudeste,1538,1618,4,75
2026-03-25T07:00,Sul,924,1018,2,55
2026-03-25T08:00,Norte,830,934,3,65
2026-03-25T08:00,Nordeste,1030,1134,5,90
2026-03-25T08:00,Sudeste,1583,1634,4,75
2026-03-25T08:00,Sul,939,1034,2,55
2026-03-25T09:00,Norte,859,949,3,65
2026-03-25T09:00,Nordeste,1089,1149,5,90
2026-03-25T09:00,Sudeste,1606,1649,4,75
2026-03-25T09:00,Sul,992,1049,2,55
2026-03-25T10:00,Norte,901,960,3,65
2026-03-25T10:00,Nordeste,1143,1160,5,90
2026-03-25T10:00,Sudeste,1623,1660,4,75
2026-03-25T10:00,Sul,1037,1060,2,55
2026-03-25T11:00,Norte,908,967,3,65
2026-03-25T11:00,Nordeste,1122,1167,5,90
2026-03-25T11:00,Sudeste,1631,1667,4,75
2026-03-25T11:00,Sul,1054,1067,2,55
2026-03-25T12:00,Norte,930,970,3,65
2026-03-25T12:00,Nordeste,1151,1170,5,90
2026-03-25T12:00,Sudeste,1623,1670,4,75
2026-03-25T12:00,Sul,1015,1070,2,55
2026-03-25T13:00,Norte,972,967,3,65
2026-03-25T13:00,Nordeste,1158,1167,5,90
2026-03-25T13:00,Sudeste,1622,1667,4,75
2026-03-25T13:00,Sul,1079,1067,2,55
2026-03-25T14:00,Norte,978,960,3,65
2026-03-25T14:00,Nordeste,1136,1160,5,90
2026-03-25T14:00,Sudeste,1632,1660,4,75
2026-03-25T14:00,Sul,1059,1060,2,55
2026-03-25T15:00,Norte,942,949,3,65
2026-03-25T15:00,Nordeste,1165,1149,5,90
2026-03-25T15:00,Sudeste,1658,1649,4,75
2026-03-25T15:00,Sul,1062,1049,2,55
2026-03-25T16:00,Norte,884,934,3,65
2026-03-25T16:00,Nordeste,1107,1134,5,90
2026-03-25T16:00,Sudeste,1617,1634,4,75
2026-03-25T16:00,Sul,1002,1034,2,55
2026-03-25T17:00,Norte,904,918,3,65
2026-03-25T17:00,Nordeste,1085,1118,5,90
2026-03-25T17:00,Sudeste,1607,1618,4,75
2026-03-25T17:00,Sul,960,1018,2,55
2026-03-25T18:00,Norte,851,900,3,65
2026-03-25T18:00,Nordeste,1083,1100,5,90
2026-03-25T18:00,Sudeste,1535,1600,4,75
2026-03-25T18:00,Sul,975,1000,2,55
2026-03-25T19:00,Norte,812,900,3,65
2026-03-25T19:00,Nordeste,1035,1100,5,90
2026-03-25T19:00,Sudeste,1544,1600,4,75
2026-03-25T19:00,Sul,934,1000,2,55
2026-03-25T20:00,Norte,789,900,3,65
2026-03-25T20:00,Nordeste,957,1100,5,90
2026-03-25T20:00,Sudeste,1506,1600,4,75
2026-03-25T20:00,Sul,868,1000,2,55
2026-03-25T21:00,Norte,788,900,3,65
2026-03-25T21:00,Nordeste,988,1100,5,90
2026-03-25T21:00,Sudeste,1455,1600,4,75
2026-03-25T21:00,Sul,835,1000,2,55
2026-03-25T22:00,Norte,732,900,3,65
2026-03-25T22:00,Nordeste,957,1100,5,90
2026-03-25T22:00,Sudeste,1398,1600,4,75
2026-03-25T22:00,Sul,815,1000,2,55
2026-03-25T23:00,Norte,696,900,3,65
2026-03-25T23:00,Nordeste,902,1100,5,90
2026-03-25T23:00,Sudeste,1395,1600,4,75
2026-03-25T23:00,Sul,812,1000,2,55
2026-03-26T00:00,Norte,676,900,3,65
2026-03-26T00:00,Nordeste,884,1100,5,90
2026-03-26T00:00,Sudeste,1409,1600,4,75
2026-03-26T00:00,Sul,820,1000,2,55
2026-03-26T01:00,Norte,712,900,3,65
2026-03-26T01:00,Nordeste,861,1100,5,90
2026-03-26T01:00,Sudeste,1389,1600,4,75
2026-03-26T01:00,Sul,818,1000,2,55
2026-03-26T02:00,Norte,710,900,3,65
2026-03-26T02:00,Nordeste,871,1100,5,90
2026-03-26T02:00,Sudeste,1421,1600,4,75
2026-03-26T02:00,Sul,788,1000,2,55
2026-03-26T03:00,Norte,722,900,3,65
2026-03-26T03:00,Nordeste,933,1100,5,90
2026-03-26T03:00,Sudeste,1397,1600,4,75
2026-03-26T03:00,Sul,834,1000,2,55
2026-03-26T04:00,Norte,709,900,3,65
2026-03-26T04:00,Nordeste,920,1100,5,90
2026-03-26T04:00,Sudeste,1413,1600,4,75
2026-03-26T04:00,Sul,847,1000,2,55
2026-03-26T05:00,Norte,756,900,3,65
2026-03-26T05:00,Nordeste,935,1100,5,90
2026-03-26T05:00,Sudeste,1479,1600,4,75
2026-03-26T05:00,Sul,853,1000,2,55
2026-03-26T06:00,Norte,805,900,3,65
2026-03-26T06:00,Nordeste,967,1100,5,90
2026-03-26T06:00,Sudeste,1466,1600,4,75
2026-03-26T06:00,Sul,884,1000,2,55
2026-03-26T07:00,Norte,801,918,3,65
2026-03-26T07:00,Nordeste,1031,1118,5,90
2026-03-26T07:00,Sudeste,1496,1618,4,75
2026-03-26T07:00,Sul,946,1018,2,55
2026-03-26T08:00,Norte,879,934,3,65
2026-03-26T08:00,Nordeste,1028,1134,5,90
2026-03-26T08:00,Sudeste,1527,1634,4,75
2026-03-26T08:00,Sul,966,1034,2,55
2026-03-26T09:00,Norte,910,949,3,65
2026-03-26T09:00,Nordeste,1076,1149,5,90
2026-03-26T09:00,Sudeste,1595,1649,4,75
2026-03-26T09:00,Sul,986,1049,2,55
2026-03-26T10:00,Norte,927,960,3,65
2026-03-26T10:00,Nordeste,1123,1160,5,90
2026-03-26T10:00,Sudeste,1592,1660,4,75
2026-03-26T10:00,Sul,1043,1060,2,55
2026-03-26T11:00,Norte,905,967,3,65
2026-03-26T11:00,Nordeste,1142,1167,5,90
2026-03-26T11:00,Sudeste,1658,1667,4,75
2026-03-26T11:00,Sul,1041,1067,2,55
2026-03-26T12:00,Norte,936,970,3,65
2026-03-26T12:00,Nordeste,1179,1170,5,90
2026-03-26T12:00,Sudeste,1619,1670,4,75
2026-03-26T12:00,Sul,1015,1070,2,55
2026-03-26T13:00,Norte,924,967,3,65
2026-03-26T13:00,Nordeste,1127,1167,5,90
2026-03-26T13:00,Sudeste,1681,1667,4,75
2026-03-26T13:00,Sul,1063,1067,2,55
2026-03-26T14:00,Norte,953,960,3,65
2026-03-26T14:00,Nordeste,1141,1160,5,90
2026-03-26T14:00,Sudeste,1676,1660,4,75
2026-03-26T14:00,Sul,1080,1060,2,55
2026-03-26T15:00,Norte,940,949,3,65
2026-03-26T15:00,Nordeste,1110,1149,5,90
2026-03-26T15:00,Sudeste,1643,1649,4,75
2026-03-26T15:00,Sul,1058,1049,2,55
2026-03-26T16:00,Norte,886,934,3,65
2026-03-26T16:00,Nordeste,1108,1134,5,90
2026-03-26T16:00,Sudeste,1630,1634,4,75
2026-03-26T16:00,Sul,1015,1034,2,55
2026-03-26T17:00,Norte,906,918,3,65
2026-03-26T17:00,Nordeste,1114,1118,5,90
2026-03-26T17:00,Sudeste,1571,1618,4,75
2026-03-26T17:00,Sul,988,1018,2,55
2026-03-26T18:00,Norte,865,900,3,65
2026-03-26T18:00,Nordeste,1029,1100,5,90
2026-03-26T18:00,Sudeste,1576,1600,4,75
2026-03-26T18:00,Sul,976,1000,2,55
2026-03-26T19:00,Norte,830,900,3,65
2026-03-26T19:00,Nordeste,1050,1100,5,90
2026-03-26T19:00,Sudeste,1546,1600,4,75
2026-03-26T19:00,Sul,938,1000,2,55
2026-03-26T20:00,Norte,795,900,3,65
2026-03-26T20:00,Nordeste,976,1100,5,90
2026-03-26T20:00,Sudeste,1475,1600,4,75
2026-03-26T20:00,Sul,855,1000,2,55
2026-03-26T21:00,Norte,780,900,3,65
2026-03-26T21:00,Nordeste,961,1100,5,90
2026-03-26T21:00,Sudeste,1476,1600,4,75
2026-03-26T21:00,Sul,834,1000,2,55
2026-03-26T22:00,Norte,764,900,3,65
2026-03-26T22:00,Nordeste,961,1100,5,90
2026-03-26T22:00,Sudeste,1397,1600,4,75
2026-03-26T22:00,Sul,796,1000,2,55
2026-03-26T23:00,Norte,691,900,3,65
2026-03-26T23:00,Nordeste,905,1100,5,90
2026-03-26T23:00,Sudeste,1439,1600,4,75
2026-03-26T23:00,Sul,835,1000,2,55
2026-03-27T00:00,Norte,695,900,3,65
2026-03-27T00:00,Nordeste,892,1100,5,90
2026-03-27T00:00,Sudeste,1422,1600,4,75
2026-03-27T00:00,Sul,800,1000,2,55
2026-03-27T01:00,Norte,663,900,3,65
2026-03-27T01:00,Nordeste,856,1100,5,90
2026-03-27T01:00,Sudeste,1367,1600,4,75
2026-03-27T01:00,Sul,780,1000,2,55
2026-03-27T02:00,Norte,724,900,3,65
2026-03-27T02:00,Nordeste,897,1100,5,90
2026-03-27T02:00,Sudeste,1417,1600,4,75
2026-03-27T02:00,Sul,830,1000,2,55
2026-03-27T03:00,Norte,734,900,3,65
2026-03-27T03:00,Nordeste,932,1100,5,90
2026-03-27T03:00,Sudeste,1418,1600,4,75
2026-03-27T03:00,Sul,803,1000,2,55
2026-03-27T04:00,Norte,751,900,3,65
2026-03-27T04:00,Nordeste,962,1100,5,90
2026-03-27T04:00,Sudeste,1433,1600,4,75
2026-03-27T04:00,Sul,849,1000,2,55
2026-03-27T05:00,Norte,760,900,3,65
2026-03-27T05:00,Nordeste,953,1100,5,90
2026-03-27T05:00,Sudeste,1427,1600,4,75
2026-03-27T05:00,Sul,838,1000,2,55
2026-03-27T06:00,Norte,798,900,3,65
2026-03-27T06:00,Nordeste,1008,1100,5,90
2026-03-27T06:00,Sudeste,1514,1600,4,75
2026-03-27T06:00,Sul,885,1000,2,55
2026-03-27T07:00,Norte,827,918,3,65
2026-03-27T07:00,Nordeste,1053,1118,5,90
2026-03-27T07:00,Sudeste,1555,1618,4,75
2026-03-27T07:00,Sul,894,1018,2,55
2026-03-27T08:00,Norte,883,934,3,65
2026-03-27T08:00,Nordeste,1033,1134,5,90
2026-03-27T08:00,Sudeste,1569,1634,4,75
2026-03-27T08:00,Sul,983,1034,2,55
2026-03-27T09:00,Norte,901,949,3,65
2026-03-27T09:00,Nordeste,1089,1149,5,90
2026-03-27T09:00,Sudeste,1568,1649,4,75
2026-03-27T09:00,Sul,991,1049,2,55
2026-03-27T10:00,Norte,944,960,3,65
2026-03-27T10:00,Nordeste,1123,1160,5,90
2026-03-27T10:00,Sudeste,1640,1660,4,75
2026-03-27T10:00,Sul,999,1060,2,55
2026-03-27T11:00,Norte,902,967,3,65
2026-03-27T11:00,Nordeste,1104,1167,5,90
2026-03-27T11:00,Sudeste,1599,1667,4,75
2026-03-27T11:00,Sul,1034,1067,2,55
2026-03-27T12:00,Norte,921,970,3,65
2026-03-27T12:00,Nordeste,1141,1170,5,90
2026-03-27T12:00,Sudeste,1615,1670,4,75
2026-03-27T12:00,Sul,1064,1070,2,55
2026-03-27T13:00,Norte,979,967,3,65
2026-03-27T13:00,Nordeste,1165,1167,5,90
2026-03-27T13:00,Sudeste,1674,1667,4,75
2026-03-27T13:00,Sul,1043,1067,2,55
2026-03-27T14:00,Norte,975,960,3,65
2026-03-27T14:00,Nordeste,1133,1160,5,90
2026-03-27T14:00,Sudeste,1680,1660,4,75
2026-03-27T14:00,Sul,1026,1060,2,55
2026-03-27T15:00,Norte,932,949,3,65
2026-03-27T15:00,Nordeste,1126,1149,5,90
2026-03-27T15:00,Sudeste,1600,1649,4,75
2026-03-27T15:00,Sul,1031,1049,2,55
2026-03-27T16:00,Norte,900,934,3,65
2026-03-27T16:00,Nordeste,1133,1134,5,90
2026-03-27T16:00,Sudeste,1637,1634,4,75
2026-03-27T16:00,Sul,1002,1034,2,55
2026-03-27T17:00,Norte,893,918,3,65
2026-03-27T17:00,Nordeste,1049,1118,5,90
2026-03-27T17:00,Sudeste,1575,1618,4,75
2026-03-27T17:00,Sul,994,1018,2,55
2026-03-27T18:00,Norte,868,900,3,65
2026-03-27T18:00,Nordeste,1024,1100,5,90
2026-03-27T18:00,Sudeste,1544,1600,4,75
2026-03-27T18:00,Sul,954,1000,2,55
2026-03-27T19:00,Norte,823,900,3,65
2026-03-27T19:00,Nordeste,1036,1100,5,90
2026-03-27T19:00,Sudeste,1536,1600,4,75
2026-03-27T19:00,Sul,912,1000,2,55
2026-03-27T20:00,Norte,795,900,3,65
2026-03-27T20:00,Nordeste,995,1100,5,90
2026-03-27T20:00,Sudeste,1490,1600,4,75
2026-03-27T20:00,Sul,882,1000,2,55
2026-03-27T21:00,Norte,769,900,3,65
2026-03-27T21:00,Nordeste,974,1100,5,90
2026-03-27T21:00,Sudeste,1444,1600,4,75
2026-03-27T21:00,Sul,824,1000,2,55
2026-03-27T22:00,Norte,705,900,3,65
2026-03-27T22:00,Nordeste,912,1100,5,90
2026-03-27T22:00,Sudeste,1450,1600,4,75
2026-03-27T22:00,Sul,820,1000,2,55
2026-03-27T23:00,Norte,724,900,3,65
2026-03-27T23:00,Nordeste,907,1100,5,90
2026-03-27T23:00,Sudeste,1440,1600,4,75
2026-03-27T23:00,Sul,794,1000,2,55
2026-03-28T00:00,Norte,660,900,3,65
2026-03-28T00:00,Nordeste,907,1100,5,90
2026-03-28T00:00,Sudeste,1366,1600,4,75
2026-03-28T00:00,Sul,818,1000,2,55
2026-03-28T01:00,Norte,678,900,3,65
2026-03-28T01:00,Nordeste,864,1100,5,90
2026-03-28T01:00,Sudeste,1376,1600,4,75
2026-03-28T01:00,Sul,770,1000,2,55
2026-03-28T02:00,Norte,684,900,3,65
2026-03-28T02:00,Nordeste,903,1100,5,90
2026-03-28T02:00,Sudeste,1360,1600,4,75
2026-03-28T02:00,Sul,769,1000,2,55
2026-03-28T03:00,Norte,722,900,3,65
2026-03-28T03:00,Nordeste,876,1100,5,90
2026-03-28T03:00,Sudeste,1441,1600,4,75
2026-03-28T03:00,Sul,832,1000,2,55
2026-03-28T04:00,Norte,757,900,3,65
2026-03-28T04:00,Nordeste,897,1100,5,90
2026-03-28T04:00,Sudeste,1420,1600,4,75
2026-03-28T04:00,Sul,859,1000,2,55
2026-03-28T05:00,Norte,735,900,3,65
2026-03-28T05:00,Nordeste,949,1100,5,90
2026-03-28T05:00,Sudeste,1438,1600,4,75
2026-03-28T05:00,Sul,891,1000,2,55
2026-03-28T06:00,Norte,795,900,3,65
2026-03-28T06:00,Nordeste,1015,1100,5,90
2026-03-28T06:00,Sudeste,1489,1600,4,75
2026-03-28T06:00,Sul,867,1000,2,55
2026-03-28T07:00,Norte,838,918,3,65
2026-03-28T07:00,Nordeste,1008,1118,5,90
2026-03-28T07:00,Sudeste,1500,1618,4,75
2026-03-28T07:00,Sul,901,1018,2,55
2026-03-28T08:00,Norte,836,934,3,65
2026-03-28T08:00,Nordeste,1067,1134,5,90
2026-03-28T08:00,Sudeste,1583,1634,4,75
2026-03-28T08:00,Sul,984,1034,2,55
2026-03-28T09:00,Norte,898,949,3,65
2026-03-28T09:00,Nordeste,1062,1149,5,90
2026-03-28T09:00,Sudeste,1556,1649,4,75
2026-03-28T09:00,Sul,984,1049,2,55
2026-03-28T10:00,Norte,897,960,3,65
2026-03-28T10:00,Nordeste,1081,1160,5,90
2026-03-28T10:00,Sudeste,1629,1660,4,75
2026-03-28T10:00,Sul,1011,1060,2,55
2026-03-28T11:00,Norte,959,967,3,65
2026-03-28T11:00,Nordeste,1101,1167,5,90
2026-03-28T11:00,Sudeste,1639,1667,4,75
2026-03-28T11:00,Sul,1051,1067,2,55
2026-03-28T12:00,Norte,916,970,3,65
2026-03-28T12:00,Nordeste,1130,1170,5,90
2026-03-28T12:00,Sudeste,1654,1670,4,75
2026-03-28T12:00,Sul,1076,1070,2,55
2026-03-28T13:00,Norte,974,967,3,65
2026-03-28T13:00,Nordeste,1133,1167,5,90
2026-03-28T13:00,Sudeste,1628,1667,4,75
2026-03-28T13:00,Sul,1042,1067,2,55
2026-03-28T14:00,Norte,964,960,3,65
2026-03-28T14:00,Nordeste,1159,1160,5,90
2026-03-28T14:00,Sudeste,1612,1660,4,75
2026-03-28T14:00,Sul,1049,1060,2,55
2026-03-28T15:00,Norte,931,949,3,65
2026-03-28T15:00,Nordeste,1144,1149,5,90
2026-03-28T15:00,Sudeste,1650,1649,4,75
2026-03-28T15:00,Sul,1005,1049,2,55
2026-03-28T16:00,Norte,925,934,3,65
2026-03-28T16:00,Nordeste,1091,1134,5,90
2026-03-28T16:00,Sudeste,1606,1634,4,75
2026-03-28T16:00,Sul,985,1034,2,55
2026-03-28T17:00,Norte,873,918,3,65
2026-03-28T17:00,Nordeste,1091,1118,5,90
2026-03-28T17:00,Sudeste,1593,1618,4,75
2026-03-28T17:00,Sul,1005,1018,2,55
2026-03-28T18:00,Norte,855,900,3,65
2026-03-28T18:00,Nordeste,1022,1100,5,90
2026-03-28T18:00,Sudeste,1568,1600,4,75
2026-03-28T18:00,Sul,931,1000,2,55
2026-03-28T19:00,Norte,844,900,3,65
2026-03-28T19:00,Nordeste,1044,1100,5,90
2026-03-28T19:00,Sudeste,1534,1600,4,75
2026-03-28T19:00,Sul,938,1000,2,55
2026-03-28T20:00,Norte,777,900,3,65
2026-03-28T20:00,Nordeste,954,1100,5,90
2026-03-28T20:00,Sudeste,1472,1600,4,75
2026-03-28T20:00,Sul,912,1000,2,55
2026-03-28T21:00,Norte,754,900,3,65
2026-03-28T21:00,Nordeste,952,1100,5,90
2026-03-28T21:00,Sudeste,1481,1600,4,75
2026-03-28T21:00,Sul,832,1000,2,55
2026-03-28T22:00,Norte,731,900,3,65
2026-03-28T22:00,Nordeste,931,1100,5,90
2026-03-28T22:00,Sudeste,1416,1600,4,75
2026-03-28T22:00,Sul,825,1000,2,55
2026-03-28T23:00,Norte,707,900,3,65
2026-03-28T23:00,Nordeste,902,1100,5,90
2026-03-28T23:00,Sudeste,1428,1600,4,75
2026-03-28T23:00,Sul,834,1000,2,55
2026-03-29T00:00,Norte,662,900,3,65
2026-03-29T00:00,Nordeste,904,1100,5,90
2026-03-29T00:00,Sudeste,1366,1600,4,75
2026-03-29T00:00,Sul,805,1000,2,55
2026-03-29T01:00,Norte,680,900,3,65
2026-03-29T01:00,Nordeste,886,1100,5,90
2026-03-29T01:00,Sudeste,1411,1600,4,75
2026-03-29T01:00,Sul,760,1000,2,55
2026-03-29T02:00,Norte,698,900,3,65
2026-03-29T02:00,Nordeste,863,1100,5,90
2026-03-29T02:00,Sudeste,1421,1600,4,75
2026-03-29T02:00,Sul,761,1000,2,55
2026-03-29T03:00,Norte,723,900,3,65
2026-03-29T03:00,Nordeste,942,1100,5,90
2026-03-29T03:00,Sudeste,1442,1600,4,75
2026-03-29T03:00,Sul,790,1000,2,55
2026-03-29T04:00,Norte,733,900,3,65
2026-03-29T04:00,Nordeste,921,1100,5,90
2026-03-29T04:00,Sudeste,1429,1600,4,75
2026-03-29T04:00,Sul,799,1000,2,55
2026-03-29T05:00,Norte,791,900,3,65
2026-03-29T05:00,Nordeste,943,1100,5,90
2026-03-29T05:00,Sudeste,1464,1600,4,75
2026-03-29T05:00,Sul,853,1000,2,55
2026-03-29T06:00,Norte,792,900,3,65
2026-03-29T06:00,Nordeste,972,1100,5,90
2026-03-29T06:00,Sudeste,1455,1600,4,75
2026-03-29T06:00,Sul,895,1000,2,55
2026-03-29T07:00,Norte,825,918,3,65
2026-03-29T07:00,Nordeste,1052,1118,5,90
2026-03-29T07:00,Sudeste,1511,1618,4,75
2026-03-29T07:00,Sul,911,1018,2,55
2026-03-29T08:00,Norte,857,934,3,65
2026-03-29T08:00,Nordeste,1065,1134,5,90
2026-03-29T08:00,Sudeste,1581,1634,4,75
2026-03-29T08:00,Sul,987,1034,2,55
2026-03-29T09:00,Norte,902,949,3,65
2026-03-29T09:00,Nordeste,1107,1149,5,90
2026-03-29T09:00,Sudeste,1581,1649,4,75
2026-03-29T09:00,Sul,950,1049,2,55
2026-03-29T10:00,Norte,934,960,3,65
2026-03-29T10:00,Nordeste,1079,1160,5,90
2026-03-29T10:00,Sudeste,1579,1660,4,75
2026-03-29T10:00,Sul,1005,1060,2,55
2026-03-29T11:00,Norte,932,967,3,65
2026-03-29T11:00,Nordeste,1162,1167,5,90
2026-03-29T11:00,Sudeste,1600,1667,4,75
2026-03-29T11:00,Sul,1052,1067,2,55
2026-03-29T12:00,Norte,922,970,3,65
2026-03-29T12:00,Nordeste,1155,1170,5,90
2026-03-29T12:00,Sudeste,1670,1670,4,75
2026-03-29T12:00,Sul,1051,1070,2,55
2026-03-29T13:00,Norte,962,967,3,65
2026-03-29T13:00,Nordeste,1121,1167,5,90
2026-03-29T13:00,Sudeste,1628,1667,4,75
2026-03-29T13:00,Sul,1053,1067,2,55
2026-03-29T14:00,Norte,980,960,3,65
2026-03-29T14:00,Nordeste,1137,1160,5,90
2026-03-29T14:00,Sudeste,1626,1660,4,75
2026-03-29T14:00,Sul,1043,1060,2,55
2026-03-29T15:00,Norte,955,949,3,65
2026-03-29T15:00,Nordeste,1149,1149,5,90
2026-03-29T15:00,Sudeste,1666,1649,4,75
2026-03-29T15:00,Sul,1061,1049,2,55
2026-03-29T16:00,Norte,884,934,3,65
2026-03-29T16:00,Nordeste,1134,1134,5,90
2026-03-29T16:00,Sudeste,1631,1634,4,75
2026-03-29T16:00,Sul,1031,1034,2,55
2026-03-29T17:00,Norte,855,918,3,65
2026-03-29T17:00,Nordeste,1119,1118,5,90
2026-03-29T17:00,Sudeste,1611,1618,4,75
2026-03-29T17:00,Sul,952,1018,2,55
2026-03-29T18:00,Norte,857,900,3,65
2026-03-29T18:00,Nordeste,1031,1100,5,90
2026-03-29T18:00,Sudeste,1546,1600,4,75
2026-03-29T18:00,Sul,958,1000,2,55
2026-03-29T19:00,Norte,852,900,3,65
2026-03-29T19:00,Nordeste,1025,1100,5,90
2026-03-29T19:00,Sudeste,1555,1600,4,75
2026-03-29T19:00,Sul,940,1000,2,55
2026-03-29T20:00,Norte,768,900,3,65
2026-03-29T20:00,Nordeste,975,1100,5,90
2026-03-29T20:00,Sudeste,1465,1600,4,75
2026-03-29T20:00,Sul,889,1000,2,55
2026-03-29T21:00,Norte,762,900,3,65
2026-03-29T21:00,Nordeste,939,1100,5,90
2026-03-29T21:00,Sudeste,1486,1600,4,75
2026-03-29T21:00,Sul,821,1000,2,55
2026-03-29T22:00,Norte,741,900,3,65
2026-03-29T22:00,Nordeste,964,1100,5,90
2026-03-29T22:00,Sudeste,1398,1600,4,75
2026-03-29T22:00,Sul,816,1000,2,55
2026-03-29T23:00,Norte,690,900,3,65
2026-03-29T23:00,Nordeste,925,1100,5,90
2026-03-29T23:00,Sudeste,1443,1600,4,75
2026-03-29T23:00,Sul,812,1000,2,55
2026-03-30T00:00,Norte,698,900,3,65
2026-03-30T00:00,Nordeste,923,1100,5,90
2026-03-30T00:00,Sudeste,1406,1600,4,75
2026-03-30T00:00,Sul,812,1000,2,55
2026-03-30T01:00,Norte,657,900,3,65
2026-03-30T01:00,Nordeste,866,1100,5,90
2026-03-30T01:00,Sudeste,1362,1600,4,75
2026-03-30T01:00,Sul,815,1000,2,55
2026-03-30T02:00,Norte,718,900,3,65
2026-03-30T02:00,Nordeste,928,1100,5,90
2026-03-30T02:00,Sudeste,1418,1600,4,75
2026-03-30T02:00,Sul,823,1000,2,55
2026-03-30T03:00,Norte,722,900,3,65
2026-03-30T03:00,Nordeste,879,1100,5,90
2026-03-30T03:00,Sudeste,1430,1600,4,75
2026-03-30T03:00,Sul,831,1000,2,55
2026-03-30T04:00,Norte,715,900,3,65
2026-03-30T04:00,Nordeste,956,1100,5,90
2026-03-30T04:00,Sudeste,1399,1600,4,75
2026-03-30T04:00,Sul,837,1000,2,55
2026-03-30T05:00,Norte,739,900,3,65
2026-03-30T05:00,Nordeste,933,1100,5,90
2026-03-30T05:00,Sudeste,1439,1600,4,75
2026-03-30T05:00,Sul,858,1000,2,55
2026-03-30T06:00,Norte,817,900,3,65
2026-03-30T06:00,Nordeste,983,1100,5,90
2026-03-30T06:00,Sudeste,1462,1600,4,75
2026-03-30T06:00,Sul,857,1000,2,55
2026-03-30T07:00,Norte,793,918,3,65
2026-03-30T07:00,Nordeste,1054,1118,5,90
2026-03-30T07:00,Sudeste,1551,1618,4,75
2026-03-30T07:00,Sul,950,1018,2,55
2026-03-30T08:00,Norte,861,934,3,65
2026-03-30T08:00,Nordeste,1031,1134,5,90
2026-03-30T08:00,Sudeste,1541,1634,4,75
2026-03-30T08:00,Sul,952,1034,2,55
2026-03-30T09:00,Norte,859,949,3,65
2026-03-30T09:00,Nordeste,1093,1149,5,90
2026-03-30T09:00,Sudeste,1600,1649,4,75
2026-03-30T09:00,Sul,970,1049,2,55
2026-03-30T10:00,Norte,909,960,3,65
2026-03-30T10:00,Nordeste,1145,1160,5,90
2026-03-30T10:00,Sudeste,1579,1660,4,75
2026-03-30T10:00,Sul,1011,1060,2,55
2026-03-30T11:00,Norte,903,967,3,65
2026-03-30T11:00,Nordeste,1129,1167,5,90
2026-03-30T11:00,Sudeste,1618,1667,4,75
2026-03-30T11:00,Sul,1004,1067,2,55
2026-03-30T12:00,Norte,928,970,3,65
2026-03-30T12:00,Nordeste,1167,1170,5,90
2026-03-30T12:00,Sudeste,1646,1670,4,75
2026-03-30T12:00,Sul,1021,1070,2,55
2026-03-30T13:00,Norte,960,967,3,65
2026-03-30T13:00,Nordeste,1131,1167,5,90
2026-03-30T13:00,Sudeste,1634,1667,4,75
2026-03-30T13:00,Sul,1041,1067,2,55
2026-03-30T14:00,Norte,930,960,3,65
2026-03-30T14:00,Nordeste,1165,1160,5,90
2026-03-30T14:00,Sudeste,1655,1660,4,75
2026-03-30T14:00,Sul,1062,1060,2,55
2026-03-30T15:00,Norte,916,949,3,65
2026-03-30T15:00,Nordeste,1113,1149,5,90
2026-03-30T15:00,Sudeste,1630,1649,4,75
2026-03-30T15:00,Sul,1035,1049,2,55
2026-03-30T16:00,Norte,880,934,3,65
2026-03-30T16:00,Nordeste,1100,1134,5,90
2026-03-30T16:00,Sudeste,1620,1634,4,75
2026-03-30T16:00,Sul,1001,1034,2,55
2026-03-30T17:00,Norte,893,918,3,65
2026-03-30T17:00,Nordeste,1053,1118,5,90
2026-03-30T17:00,Sudeste,1549,1618,4,75
2026-03-30T17:00,Sul,964,1018,2,55
2026-03-30T18:00,Norte,831,900,3,65
2026-03-30T18:00,Nordeste,1060,1100,5,90
2026-03-30T18:00,Sudeste,1545,1600,4,75
2026-03-30T18:00,Sul,939,1000,2,55
2026-03-30T19:00,Norte,825,900,3,65
2026-03-30T19:00,Nordeste,1028,1100,5,90
2026-03-30T19:00,Sudeste,1505,1600,4,75
2026-03-30T19:00,Sul,888,1000,2,55
2026-03-30T20:00,Norte,777,900,3,65
2026-03-30T20:00,Nordeste,1001,1100,5,90
2026-03-30T20:00,Sudeste,1459,1600,4,75
2026-03-30T20:00,Sul,871,1000,2,55
2026-03-30T21:00,Norte,722,900,3,65
2026-03-30T21:00,Nordeste,984,1100,5,90
2026-03-30T21:00,Sudeste,1423,1600,4,75
2026-03-30T21:00,Sul,850,1000,2,55
2026-03-30T22:00,Norte,760,900,3,65
2026-03-30T22:00,Nordeste,912,1100,5,90
2026-03-30T22:00,Sudeste,1420,1600,4,75
2026-03-30T22:00,Sul,811,1000,2,55
2026-03-30T23:00,Norte,694,900,3,65
2026-03-30T23:00,Nordeste,923,1100,5,90
2026-03-30T23:00,Sudeste,1426,1600,4,75
2026-03-30T23:00,Sul,839,1000,2,55
2026-03-31T00:00,Norte,699,900,3,65
2026-03-31T00:00,Nordeste,920,1100,5,90
2026-03-31T00:00,Sudeste,1417,1600,4,75
2026-03-31T00:00,Sul,776,1000,2,55
2026-03-31T01:00,Norte,707,900,3,65
2026-03-31T01:00,Nordeste,894,1100,5,90
2026-03-31T01:00,Sudeste,1379,1600,4,75
2026-03-31T01:00,Sul,806,1000,2,55
2026-03-31T02:00,Norte,663,900,3,65
2026-03-31T02:00,Nordeste,866,1100,5,90
2026-03-31T02:00,Sudeste,1396,1600,4,75
2026-03-31T02:00,Sul,781,1000,2,55
2026-03-31T03:00,Norte,691,900,3,65
2026-03-31T03:00,Nordeste,943,1100,5,90
2026-03-31T03:00,Sudeste,1427,1600,4,75
2026-03-31T03:00,Sul,825,1000,2,55
2026-03-31T04:00,Norte,754,900,3,65
2026-03-31T04:00,Nordeste,937,1100,5,90
2026-03-31T04:00,Sudeste,1430,1600,4,75
2026-03-31T04:00,Sul,835,1000,2,55
2026-03-31T05:00,Norte,788,900,3,65
2026-03-31T05:00,Nordeste,981,1100,5,90
2026-03-31T05:00,Sudeste,1437,1600,4,75
2026-03-31T05:00,Sul,851,1000,2,55
2026-03-31T06:00,Norte,787,900,3,65
2026-03-31T06:00,Nordeste,967,1100,5,90
2026-03-31T06:00,Sudeste,1502,1600,4,75
2026-03-31T06:00,Sul,856,1000,2,55
2026-03-31T07:00,Norte,849,918,3,65
2026-03-31T07:00,Nordeste,1008,1118,5,90
2026-03-31T07:00,Sudeste,1518,1618,4,75
2026-03-31T07:00,Sul,950,1018,2,55
2026-03-31T08:00,Norte,867,934,3,65
2026-03-31T08:00,Nordeste,1072,1134,5,90
2026-03-31T08:00,Sudeste,1524,1634,4,75
2026-03-31T08:00,Sul,952,1034,2,55
2026-03-31T09:00,Norte,904,949,3,65
2026-03-31T09:00,Nordeste,1103,1149,5,90
2026-03-31T09:00,Sudeste,1595,1649,4,75
2026-03-31T09:00,Sul,990,1049,2,55
2026-03-31T10:00,Norte,892,960,3,65
2026-03-31T10:00,Nordeste,1095,1160,5,90
2026-03-31T10:00,Sudeste,1603,1660,4,75
2026-03-31T10:00,Sul,992,1060,2,55
2026-03-31T11:00,Norte,956,967,3,65
2026-03-31T11:00,Nordeste,1100,1167,5,90
2026-03-31T11:00,Sudeste,1642,1667,4,75
2026-03-31T11:00,Sul,1060,1067,2,55
2026-03-31T12:00,Norte,913,970,3,65
2026-03-31T12:00,Nordeste,1174,1170,5,90
2026-03-31T12:00,Sudeste,1619,1670,4,75
2026-03-31T12:00,Sul,1047,1070,2,55
2026-03-31T13:00,Norte,952,967,3,65
2026-03-31T13:00,Nordeste,1172,1167,5,90
2026-03-31T13:00,Sudeste,1623,1667,4,75
2026-03-31T13:00,Sul,1074,1067,2,55
2026-03-31T14:00,Norte,919,960,3,65
2026-03-31T14:00,Nordeste,1144,1160,5,90
2026-03-31T14:00,Sudeste,1615,1660,4,75
2026-03-31T14:00,Sul,1010,1060,2,55
2026-03-31T15:00,Norte,914,949,3,65
2026-03-31T15:00,Nordeste,1148,1149,5,90
2026-03-31T15:00,Sudeste,1621,1649,4,75
2026-03-31T15:00,Sul,1041,1049,2,55
2026-03-31T16:00,Norte,941,934,3,65
2026-03-31T16:00,Nordeste,1129,1134,5,90
2026-03-31T16:00,Sudeste,1584,1634,4,75
2026-03-31T16:00,Sul,1017,1034,2,55
2026-03-31T17:00,Norte,849,918,3,65
2026-03-31T17:00,Nordeste,1078,1118,5,90
2026-03-31T17:00,Sudeste,1550,1618,4,75
2026-03-31T17:00,Sul,976,1018,2,55
2026-03-31T18:00,Norte,879,900,3,65
2026-03-31T18:00,Nordeste,1062,1100,5,90
2026-03-31T18:00,Sudeste,1535,1600,4,75
2026-03-31T18:00,Sul,922,1000,2,55
2026-03-31T19:00,Norte,791,900,3,65
2026-03-31T19:00,Nordeste,1005,1100,5,90
2026-03-31T19:00,Sudeste,1492,1600,4,75
2026-03-31T19:00,Sul,940,1000,2,55
2026-03-31T20:00,Norte,788,900,3,65
2026-03-31T20:00,Nordeste,978,1100,5,90
2026-03-31T20:00,Sudeste,1464,1600,4,75
2026-03-31T20:00,Sul,860,1000,2,55
2026-03-31T21:00,Norte,754,900,3,65
2026-03-31T21:00,Nordeste,953,1100,5,90
2026-03-31T21:00,Sudeste,1450,1600,4,75
2026-03-31T21:00,Sul,828,1000,2,55
2026-03-31T22:00,Norte,742,900,3,65
2026-03-31T22:00,Nordeste,945,1100,5,90
2026-03-31T22:00,Sudeste,1460,1600,4,75
2026-03-31T22:00,Sul,805,1000,2,55
2026-03-31T23:00,Norte,707,900,3,65
2026-03-31T23:00,Nordeste,939,1100,5,90
2026-03-31T23:00,Sudeste,1443,1600,4,75
2026-03-31T23:00,Sul,775,1000,2,55
2026-04-01T00:00,Norte,675,900,3,65
2026-04-01T00:00,Nordeste,861,1100,5,90
2026-04-01T00:00,Sudeste,1413,1600,4,75
2026-04-01T00:00,Sul,784,1000,2,55
2026-04-01T01:00,Norte,708,900,3,65
2026-04-01T01:00,Nordeste,909,1100,5,90
2026-04-01T01:00,Sudeste,1418,1600,4,75
2026-04-01T01:00,Sul,773,1000,2,55
2026-04-01T02:00,Norte,707,900,3,65
2026-04-01T02:00,Nordeste,900,1100,5,90
2026-04-01T02:00,Sudeste,1373,1600,4,75
2026-04-01T02:00,Sul,809,1000,2,55
2026-04-01T03:00,Norte,673,900,3,65
2026-04-01T03:00,Nordeste,890,1100,5,90
2026-04-01T03:00,Sudeste,1419,1600,4,75
2026-04-01T03:00,Sul,830,1000,2,55
2026-04-01T04:00,Norte,736,900,3,65
2026-04-01T04:00,Nordeste,907,1100,5,90
2026-04-01T04:00,Sudeste,1429,1600,4,75
2026-04-01T04:00,Sul,813,1000,2,55
2026-04-01T05:00,Norte,778,900,3,65
2026-04-01T05:00,Nordeste,963,1100,5,90
2026-04-01T05:00,Sudeste,1486,1600,4,75
2026-04-01T05:00,Sul,835,1000,2,55
2026-04-01T06:00,Norte,770,900,3,65
2026-04-01T06:00,Nordeste,974,1100,5,90
2026-04-01T06:00,Sudeste,1488,1600,4,75
2026-04-01T06:00,Sul,914,1000,2,55
2026-04-01T07:00,Norte,808,918,3,65
2026-04-01T07:00,Nordeste,985,1118,5,90
2026-04-01T07:00,Sudeste,1502,1618,4,75
2026-04-01T07:00,Sul,948,1018,2,55
2026-04-01T08:00,Norte,855,934,3,65
2026-04-01T08:00,Nordeste,1059,1134,5,90
2026-04-01T08:00,Sudeste,1518,1634,4,75
2026-04-01T08:00,Sul,939,1034,2,55
2026-04-01T09:00,Norte,878,949,3,65
2026-04-01T09:00,Nordeste,1062,1149,5,90
2026-04-01T09:00,Sudeste,1564,1649,4,75
2026-04-01T09:00,Sul,1009,1049,2,55
2026-04-01T10:00,Norte,891,960,3,65
2026-04-01T10:00,Nordeste,1113,1160,5,90
2026-04-01T10:00,Sudeste,1634,1660,4,75
2026-04-01T10:00,Sul,1005,1060,2,55
2026-04-01T11:00,Norte,897,967,3,65
2026-04-01T11:00,Nordeste,1115,1167,5,90
2026-04-01T11:00,Sudeste,1605,1667,4,75
2026-04-01T11:00,Sul,1001,1067,2,55
2026-04-01T12:00,Norte,960,970,3,65
2026-04-01T12:00,Nordeste,1139,1170,5,90
2026-04-01T12:00,Sudeste,1628,1670,4,75
2026-04-01T12:00,Sul,1067,1070,2,55
2026-04-01T13:00,Norte,974,967,3,65
2026-04-01T13:00,Nordeste,1171,1167,5,90
2026-04-01T13:00,Sudeste,1635,1667,4,75
2026-04-01T13:00,Sul,1029,1067,2,55
2026-04-01T14:00,Norte,973,960,3,65
2026-04-01T14:00,Nordeste,1118,1160,5,90
2026-04-01T14:00,Sudeste,1656,1660,4,75
2026-04-01T14:00,Sul,1044,1060,2,55
2026-04-01T15:00,Norte,958,949,3,65
2026-04-01T15:00,Nordeste,1116,1149,5,90
2026-04-01T15:00,Sudeste,1660,1649,4,75
2026-04-01T15:00,Sul,1038,1049,2,55
2026-04-01T16:00,Norte,886,934,3,65
2026-04-01T16:00,Nordeste,1129,1134,5,90
2026-04-01T16:00,Sudeste,1610,1634,4,75
2026-04-01T16:00,Sul,1031,1034,2,55
2026-04-01T17:00,Norte,899,918,3,65
2026-04-01T17:00,Nordeste,1111,1118,5,90
2026-04-01T17:00,Sudeste,1570,1618,4,75
2026-04-01T17:00,Sul,988,1018,2,55
2026-04-01T18:00,Norte,858,900,3,65
2026-04-01T18:00,Nordeste,1079,1100,5,90
2026-04-01T18:00,Sudeste,1555,1600,4,75
2026-04-01T18:00,Sul,923,1000,2,55
2026-04-01T19:00,Norte,849,900,3,65
2026-04-01T19:00,Nordeste,992,1100,5,90
2026-04-01T19:00,Sudeste,1526,1600,4,75
2026-04-01T19:00,Sul,892,1000,2,55
2026-04-01T20:00,Norte,788,900,3,65
2026-04-01T20:00,Nordeste,957,1100,5,90
2026-04-01T20:00,Sudeste,1501,1600,4,75
2026-04-01T20:00,Sul,922,1000,2,55
2026-04-01T21:00,Norte,729,900,3,65
2026-04-01T21:00,Nordeste,991,1100,5,90
2026-04-01T21:00,Sudeste,1456,1600,4,75
2026-04-01T21:00,Sul,863,1000,2,55
2026-04-01T22:00,Norte,742,900,3,65
2026-04-01T22:00,Nordeste,937,1100,5,90
2026-04-01T22:00,Sudeste,1446,1600,4,75
2026-04-01T22:00,Sul,796,1000,2,55
2026-04-01T23:00,Norte,726,900,3,65
2026-04-01T23:00,Nordeste,927,1100,5,90
2026-04-01T23:00,Sudeste,1387,1600,4,75
2026-04-01T23:00,Sul,794,1000,2,55
2026-04-02T00:00,Norte,715,900,3,65
2026-04-02T00:00,Nordeste,921,1100,5,90
2026-04-02T00:00,Sudeste,1381,1600,4,75
2026-04-02T00:00,Sul,783,1000,2,55
2026-04-02T01:00,Norte,675,900,3,65
2026-04-02T01:00,Nordeste,889,1100,5,90
2026-04-02T01:00,Sudeste,1389,1600,4,75
2026-04-02T01:00,Sul,770,1000,2,55
2026-04-02T02:00,Norte,691,900,3,65
2026-04-02T02:00,Nordeste,863,1100,5,90
2026-04-02T02:00,Sudeste,1366,1600,4,75
2026-04-02T02:00,Sul,789,1000,2,55
2026-04-02T03:00,Norte,742,900,3,65
2026-04-02T03:00,Nordeste,894,1100,5,90
2026-04-02T03:00,Sudeste,1425,1600,4,75
2026-04-02T03:00,Sul,817,1000,2,55
2026-04-02T04:00,Norte,718,900,3,65
2026-04-02T04:00,Nordeste,911,1100,5,90
2026-04-02T04:00,Sudeste,1414,1600,4,75
2026-04-02T04:00,Sul,829,1000,2,55
2026-04-02T05:00,Norte,777,900,3,65
2026-04-02T05:00,Nordeste,961,1100,5,90
2026-04-02T05:00,Sudeste,1446,1600,4,75
2026-04-02T05:00,Sul,881,1000,2,55
2026-04-02T06:00,Norte,759,900,3,65
2026-04-02T06:00,Nordeste,964,1100,5,90
2026-04-02T06:00,Sudeste,1515,1600,4,75
2026-04-02T06:00,Sul,909,1000,2,55
2026-04-02T07:00,Norte,837,918,3,65
2026-04-02T07:00,Nordeste,1011,1118,5,90
2026-04-02T07:00,Sudeste,1519,1618,4,75
2026-04-02T07:00,Sul,930,1018,2,55
2026-04-02T08:00,Norte,848,934,3,65
2026-04-02T08:00,Nordeste,1057,1134,5,90
2026-04-02T08:00,Sudeste,1557,1634,4,75
2026-04-02T08:00,Sul,951,1034,2,55
2026-04-02T09:00,Norte,855,949,3,65
2026-04-02T09:00,Nordeste,1072,1149,5,90
2026-04-02T09:00,Sudeste,1571,1649,4,75
2026-04-02T09:00,Sul,955,1049,2,55
2026-04-02T10:00,Norte,937,960,3,65
2026-04-02T10:00,Nordeste,1082,1160,5,90
2026-04-02T10:00,Sudeste,1605,1660,4,75
2026-04-02T10:00,Sul,992,1060,2,55
2026-04-02T11:00,Norte,947,967,3,65
2026-04-02T11:00,Nordeste,1120,1167,5,90
2026-04-02T11:00,Sudeste,1624,1667,4,75
2026-04-02T11:00,Sul,1028,1067,2,55
2026-04-02T12:00,Norte,947,970,3,65
2026-04-02T12:00,Nordeste,1158,1170,5,90
2026-04-02T12:00,Sudeste,1679,1670,4,75
2026-04-02T12:00,Sul,1075,1070,2,55
2026-04-02T13:00,Norte,961,967,3,65
2026-04-02T13:00,Nordeste,1170,1167,5,90
2026-04-02T13:00,Sudeste,1656,1667,4,75
2026-04-02T13:00,Sul,1017,1067,2,55
2026-04-02T14:00,Norte,928,960,3,65
2026-04-02T14:00,Nordeste,1177,1160,5,90
2026-04-02T14:00,Sudeste,1629,1660,4,75
2026-04-02T14:00,Sul,1051,1060,2,55
2026-04-02T15:00,Norte,907,949,3,65
2026-04-02T15:00,Nordeste,1134,1149,5,90
2026-04-02T15:00,Sudeste,1646,1649,4,75
2026-04-02T15:00,Sul,1044,1049,2,55
2026-04-02T16:00,Norte,936,934,3,65
2026-04-02T16:00,Nordeste,1098,1134,5,90
2026-04-02T16:00,Sudeste,1612,1634,4,75
2026-04-02T16:00,Sul,1030,1034,2,55
2026-04-02T17:00,Norte,919,918,3,65
2026-04-02T17:00,Nordeste,1070,1118,5,90
2026-04-02T17:00,Sudeste,1558,1618,4,75
2026-04-02T17:00,Sul,1002,1018,2,55
2026-04-02T18:00,Norte,865,900,3,65
2026-04-02T18:00,Nordeste,1085,1100,5,90
2026-04-02T18:00,Sudeste,1546,1600,4,75
2026-04-02T18:00,Sul,964,1000,2,55
2026-04-02T19:00,Norte,796,900,3,65
2026-04-02T19:00,Nordeste,986,1100,5,90
2026-04-02T19:00,Sudeste,1542,1600,4,75
2026-04-02T19:00,Sul,918,1000,2,55
2026-04-02T20:00,Norte,764,900,3,65
2026-04-02T20:00,Nordeste,965,1100,5,90
2026-04-02T20:00,Sudeste,1470,1600,4,75
2026-04-02T20:00,Sul,899,1000,2,55
2026-04-02T21:00,Norte,771,900,3,65
2026-04-02T21:00,Nordeste,958,1100,5,90
2026-04-02T21:00,Sudeste,1491,1600,4,75
2026-04-02T21:00,Sul,862,1000,2,55
2026-04-02T22:00,Norte,756,900,3,65
2026-04-02T22:00,Nordeste,918,1100,5,90
2026-04-02T22:00,Sudeste,1404,1600,4,75
2026-04-02T22:00,Sul,804,1000,2,55
2026-04-02T23:00,Norte,693,900,3,65
2026-04-02T23:00,Nordeste,888,1100,5,90
2026-04-02T23:00,Sudeste,1376,1600,4,75
2026-04-02T23:00,Sul,842,1000,2,55
2026-04-03T00:00,Norte,707,900,3,65
2026-04-03T00:00,Nordeste,898,1100,5,90
2026-04-03T00:00,Sudeste,1409,1600,4,75
2026-04-03T00:00,Sul,786,1000,2,55
2026-04-03T01:00,Norte,672,900,3,65
2026-04-03T01:00,Nordeste,869,1100,5,90
2026-04-03T01:00,Sudeste,1390,1600,4,75
2026-04-03T01:00,Sul,785,1000,2,55
2026-04-03T02:00,Norte,681,900,3,65
2026-04-03T02:00,Nordeste,875,1100,5,90
2026-04-03T02:00,Sudeste,1407,1600,4,75
2026-04-03T02:00,Sul,778,1000,2,55
2026-04-03T03:00,Norte,743,900,3,65
2026-04-03T03:00,Nordeste,912,1100,5,90
2026-04-03T03:00,Sudeste,1390,1600,4,75
2026-04-03T03:00,Sul,818,1000,2,55
2026-04-03T04:00,Norte,715,900,3,65
2026-04-03T04:00,Nordeste,961,1100,5,90
2026-04-03T04:00,Sudeste,1429,1600,4,75
2026-04-03T04:00,Sul,838,1000,2,55
2026-04-03T05:00,Norte,730,900,3,65
2026-04-03T05:00,Nordeste,946,1100,5,90
2026-04-03T05:00,Sudeste,1476,1600,4,75
2026-04-03T05:00,Sul,852,1000,2,55
2026-04-03T06:00,Norte,762,900,3,65
2026-04-03T06:00,Nordeste,997,1100,5,90
2026-04-03T06:00,Sudeste,1481,1600,4,75
2026-04-03T06:00,Sul,880,1000,2,55
2026-04-03T07:00,Norte,844,918,3,65
2026-04-03T07:00,Nordeste,1015,1118,5,90
2026-04-03T07:00,Sudeste,1538,1618,4,75
2026-04-03T07:00,Sul,952,1018,2,55
2026-04-03T08:00,Norte,871,934,3,65
2026-04-03T08:00,Nordeste,1020,1134,5,90
2026-04-03T08:00,Sudeste,1545,1634,4,75
2026-04-03T08:00,Sul,972,1034,2,55
2026-04-03T09:00,Norte,850,949,3,65
2026-04-03T09:00,Nordeste,1077,1149,5,90
2026-04-03T09:00,Sudeste,1595,1649,4,75
2026-04-03T09:00,Sul,953,1049,2,55
2026-04-03T10:00,Norte,886,960,3,65
2026-04-03T10:00,Nordeste,1076,1160,5,90
2026-04-03T10:00,Sudeste,1578,1660,4,75
2026-04-03T10:00,Sul,1027,1060,2,55
2026-04-03T11:00,Norte,958,967,3,65
2026-04-03T11:00,Nordeste,1117,1167,5,90
2026-04-03T11:00,Sudeste,1664,1667,4,75
2026-04-03T11:00,Sul,1017,1067,2,55
2026-04-03T12:00,Norte,923,970,3,65
2026-04-03T12:00,Nordeste,1134,1170,5,90
2026-04-03T12:00,Sudeste,1669,1670,4,75
2026-04-03T12:00,Sul,1041,1070,2,55
2026-04-03T13:00,Norte,952,967,3,65
2026-04-03T13:00,Nordeste,1151,1167,5,90
2026-04-03T13:00,Sudeste,1678,1667,4,75
2026-04-03T13:00,Sul,1026,1067,2,55
2026-04-03T14:00,Norte,961,960,3,65
2026-04-03T14:00,Nordeste,1153,1160,5,90
2026-04-03T14:00,Sudeste,1636,1660,4,75
2026-04-03T14:00,Sul,1037,1060,2,55
2026-04-03T15:00,Norte,962,949,3,65
2026-04-03T15:00,Nordeste,1119,1149,5,90
2026-04-03T15:00,Sudeste,1649,1649,4,75
2026-04-03T15:00,Sul,1017,1049,2,55
2026-04-03T16:00,Norte,876,934,3,65
2026-04-03T16:00,Nordeste,1097,1134,5,90
2026-04-03T16:00,Sudeste,1623,1634,4,75
2026-04-03T16:00,Sul,1026,1034,2,55
2026-04-03T17:00,Norte,903,918,3,65
2026-04-03T17:00,Nordeste,1104,1118,5,90
2026-04-03T17:00,Sudeste,1586,1618,4,75
2026-04-03T17:00,Sul,997,1018,2,55
2026-04-03T18:00,Norte,824,900,3,65
2026-04-03T18:00,Nordeste,1036,1100,5,90
2026-04-03T18:00,Sudeste,1549,1600,4,75
2026-04-03T18:00,Sul,946,1000,2,55
2026-04-03T19:00,Norte,788,900,3,65
2026-04-03T19:00,Nordeste,1048,1100,5,90
2026-04-03T19:00,Sudeste,1505,1600,4,75
2026-04-03T19:00,Sul,912,1000,2,55
2026-04-03T20:00,Norte,819,900,3,65
2026-04-03T20:00,Nordeste,984,1100,5,90
2026-04-03T20:00,Sudeste,1512,1600,4,75
2026-04-03T20:00,Sul,906,1000,2,55
2026-04-03T21:00,Norte,733,900,3,65
2026-04-03T21:00,Nordeste,927,1100,5,90
2026-04-03T21:00,Sudeste,1486,1600,4,75
2026-04-03T21:00,Sul,846,1000,2,55
2026-04-03T22:00,Norte,713,900,3,65
2026-04-03T22:00,Nordeste,898,1100,5,90
2026-04-03T22:00,Sudeste,1410,1600,4,75
2026-04-03T22:00,Sul,797,1000,2,55
2026-04-03T23:00,Norte,723,900,3,65
2026-04-03T23:00,Nordeste,921,1100,5,90
2026-04-03T23:00,Sudeste,1390,1600,4,75
2026-04-03T23:00,Sul,810,1000,2,55
2026-04-04T00:00,Norte,673,900,3,65
2026-04-04T00:00,Nordeste,860,1100,5,90
2026-04-04T00:00,Sudeste,1409,1600,4,75
2026-04-04T00:00,Sul,782,1000,2,55
2026-04-04T01:00,Norte,702,900,3,65
2026-04-04T01:00,Nordeste,890,1100,5,90
2026-04-04T01:00,Sudeste,1359,1600,4,75
2026-04-04T01:00,Sul,806,1000,2,55
2026-04-04T02:00,Norte,720,900,3,65
2026-04-04T02:00,Nordeste,909,1100,5,90
2026-04-04T02:00,Sudeste,1401,1600,4,75
2026-04-04T02:00,Sul,820,1000,2,55
2026-04-04T03:00,Norte,711,900,3,65
2026-04-04T03:00,Nordeste,914,1100,5,90
2026-04-04T03:00,Sudeste,1415,1600,4,75
2026-04-04T03:00,Sul,800,1000,2,55
2026-04-04T04:00,Norte,720,900,3,65
2026-04-04T04:00,Nordeste,947,1100,5,90
2026-04-04T04:00,Sudeste,1458,1600,4,75
2026-04-04T04:00,Sul,843,1000,2,55
2026-04-04T05:00,Norte,773,900,3,65
2026-04-04T05:00,Nordeste,938,1100,5,90
2026-04-04T05:00,Sudeste,1424,1600,4,75
2026-04-04T05:00,Sul,867,1000,2,55
2026-04-04T06:00,Norte,781,900,3,65
2026-04-04T06:00,Nordeste,963,1100,5,90
2026-04-04T06:00,Sudeste,1498,1600,4,75
2026-04-04T06:00,Sul,921,1000,2,55
2026-04-04T07:00,Norte,823,918,3,65
2026-04-04T07:00,Nordeste,1028,1118,5,90
2026-04-04T07:00,Sudeste,1523,1618,4,75
2026-04-04T07:00,Sul,934,1018,2,55
2026-04-04T08:00,Norte,880,934,3,65
2026-04-04T08:00,Nordeste,1084,1134,5,90
2026-04-04T08:00,Sudeste,1580,1634,4,75
2026-04-04T08:00,Sul,956,1034,2,55
2026-04-04T09:00,Norte,909,949,3,65
2026-04-04T09:00,Nordeste,1049,1149,5,90
2026-04-04T09:00,Sudeste,1583,1649,4,75
2026-04-04T09:00,Sul,980,1049,2,55
2026-04-04T10:00,Norte,929,960,3,65
2026-04-04T10:00,Nordeste,1138,1160,5,90
2026-04-04T10:00,Sudeste,1611,1660,4,75
2026-04-04T10:00,Sul,1001,1060,2,55
2026-04-04T11:00,Norte,897,967,3,65
2026-04-04T11:00,Nordeste,1149,1167,5,90
2026-04-04T11:00,Sudeste,1656,1667,4,75
2026-04-04T11:00,Sul,1029,1067,2,55
2026-04-04T12:00,Norte,943,970,3,65
2026-04-04T12:00,Nordeste,1155,1170,5,90
2026-04-04T12:00,Sudeste,1623,1670,4,75
2026-04-04T12:00,Sul,1040,1070,2,55
2026-04-04T13:00,Norte,957,967,3,65
2026-04-04T13:00,Nordeste,1144,1167,5,90
2026-04-04T13:00,Sudeste,1617,1667,4,75
2026-04-04T13:00,Sul,1074,1067,2,55
2026-04-04T14:00,Norte,919,960,3,65
2026-04-04T14:00,Nordeste,1117,1160,5,90
2026-04-04T14:00,Sudeste,1625,1660,4,75
2026-04-04T14:00,Sul,1040,1060,2,55
2026-04-04T15:00,Norte,936,949,3,65
2026-04-04T15:00,Nordeste,1134,1149,5,90
2026-04-04T15:00,Sudeste,1627,1649,4,75
2026-04-04T15:00,Sul,1067,1049,2,55
2026-04-04T16:00,Norte,940,934,3,65
2026-04-04T16:00,Nordeste,1135,1134,5,90
2026-04-04T16:00,Sudeste,1621,1634,4,75
2026-04-04T16:00,Sul,1043,1034,2,55
2026-04-04T17:00,Norte,865,918,3,65
2026-04-04T17:00,Nordeste,1055,1118,5,90
2026-04-04T17:00,Sudeste,1619,1618,4,75
2026-04-04T17:00,Sul,959,1018,2,55
2026-04-04T18:00,Norte,834,900,3,65
2026-04-04T18:00,Nordeste,1064,1100,5,90
2026-04-04T18:00,Sudeste,1523,1600,4,75
2026-04-04T18:00,Sul,923,1000,2,55
2026-04-04T19:00,Norte,802,900,3,65
2026-04-04T19:00,Nordeste,994,1100,5,90
2026-04-04T19:00,Sudeste,1499,1600,4,75
2026-04-04T19:00,Sul,890,1000,2,55
2026-04-04T20:00,Norte,810,900,3,65
2026-04-04T20:00,Nordeste,971,1100,5,90
2026-04-04T20:00,Sudeste,1507,1600,4,75
2026-04-04T20:00,Sul,852,1000,2,55
2026-04-04T21:00,Norte,767,900,3,65
2026-04-04T21:00,Nordeste,954,1100,5,90
2026-04-04T21:00,Sudeste,1469,1600,4,75
2026-04-04T21:00,Sul,823,1000,2,55
2026-04-04T22:00,Norte,726,900,3,65
2026-04-04T22:00,Nordeste,934,1100,5,90
2026-04-04T22:00,Sudeste,1453,1600,4,75
2026-04-04T22:00,Sul,805,1000,2,55
2026-04-04T23:00,Norte,723,900,3,65
2026-04-04T23:00,Nordeste,914,1100,5,90
2026-04-04T23:00,Sudeste,1434,1600,4,75
2026-04-04T23:00,Sul,821,1000,2,55
2026-04-05T00:00,Norte,710,900,3,65
2026-04-05T00:00,Nordeste,863,1100,5,90
2026-04-05T00:00,Sudeste,1406,1600,4,75
2026-04-05T00:00,Sul,770,1000,2,55
2026-04-05T01:00,Norte,707,900,3,65
2026-04-05T01:00,Nordeste,915,1100,5,90
2026-04-05T01:00,Sudeste,1420,1600,4,75
2026-04-05T01:00,Sul,774,1000,2,55
2026-04-05T02:00,Norte,680,900,3,65
2026-04-05T02:00,Nordeste,892,1100,5,90
2026-04-05T02:00,Sudeste,1404,1600,4,75
2026-04-05T02:00,Sul,819,1000,2,55
2026-04-05T03:00,Norte,711,900,3,65
2026-04-05T03:00,Nordeste,930,1100,5,90
2026-04-05T03:00,Sudeste,1411,1600,4,75
2026-04-05T03:00,Sul,804,1000,2,55
2026-04-05T04:00,Norte,718,900,3,65
2026-04-05T04:00,Nordeste,963,1100,5,90
2026-04-05T04:00,Sudeste,1415,1600,4,75
2026-04-05T04:00,Sul,822,1000,2,55
2026-04-05T05:00,Norte,758,900,3,65
2026-04-05T05:00,Nordeste,925,1100,5,90
2026-04-05T05:00,Sudeste,1472,1600,4,75
2026-04-05T05:00,Sul,869,1000,2,55
2026-04-05T06:00,Norte,803,900,3,65
2026-04-05T06:00,Nordeste,988,1100,5,90
2026-04-05T06:00,Sudeste,1462,1600,4,75
2026-04-05T06:00,Sul,859,1000,2,55
2026-04-05T07:00,Norte,821,918,3,65
2026-04-05T07:00,Nordeste,1021,1118,5,90
2026-04-05T07:00,Sudeste,1546,1618,4,75
2026-04-05T07:00,Sul,954,1018,2,55
2026-04-05T08:00,Norte,881,934,3,65
2026-04-05T08:00,Nordeste,1050,1134,5,90
2026-04-05T08:00,Sudeste,1572,1634,4,75
2026-04-05T08:00,Sul,969,1034,2,55
2026-04-05T09:00,Norte,875,949,3,65
2026-04-05T09:00,Nordeste,1061,1149,5,90
2026-04-05T09:00,Sudeste,1610,1649,4,75
2026-04-05T09:00,Sul,1003,1049,2,55
2026-04-05T10:00,Norte,898,960,3,65
2026-04-05T10:00,Nordeste,1134,1160,5,90
2026-04-05T10:00,Sudeste,1636,1660,4,75
2026-04-05T10:00,Sul,1033,1060,2,55
2026-04-05T11:00,Norte,911,967,3,65
2026-04-05T11:00,Nordeste,1127,1167,5,90
2026-04-05T11:00,Sudeste,1634,1667,4,75
2026-04-05T11:00,Sul,1063,1067,2,55
2026-04-05T12:00,Norte,949,970,3,65
2026-04-05T12:00,Nordeste,1163,1170,5,90
2026-04-05T12:00,Sudeste,1649,1670,4,75
2026-04-05T12:00,Sul,1057,1070,2,55
2026-04-05T13:00,Norte,932,967,3,65
2026-04-05T13:00,Nordeste,1140,1167,5,90
2026-04-05T13:00,Sudeste,1653,1667,4,75
2026-04-05T13:00,Sul,1054,1067,2,55
2026-04-05T14:00,Norte,937,960,3,65
2026-04-05T14:00,Nordeste,1144,1160,5,90
2026-04-05T14:00,Sudeste,1621,1660,4,75
2026-04-05T14:00,Sul,1040,1060,2,55
2026-04-05T15:00,Norte,924,949,3,65
2026-04-05T15:00,Nordeste,1150,1149,5,90
2026-04-05T15:00,Sudeste,1627,1649,4,75
2026-04-05T15:00,Sul,1004,1049,2,55
2026-04-05T16:00,Norte,919,934,3,65
2026-04-05T16:00,Nordeste,1140,1134,5,90
2026-04-05T16:00,Sudeste,1592,1634,4,75
2026-04-05T16:00,Sul,1001,1034,2,55
2026-04-05T17:00,Norte,889,918,3,65
2026-04-05T17:00,Nordeste,1065,1118,5,90
2026-04-05T17:00,Sudeste,1549,1618,4,75
2026-04-05T17:00,Sul,1014,1018,2,55
2026-04-05T18:00,Norte,866,900,3,65
2026-04-05T18:00,Nordeste,1021,1100,5,90
2026-04-05T18:00,Sudeste,1540,1600,4,75
2026-04-05T18:00,Sul,945,1000,2,55
2026-04-05T19:00,Norte,843,900,3,65
2026-04-05T19:00,Nordeste,1037,1100,5,90
2026-04-05T19:00,Sudeste,1539,1600,4,75
2026-04-05T19:00,Sul,938,1000,2,55
2026-04-05T20:00,Norte,774,900,3,65
2026-04-05T20:00,Nordeste,1009,1100,5,90
2026-04-05T20:00,Sudeste,1486,1600,4,75
2026-04-05T20:00,Sul,863,1000,2,55
2026-04-05T21:00,Norte,778,900,3,65
2026-04-05T21:00,Nordeste,955,1100,5,90
2026-04-05T21:00,Sudeste,1453,1600,4,75
2026-04-05T21:00,Sul,882,1000,2,55
2026-04-05T22:00,Norte,733,900,3,65
2026-04-05T22:00,Nordeste,904,1100,5,90
2026-04-05T22:00,Sudeste,1406,1600,4,75
2026-04-05T22:00,Sul,807,1000,2,55
2026-04-05T23:00,Norte,696,900,3,65
2026-04-05T23:00,Nordeste,881,1100,5,90
2026-04-05T23:00,Sudeste,1427,1600,4,75
2026-04-05T23:00,Sul,810,1000,2,55
2026-04-06T00:00,Norte,727,900,3,65
2026-04-06T00:00,Nordeste,901,1100,5,90
2026-04-06T00:00,Sudeste,1397,1600,4,75
2026-04-06T00:00,Sul,813,1000,2,55
2026-04-06T01:00,Norte,692,900,3,65
2026-04-06T01:00,Nordeste,887,1100,5,90
2026-04-06T01:00,Sudeste,1409,1600,4,75
2026-04-06T01:00,Sul,761,1000,2,55
2026-04-06T02:00,Norte,710,900,3,65
2026-04-06T02:00,Nordeste,898,1100,5,90
2026-04-06T02:00,Sudeste,1374,1600,4,75
2026-04-06T02:00,Sul,820,1000,2,55
2026-04-06T03:00,Norte,676,900,3,65
2026-04-06T03:00,Nordeste,882,1100,5,90
2026-04-06T03:00,Sudeste,1430,1600,4,75
2026-04-06T03:00,Sul,795,1000,2,55
2026-04-06T04:00,Norte,756,900,3,65
2026-04-06T04:00,Nordeste,900,1100,5,90
2026-04-06T04:00,Sudeste,1408,1600,4,75
2026-04-06T04:00,Sul,805,1000,2,55
2026-04-06T05:00,Norte,722,900,3,65
2026-04-06T05:00,Nordeste,957,1100,5,90
2026-04-06T05:00,Sudeste,1474,1600,4,75
2026-04-06T05:00,Sul,853,1000,2,55
2026-04-06T06:00,Norte,819,900,3,65
2026-04-06T06:00,Nordeste,1020,1100,5,90
2026-04-06T06:00,Sudeste,1513,1600,4,75
2026-04-06T06:00,Sul,863,1000,2,55
2026-04-06T07:00,Norte,851,918,3,65
2026-04-06T07:00,Nordeste,985,1118,5,90
2026-04-06T07:00,Sudeste,1542,1618,4,75
2026-04-06T07:00,Sul,910,1018,2,55
2026-04-06T08:00,Norte,865,934,3,65
2026-04-06T08:00,Nordeste,1027,1134,5,90
2026-04-06T08:00,Sudeste,1539,1634,4,75
2026-04-06T08:00,Sul,975,1034,2,55
2026-04-06T09:00,Norte,915,949,3,65
2026-04-06T09:00,Nordeste,1053,1149,5,90
2026-04-06T09:00,Sudeste,1555,1649,4,75
2026-04-06T09:00,Sul,966,1049,2,55
2026-04-06T10:00,Norte,920,960,3,65
2026-04-06T10:00,Nordeste,1090,1160,5,90
2026-04-06T10:00,Sudeste,1589,1660,4,75
2026-04-06T10:00,Sul,1020,1060,2,55
2026-04-06T11:00,Norte,962,967,3,65
2026-04-06T11:00,Nordeste,1109,1167,5,90
2026-04-06T11:00,Sudeste,1606,1667,4,75
2026-04-06T11:00,Sul,1010,1067,2,55
2026-04-06T12:00,Norte,918,970,3,65
2026-04-06T12:00,Nordeste,1164,1170,5,90
2026-04-06T12:00,Sudeste,1641,1670,4,75
2026-04-06T12:00,Sul,1033,1070,2,55
2026-04-06T13:00,Norte,979,967,3,65
2026-04-06T13:00,Nordeste,1153,1167,5,90
2026-04-06T13:00,Sudeste,1678,1667,4,75
2026-04-06T13:00,Sul,1072,1067,2,55
2026-04-06T14:00,Norte,973,960,3,65
2026-04-06T14:00,Nordeste,1124,1160,5,90
2026-04-06T14:00,Sudeste,1652,1660,4,75
2026-04-06T14:00,Sul,1070,1060,2,55
2026-04-06T15:00,Norte,938,949,3,65
2026-04-06T15:00,Nordeste,1128,1149,5,90
2026-04-06T15:00,Sudeste,1647,1649,4,75
2026-04-06T15:00,Sul,1034,1049,2,55
2026-04-06T16:00,Norte,932,934,3,65
2026-04-06T16:00,Nordeste,1091,1134,5,90
2026-04-06T16:00,Sudeste,1625,1634,4,75
2026-04-06T16:00,Sul,990,1034,2,55
2026-04-06T17:00,Norte,899,918,3,65
2026-04-06T17:00,Nordeste,1083,1118,5,90
2026-04-06T17:00,Sudeste,1605,1618,4,75
2026-04-06T17:00,Sul,961,1018,2,55
2026-04-06T18:00,Norte,877,900,3,65
2026-04-06T18:00,Nordeste,1027,1100,5,90
2026-04-06T18:00,Sudeste,1546,1600,4,75
2026-04-06T18:00,Sul,943,1000,2,55
2026-04-06T19:00,Norte,846,900,3,65
2026-04-06T19:00,Nordeste,986,1100,5,90
2026-04-06T19:00,Sudeste,1508,1600,4,75
2026-04-06T19:00,Sul,913,1000,2,55
2026-04-06T20:00,Norte,794,900,3,65
2026-04-06T20:00,Nordeste,980,1100,5,90
2026-04-06T20:00,Sudeste,1478,1600,4,75
2026-04-06T20:00,Sul,854,1000,2,55
2026-04-06T21:00,Norte,753,900,3,65
2026-04-06T21:00,Nordeste,955,1100,5,90
2026-04-06T21:00,Sudeste,1443,1600,4,75
2026-04-06T21:00,Sul,853,1000,2,55
2026-04-06T22:00,Norte,747,900,3,65
2026-04-06T22:00,Nordeste,906,1100,5,90
2026-04-06T22:00,Sudeste,1396,1600,4,75
2026-04-06T22:00,Sul,803,1000,2,55
2026-04-06T23:00,Norte,713,900,3,65
2026-04-06T23:00,Nordeste,909,1100,5,90
2026-04-06T23:00,Sudeste,1409,1600,4,75
2026-04-06T23:00,Sul,807,1000,2,55
2026-04-07T00:00,Norte,684,900,3,65
2026-04-07T00:00,Nordeste,915,1100,5,90
2026-04-07T00:00,Sudeste,1416,1600,4,75
2026-04-07T00:00,Sul,806,1000,2,55
2026-04-07T01:00,Norte,677,900,3,65
2026-04-07T01:00,Nordeste,866,1100,5,90
2026-04-07T01:00,Sudeste,1358,1600,4,75
2026-04-07T01:00,Sul,819,1000,2,55
2026-04-07T02:00,Norte,668,900,3,65
2026-04-07T02:00,Nordeste,908,1100,5,90
2026-04-07T02:00,Sudeste,1407,1600,4,75
2026-04-07T02:00,Sul,827,1000,2,55
2026-04-07T03:00,Norte,738,900,3,65
2026-04-07T03:00,Nordeste,889,1100,5,90
2026-04-07T03:00,Sudeste,1381,1600,4,75
2026-04-07T03:00,Sul,800,1000,2,55
2026-04-07T04:00,Norte,749,900,3,65
2026-04-07T04:00,Nordeste,901,1100,5,90
2026-04-07T04:00,Sudeste,1429,1600,4,75
2026-04-07T04:00,Sul,853,1000,2,55
2026-04-07T05:00,Norte,770,900,3,65
2026-04-07T05:00,Nordeste,933,1100,5,90
2026-04-07T05:00,Sudeste,1487,1600,4,75
2026-04-07T05:00,Sul,841,1000,2,55
2026-04-07T06:00,Norte,820,900,3,65
2026-04-07T06:00,Nordeste,974,1100,5,90
2026-04-07T06:00,Sudeste,1498,1600,4,75
2026-04-07T06:00,Sul,876,1000,2,55
2026-04-07T07:00,Norte,854,918,3,65
2026-04-07T07:00,Nordeste,985,1118,5,90
2026-04-07T07:00,Sudeste,1507,1618,4,75
2026-04-07T07:00,Sul,944,1018,2,55
2026-04-07T08:00,Norte,846,934,3,65
2026-04-07T08:00,Nordeste,1046,1134,5,90
2026-04-07T08:00,Sudeste,1553,1634,4,75
2026-04-07T08:00,Sul,930,1034,2,55
2026-04-07T09:00,Norte,896,949,3,65
2026-04-07T09:00,Nordeste,1111,1149,5,90
2026-04-07T09:00,Sudeste,1554,1649,4,75
2026-04-07T09:00,Sul,961,1049,2,55
2026-04-07T10:00,Norte,902,960,3,65
2026-04-07T10:00,Nordeste,1087,1160,5,90
2026-04-07T10:00,Sudeste,1629,1660,4,75
2026-04-07T10:00,Sul,1036,1060,2,55
2026-04-07T11:00,Norte,903,967,3,65
2026-04-07T11:00,Nordeste,1124,1167,5,90
2026-04-07T11:00,Sudeste,1622,1667,4,75
2026-04-07T11:00,Sul,1027,1067,2,55
2026-04-07T12:00,Norte,932,970,3,65
2026-04-07T12:00,Nordeste,1171,1170,5,90
2026-04-07T12:00,Sudeste,1629,1670,4,75
2026-04-07T12:00,Sul,1059,1070,2,55
2026-04-07T13:00,Norte,964,967,3,65
2026-04-07T13:00,Nordeste,1122,1167,5,90
2026-04-07T13:00,Sudeste,1624,1667,4,75
2026-04-07T13:00,Sul,1082,1067,2,55
2026-04-07T14:00,Norte,920,960,3,65
2026-04-07T14:00,Nordeste,1162,1160,5,90
2026-04-07T14:00,Sudeste,1637,1660,4,75
2026-04-07T14:00,Sul,1056,1060,2,55
2026-04-07T15:00,Norte,954,949,3,65
2026-04-07T15:00,Nordeste,1159,1149,5,90
2026-04-07T15:00,Sudeste,1624,1649,4,75
2026-04-07T15:00,Sul,1023,1049,2,55
2026-04-07T16:00,Norte,945,934,3,65
2026-04-07T16:00,Nordeste,1078,1134,5,90
2026-04-07T16:00,Sudeste,1613,1634,4,75
2026-04-07T16:00,Sul,984,1034,2,55
2026-04-07T17:00,Norte,911,918,3,65
2026-04-07T17:00,Nordeste,1106,1118,5,90
2026-04-07T17:00,Sudeste,1570,1618,4,75
2026-04-07T17:00,Sul,953,1018,2,55
2026-04-07T18:00,Norte,862,900,3,65
2026-04-07T18:00,Nordeste,1047,1100,5,90
2026-04-07T18:00,Sudeste,1538,1600,4,75
2026-04-07T18:00,Sul,953,1000,2,55
2026-04-07T19:00,Norte,824,900,3,65
2026-04-07T19:00,Nordeste,1016,1100,5,90
2026-04-07T19:00,Sudeste,1552,1600,4,75
2026-04-07T19:00,Sul,900,1000,2,55
2026-04-07T20:00,Norte,755,900,3,65
2026-04-07T20:00,Nordeste,960,1100,5,90
2026-04-07T20:00,Sudeste,1508,1600,4,75
2026-04-07T20:00,Sul,917,1000,2,55
2026-04-07T21:00,Norte,752,900,3,65
2026-04-07T21:00,Nordeste,988,1100,5,90
2026-04-07T21:00,Sudeste,1481,1600,4,75
2026-04-07T21:00,Sul,832,1000,2,55
2026-04-07T22:00,Norte,726,900,3,65
2026-04-07T22:00,Nordeste,899,1100,5,90
2026-04-07T22:00,Sudeste,1413,1600,4,75
2026-04-07T22:00,Sul,803,1000,2,55
2026-04-07T23:00,Norte,680,900,3,65
2026-04-07T23:00,Nordeste,876,1100,5,90
2026-04-07T23:00,Sudeste,1424,1600,4,75
2026-04-07T23:00,Sul,804,1000,2,55
2026-04-08T00:00,Norte,704,900,3,65
2026-04-08T00:00,Nordeste,860,1100,5,90
2026-04-08T00:00,Sudeste,1405,1600,4,75
2026-04-08T00:00,Sul,783,1000,2,55
2026-04-08T01:00,Norte,690,900,3,65
2026-04-08T01:00,Nordeste,925,1100,5,90
2026-04-08T01:00,Sudeste,1424,1600,4,75
2026-04-08T01:00,Sul,800,1000,2,55
2026-04-08T02:00,Norte,674,900,3,65
2026-04-08T02:00,Nordeste,891,1100,5,90
2026-04-08T02:00,Sudeste,1411,1600,4,75
2026-04-08T02:00,Sul,787,1000,2,55
2026-04-08T03:00,Norte,705,900,3,65
2026-04-08T03:00,Nordeste,934,1100,5,90
2026-04-08T03:00,Sudeste,1413,1600,4,75
2026-04-08T03:00,Sul,798,1000,2,55
2026-04-08T04:00,Norte,712,900,3,65
2026-04-08T04:00,Nordeste,921,1100,5,90
2026-04-08T04:00,Sudeste,1397,1600,4,75
2026-04-08T04:00,Sul,794,1000,2,55
2026-04-08T05:00,Norte,724,900,3,65
2026-04-08T05:00,Nordeste,986,1100,5,90
2026-04-08T05:00,Sudeste,1457,1600,4,75
2026-04-08T05:00,Sul,868,1000,2,55
2026-04-08T06:00,Norte,782,900,3,65
2026-04-08T06:00,Nordeste,991,1100,5,90
2026-04-08T06:00,Sudeste,1520,1600,4,75
2026-04-08T06:00,Sul,918,1000,2,55
2026-04-08T07:00,Norte,821,918,3,65
2026-04-08T07:00,Nordeste,1010,1118,5,90
2026-04-08T07:00,Sudeste,1544,1618,4,75
2026-04-08T07:00,Sul,925,1018,2,55
2026-04-08T08:00,Norte,853,934,3,65
2026-04-08T08:00,Nordeste,1046,1134,5,90
2026-04-08T08:00,Sudeste,1566,1634,4,75
2026-04-08T08:00,Sul,985,1034,2,55
2026-04-08T09:00,Norte,906,949,3,65
2026-04-08T09:00,Nordeste,1051,1149,5,90
2026-04-08T09:00,Sudeste,1610,1649,4,75
2026-04-08T09:00,Sul,957,1049,2,55
2026-04-08T10:00,Norte,907,960,3,65
2026-04-08T10:00,Nordeste,1146,1160,5,90
2026-04-08T10:00,Sudeste,1605,1660,4,75
2026-04-08T10:00,Sul,1025,1060,2,55
2026-04-08T11:00,Norte,929,967,3,65
2026-04-08T11:00,Nordeste,1101,1167,5,90
2026-04-08T11:00,Sudeste,1663,1667,4,75
2026-04-08T11:00,Sul,1012,1067,2,55
2026-04-08T12:00,Norte,910,970,3,65
2026-04-08T12:00,Nordeste,1174,1170,5,90
2026-04-08T12:00,Sudeste,1679,1670,4,75
2026-04-08T12:00,Sul,1050,1070,2,55
2026-04-08T13:00,Norte,925,967,3,65
2026-04-08T13:00,Nordeste,1168,1167,5,90
2026-04-08T13:00,Sudeste,1618,1667,4,75
2026-04-08T13:00,Sul,1034,1067,2,55
2026-04-08T14:00,Norte,914,960,3,65
2026-04-08T14:00,Nordeste,1164,1160,5,90
2026-04-08T14:00,Sudeste,1620,1660,4,75
2026-04-08T14:00,Sul,1044,1060,2,55
2026-04-08T15:00,Norte,934,949,3,65
2026-04-08T15:00,Nordeste,1138,1149,5,90
2026-04-08T15:00,Sudeste,1599,1649,4,75
2026-04-08T15:00,Sul,1034,1049,2,55
2026-04-08T16:00,Norte,913,934,3,65
2026-04-08T16:00,Nordeste,1117,1134,5,90
2026-04-08T16:00,Sudeste,1613,1634,4,75
2026-04-08T16:00,Sul,999,1034,2,55
2026-04-08T17:00,Norte,873,918,3,65
2026-04-08T17:00,Nordeste,1086,1118,5,90
2026-04-08T17:00,Sudeste,1573,1618,4,75
2026-04-08T17:00,Sul,1000,1018,2,55
2026-04-08T18:00,Norte,837,900,3,65
2026-04-08T18:00,Nordeste,1085,1100,5,90
2026-04-08T18:00,Sudeste,1562,1600,4,75
2026-04-08T18:00,Sul,948,1000,2,55
2026-04-08T19:00,Norte,835,900,3,65
2026-04-08T19:00,Nordeste,1055,1100,5,90
2026-04-08T19:00,Sudeste,1502,1600,4,75
2026-04-08T19:00,Sul,902,1000,2,55
2026-04-08T20:00,Norte,811,900,3,65
2026-04-08T20:00,Nordeste,1012,1100,5,90
2026-04-08T20:00,Sudeste,1473,1600,4,75
2026-04-08T20:00,Sul,913,1000,2,55
2026-04-08T21:00,Norte,732,900,3,65
2026-04-08T21:00,Nordeste,973,1100,5,90
2026-04-08T21:00,Sudeste,1426,1600,4,75
2026-04-08T21:00,Sul,878,1000,2,55
2026-04-08T22:00,Norte,761,900,3,65
2026-04-08T22:00,Nordeste,914,1100,5,90
2026-04-08T22:00,Sudeste,1453,1600,4,75
2026-04-08T22:00,Sul,850,1000,2,55
2026-04-08T23:00,Norte,731,900,3,65
2026-04-08T23:00,Nordeste,880,1100,5,90
2026-04-08T23:00,Sudeste,1391,1600,4,75
2026-04-08T23:00,Sul,810,1000,2,55
2026-04-09T00:00,Norte,690,900,3,65
2026-04-09T00:00,Nordeste,869,1100,5,90
2026-04-09T00:00,Sudeste,1373,1600,4,75
2026-04-09T00:00,Sul,797,1000,2,55
2026-04-09T01:00,Norte,702,900,3,65
2026-04-09T01:00,Nordeste,855,1100,5,90
2026-04-09T01:00,Sudeste,1361,1600,4,75
2026-04-09T01:00,Sul,776,1000,2,55
2026-04-09T02:00,Norte,693,900,3,65
2026-04-09T02:00,Nordeste,871,1100,5,90
2026-04-09T02:00,Sudeste,1383,1600,4,75
2026-04-09T02:00,Sul,771,1000,2,55
2026-04-09T03:00,Norte,706,900,3,65
2026-04-09T03:00,Nordeste,941,1100,5,90
2026-04-09T03:00,Sudeste,1390,1600,4,75
2026-04-09T03:00,Sul,818,1000,2,55
2026-04-09T04:00,Norte,741,900,3,65
2026-04-09T04:00,Nordeste,903,1100,5,90
2026-04-09T04:00,Sudeste,1424,1600,4,75
2026-04-09T04:00,Sul,832,1000,2,55
2026-04-09T05:00,Norte,746,900,3,65
2026-04-09T05:00,Nordeste,947,1100,5,90
2026-04-09T05:00,Sudeste,1456,1600,4,75
2026-04-09T05:00,Sul,879,1000,2,55
2026-04-09T06:00,Norte,799,900,3,65
2026-04-09T06:00,Nordeste,1002,1100,5,90
2026-04-09T06:00,Sudeste,1521,1600,4,75
2026-04-09T06:00,Sul,857,1000,2,55
2026-04-09T07:00,Norte,797,918,3,65
2026-04-09T07:00,Nordeste,1038,1118,5,90
2026-04-09T07:00,Sudeste,1545,1618,4,75
2026-04-09T07:00,Sul,898,1018,2,55
2026-04-09T08:00,Norte,820,934,3,65
2026-04-09T08:00,Nordeste,1031,1134,5,90
2026-04-09T08:00,Sudeste,1543,1634,4,75
2026-04-09T08:00,Sul,966,1034,2,55
2026-04-09T09:00,Norte,919,949,3,65
2026-04-09T09:00,Nordeste,1111,1149,5,90
2026-04-09T09:00,Sudeste,1571,1649,4,75
2026-04-09T09:00,Sul,1016,1049,2,55
2026-04-09T10:00,Norte,888,960,3,65
2026-04-09T10:00,Nordeste,1096,1160,5,90
2026-04-09T10:00,Sudeste,1629,1660,4,75
2026-04-09T10:00,Sul,1038,1060,2,55
2026-04-09T11:00,Norte,934,967,3,65
2026-04-09T11:00,Nordeste,1125,1167,5,90
2026-04-09T11:00,Sudeste,1655,1667,4,75
2026-04-09T11:00,Sul,1063,1067,2,55
2026-04-09T12:00,Norte,976,970,3,65
2026-04-09T12:00,Nordeste,1146,1170,5,90
2026-04-09T12:00,Sudeste,1680,1670,4,75
2026-04-09T12:00,Sul,1037,1070,2,55
2026-04-09T13:00,Norte,985,967,3,65
2026-04-09T13:00,Nordeste,1170,1167,5,90
2026-04-09T13:00,Sudeste,1615,1667,4,75
2026-04-09T13:00,Sul,1084,1067,2,55
2026-04-09T14:00,Norte,935,960,3,65
2026-04-09T14:00,Nordeste,1149,1160,5,90
2026-04-09T14:00,Sudeste,1643,1660,4,75
2026-04-09T14:00,Sul,1042,1060,2,55
2026-04-09T15:00,Norte,923,949,3,65
2026-04-09T15:00,Nordeste,1140,1149,5,90
2026-04-09T15:00,Sudeste,1628,1649,4,75
2026-04-09T15:00,Sul,1044,1049,2,55
2026-04-09T16:00,Norte,915,934,3,65
2026-04-09T16:00,Nordeste,1141,1134,5,90
2026-04-09T16:00,Sudeste,1608,1634,4,75
2026-04-09T16:00,Sul,1020,1034,2,55
2026-04-09T17:00,Norte,899,918,3,65
2026-04-09T17:00,Nordeste,1094,1118,5,90
2026-04-09T17:00,Sudeste,1591,1618,4,75
2026-04-09T17:00,Sul,997,1018,2,55
2026-04-09T18:00,Norte,878,900,3,65
2026-04-09T18:00,Nordeste,1074,1100,5,90
2026-04-09T18:00,Sudeste,1571,1600,4,75
2026-04-09T18:00,Sul,922,1000,2,55
2026-04-09T19:00,Norte,796,900,3,65
2026-04-09T19:00,Nordeste,1011,1100,5,90
2026-04-09T19:00,Sudeste,1526,1600,4,75
2026-04-09T19:00,Sul,916,1000,2,55
2026-04-09T20:00,Norte,781,900,3,65
2026-04-09T20:00,Nordeste,1009,1100,5,90
2026-04-09T20:00,Sudeste,1515,1600,4,75
2026-04-09T20:00,Sul,865,1000,2,55
2026-04-09T21:00,Norte,725,900,3,65
2026-04-09T21:00,Nordeste,984,1100,5,90
2026-04-09T21:00,Sudeste,1476,1600,4,75
2026-04-09T21:00,Sul,823,1000,2,55
2026-04-09T22:00,Norte,762,900,3,65
2026-04-09T22:00,Nordeste,924,1100,5,90
2026-04-09T22:00,Sudeste,1401,1600,4,75
2026-04-09T22:00,Sul,806,1000,2,55
2026-04-09T23:00,Norte,708,900,3,65
2026-04-09T23:00,Nordeste,937,1100,5,90
2026-04-09T23:00,Sudeste,1426,1600,4,75
2026-04-09T23:00,Sul,814,1000,2,55
2026-04-10T00:00,Norte,724,900,3,65
2026-04-10T00:00,Nordeste,908,1100,5,90
2026-04-10T00:00,Sudeste,1375,1600,4,75
2026-04-10T00:00,Sul,780,1000,2,55
2026-04-10T01:00,Norte,669,900,3,65
2026-04-10T01:00,Nordeste,881,1100,5,90
2026-04-10T01:00,Sudeste,1425,1600,4,75
2026-04-10T01:00,Sul,788,1000,2,55
2026-04-10T02:00,Norte,703,900,3,65
2026-04-10T02:00,Nordeste,920,1100,5,90
2026-04-10T02:00,Sudeste,1416,1600,4,75
2026-04-10T02:00,Sul,825,1000,2,55
2026-04-10T03:00,Norte,733,900,3,65
2026-04-10T03:00,Nordeste,921,1100,5,90
2026-04-10T03:00,Sudeste,1441,1600,4,75
2026-04-10T03:00,Sul,787,1000,2,55
2026-04-10T04:00,Norte,719,900,3,65
2026-04-10T04:00,Nordeste,939,1100,5,90
2026-04-10T04:00,Sudeste,1420,1600,4,75
2026-04-10T04:00,Sul,801,1000,2,55
2026-04-10T05:00,Norte,748,900,3,65
2026-04-10T05:00,Nordeste,977,1100,5,90
2026-04-10T05:00,Sudeste,1447,1600,4,75
2026-04-10T05:00,Sul,859,1000,2,55
2026-04-10T06:00,Norte,812,900,3,65
2026-04-10T06:00,Nordeste,1013,1100,5,90
2026-04-10T06:00,Sudeste,1511,1600,4,75
2026-04-10T06:00,Sul,885,1000,2,55
2026-04-10T07:00,Norte,792,918,3,65
2026-04-10T07:00,Nordeste,1003,1118,5,90
2026-04-10T07:00,Sudeste,1535,1618,4,75
2026-04-10T07:00,Sul,921,1018,2,55
2026-04-10T08:00,Norte,853,934,3,65
2026-04-10T08:00,Nordeste,1042,1134,5,90
2026-04-10T08:00,Sudeste,1550,1634,4,75
2026-04-10T08:00,Sul,984,1034,2,55
2026-04-10T09:00,Norte,892,949,3,65
2026-04-10T09:00,Nordeste,1079,1149,5,90
2026-04-10T09:00,Sudeste,1585,1649,4,75
2026-04-10T09:00,Sul,959,1049,2,55
2026-04-10T10:00,Norte,899,960,3,65
2026-04-10T10:00,Nordeste,1098,1160,5,90
2026-04-10T10:00,Sudeste,1613,1660,4,75
2026-04-10T10:00,Sul,1018,1060,2,55
2026-04-10T11:00,Norte,962,967,3,65
2026-04-10T11:00,Nordeste,1131,1167,5,90
2026-04-10T11:00,Sudeste,1664,1667,4,75
2026-04-10T11:00,Sul,1000,1067,2,55
2026-04-10T12:00,Norte,958,970,3,65
2026-04-10T12:00,Nordeste,1116,1170,5,90
2026-04-10T12:00,Sudeste,1664,1670,4,75
2026-04-10T12:00,Sul,1058,1070,2,55
2026-04-10T13:00,Norte,944,967,3,65
2026-04-10T13:00,Nordeste,1162,1167,5,90
2026-04-10T13:00,Sudeste,1671,1667,4,75
2026-04-10T13:00,Sul,1047,1067,2,55
2026-04-10T14:00,Norte,938,960,3,65
2026-04-10T14:00,Nordeste,1140,1160,5,90
2026-04-10T14:00,Sudeste,1630,1660,4,75
2026-04-10T14:00,Sul,1073,1060,2,55
2026-04-10T15:00,Norte,954,949,3,65
2026-04-10T15:00,Nordeste,1142,1149,5,90
2026-04-10T15:00,Sudeste,1662,1649,4,75
2026-04-10T15:00,Sul,1003,1049,2,55
2026-04-10T16:00,Norte,883,934,3,65
2026-04-10T16:00,Nordeste,1091,1134,5,90
2026-04-10T16:00,Sudeste,1633,1634,4,75
2026-04-10T16:00,Sul,995,1034,2,55
2026-04-10T17:00,Norte,855,918,3,65
2026-04-10T17:00,Nordeste,1111,1118,5,90
2026-04-10T17:00,Sudeste,1556,1618,4,75
2026-04-10T17:00,Sul,988,1018,2,55
2026-04-10T18:00,Norte,831,900,3,65
2026-04-10T18:00,Nordeste,1079,1100,5,90
2026-04-10T18:00,Sudeste,1558,1600,4,75
2026-04-10T18:00,Sul,970,1000,2,55
2026-04-10T19:00,Norte,838,900,3,65
2026-04-10T19:00,Nordeste,1033,1100,5,90
2026-04-10T19:00,Sudeste,1520,1600,4,75
2026-04-10T19:00,Sul,935,1000,2,55
2026-04-10T20:00,Norte,788,900,3,65
2026-04-10T20:00,Nordeste,1005,1100,5,90
2026-04-10T20:00,Sudeste,1493,1600,4,75
2026-04-10T20:00,Sul,884,1000,2,55
2026-04-10T21:00,Norte,762,900,3,65
2026-04-10T21:00,Nordeste,942,1100,5,90
2026-04-10T21:00,Sudeste,1471,1600,4,75
2026-04-10T21:00,Sul,838,1000,2,55
2026-04-10T22:00,Norte,755,900,3,65
2026-04-10T22:00,Nordeste,949,1100,5,90
2026-04-10T22:00,Sudeste,1432,1600,4,75
2026-04-10T22:00,Sul,817,1000,2,55
2026-04-10T23:00,Norte,702,900,3,65
2026-04-10T23:00,Nordeste,937,1100,5,90
2026-04-10T23:00,Sudeste,1409,1600,4,75
2026-04-10T23:00,Sul,790,1000,2,55
2026-04-11T00:00,Norte,700,900,3,65
2026-04-11T00:00,Nordeste,893,1100,5,90
2026-04-11T00:00,Sudeste,1381,1600,4,75
2026-04-11T00:00,Sul,822,1000,2,55
2026-04-11T01:00,Norte,692,900,3,65
2026-04-11T01:00,Nordeste,894,1100,5,90
2026-04-11T01:00,Sudeste,1372,1600,4,75
2026-04-11T01:00,Sul,786,1000,2,55
2026-04-11T02:00,Norte,670,900,3,65
2026-04-11T02:00,Nordeste,894,1100,5,90
2026-04-11T02:00,Sudeste,1411,1600,4,75
2026-04-11T02:00,Sul,794,1000,2,55
2026-04-11T03:00,Norte,690,900,3,65
2026-04-11T03:00,Nordeste,915,1100,5,90
2026-04-11T03:00,Sudeste,1408,1600,4,75
2026-04-11T03:00,Sul,787,1000,2,55
2026-04-11T04:00,Norte,753,900,3,65
2026-04-11T04:00,Nordeste,936,1100,5,90
2026-04-11T04:00,Sudeste,1441,1600,4,75
2026-04-11T04:00,Sul,851,1000,2,55
2026-04-11T05:00,Norte,772,900,3,65
2026-04-11T05:00,Nordeste,922,1100,5,90
2026-04-11T05:00,Sudeste,1481,1600,4,75
2026-04-11T05:00,Sul,870,1000,2,55
2026-04-11T06:00,Norte,761,900,3,65
2026-04-11T06:00,Nordeste,990,1100,5,90
2026-04-11T06:00,Sudeste,1474,1600,4,75
2026-04-11T06:00,Sul,896,1000,2,55
2026-04-11T07:00,Norte,803,918,3,65
2026-04-11T07:00,Nordeste,1008,1118,5,90
2026-04-11T07:00,Sudeste,1501,1618,4,75
2026-04-11T07:00,Sul,903,1018,2,55
2026-04-11T08:00,Norte,842,934,3,65
2026-04-11T08:00,Nordeste,1080,1134,5,90
2026-04-11T08:00,Sudeste,1555,1634,4,75
2026-04-11T08:00,Sul,970,1034,2,55
2026-04-11T09:00,Norte,886,949,3,65
2026-04-11T09:00,Nordeste,1092,1149,5,90
2026-04-11T09:00,Sudeste,1589,1649,4,75
2026-04-11T09:00,Sul,963,1049,2,55
2026-04-11T10:00,Norte,944,960,3,65
2026-04-11T10:00,Nordeste,1076,1160,5,90
2026-04-11T10:00,Sudeste,1596,1660,4,75
2026-04-11T10:00,Sul,1018,1060,2,55
2026-04-11T11:00,Norte,908,967,3,65
2026-04-11T11:00,Nordeste,1114,1167,5,90
2026-04-11T11:00,Sudeste,1653,1667,4,75
2026-04-11T11:00,Sul,1020,1067,2,55
2026-04-11T12:00,Norte,926,970,3,65
2026-04-11T12:00,Nordeste,1158,1170,5,90
2026-04-11T12:00,Sudeste,1663,1670,4,75
2026-04-11T12:00,Sul,1044,1070,2,55
2026-04-11T13:00,Norte,942,967,3,65
2026-04-11T13:00,Nordeste,1155,1167,5,90
2026-04-11T13:00,Sudeste,1652,1667,4,75
2026-04-11T13:00,Sul,1030,1067,2,55
2026-04-11T14:00,Norte,963,960,3,65
2026-04-11T14:00,Nordeste,1132,1160,5,90
2026-04-11T14:00,Sudeste,1613,1660,4,75
2026-04-11T14:00,Sul,1057,1060,2,55
2026-04-11T15:00,Norte,958,949,3,65
2026-04-11T15:00,Nordeste,1122,1149,5,90
2026-04-11T15:00,Sudeste,1602,1649,4,75
2026-04-11T15:00,Sul,1004,1049,2,55
2026-04-11T16:00,Norte,877,934,3,65
2026-04-11T16:00,Nordeste,1133,1134,5,90
2026-04-11T16:00,Sudeste,1589,1634,4,75
2026-04-11T16:00,Sul,1017,1034,2,55
2026-04-11T17:00,Norte,888,918,3,65
2026-04-11T17:00,Nordeste,1086,1118,5,90
2026-04-11T17:00,Sudeste,1594,1618,4,75
2026-04-11T17:00,Sul,952,1018,2,55
2026-04-11T18:00,Norte,882,900,3,65
2026-04-11T18:00,Nordeste,1059,1100,5,90
2026-04-11T18:00,Sudeste,1527,1600,4,75
2026-04-11T18:00,Sul,929,1000,2,55
2026-04-11T19:00,Norte,795,900,3,65
2026-04-11T19:00,Nordeste,1033,1100,5,90
2026-04-11T19:00,Sudeste,1489,1600,4,75
2026-04-11T19:00,Sul,954,1000,2,55
2026-04-11T20:00,Norte,794,900,3,65
2026-04-11T20:00,Nordeste,985,1100,5,90
2026-04-11T20:00,Sudeste,1491,1600,4,75
2026-04-11T20:00,Sul,862,1000,2,55
2026-04-11T21:00,Norte,778,900,3,65
2026-04-11T21:00,Nordeste,960,1100,5,90
2026-04-11T21:00,Sudeste,1490,1600,4,75
2026-04-11T21:00,Sul,891,1000,2,55
2026-04-11T22:00,Norte,695,900,3,65
2026-04-11T22:00,Nordeste,945,1100,5,90
2026-04-11T22:00,Sudeste,1423,1600,4,75
2026-04-11T22:00,Sul,849,1000,2,55
2026-04-11T23:00,Norte,696,900,3,65
2026-04-11T23:00,Nordeste,885,1100,5,90
2026-04-11T23:00,Sudeste,1379,1600,4,75
2026-04-11T23:00,Sul,824,1000,2,55
2026-04-12T00:00,Norte,709,900,3,65
2026-04-12T00:00,Nordeste,865,1100,5,90
2026-04-12T00:00,Sudeste,1415,1600,4,75
2026-04-12T00:00,Sul,805,1000,2,55
2026-04-12T01:00,Norte,657,900,3,65
2026-04-12T01:00,Nordeste,874,1100,5,90
2026-04-12T01:00,Sudeste,1414,1600,4,75
2026-04-12T01:00,Sul,786,1000,2,55
2026-04-12T02:00,Norte,727,900,3,65
2026-04-12T02:00,Nordeste,921,1100,5,90
2026-04-12T02:00,Sudeste,1372,1600,4,75
2026-04-12T02:00,Sul,813,1000,2,55
2026-04-12T03:00,Norte,675,900,3,65
2026-04-12T03:00,Nordeste,916,1100,5,90
2026-04-12T03:00,Sudeste,1394,1600,4,75
2026-04-12T03:00,Sul,821,1000,2,55
2026-04-12T04:00,Norte,757,900,3,65
2026-04-12T04:00,Nordeste,920,1100,5,90
2026-04-12T04:00,Sudeste,1427,1600,4,75
2026-04-12T04:00,Sul,815,1000,2,55
2026-04-12T05:00,Norte,786,900,3,65
2026-04-12T05:00,Nordeste,921,1100,5,90
2026-04-12T05:00,Sudeste,1440,1600,4,75
2026-04-12T05:00,Sul,859,1000,2,55
2026-04-12T06:00,Norte,787,900,3,65
2026-04-12T06:00,Nordeste,979,1100,5,90
2026-04-12T06:00,Sudeste,1503,1600,4,75
2026-04-12T06:00,Sul,873,1000,2,55
2026-04-12T07:00,Norte,852,918,3,65
2026-04-12T07:00,Nordeste,1034,1118,5,90
2026-04-12T07:00,Sudeste,1530,1618,4,75
2026-04-12T07:00,Sul,889,1018,2,55
2026-04-12T08:00,Norte,863,934,3,65
2026-04-12T08:00,Nordeste,1061,1134,5,90
2026-04-12T08:00,Sudeste,1567,1634,4,75
2026-04-12T08:00,Sul,962,1034,2,55
2026-04-12T09:00,Norte,855,949,3,65
2026-04-12T09:00,Nordeste,1066,1149,5,90
2026-04-12T09:00,Sudeste,1592,1649,4,75
2026-04-12T09:00,Sul,993,1049,2,55
2026-04-12T10:00,Norte,946,960,3,65
2026-04-12T10:00,Nordeste,1141,1160,5,90
2026-04-12T10:00,Sudeste,1635,1660,4,75
2026-04-12T10:00,Sul,979,1060,2,55
2026-04-12T11:00,Norte,943,967,3,65
2026-04-12T11:00,Nordeste,1166,1167,5,90
2026-04-12T11:00,Sudeste,1612,1667,4,75
2026-04-12T11:00,Sul,1060,1067,2,55
2026-04-12T12:00,Norte,940,970,3,65
2026-04-12T12:00,Nordeste,1147,1170,5,90
2026-04-12T12:00,Sudeste,1661,1670,4,75
2026-04-12T12:00,Sul,1076,1070,2,55
2026-04-12T13:00,Norte,940,967,3,65
2026-04-12T13:00,Nordeste,1165,1167,5,90
2026-04-12T13:00,Sudeste,1615,1667,4,75
2026-04-12T13:00,Sul,1017,1067,2,55
2026-04-12T14:00,Norte,928,960,3,65
2026-04-12T14:00,Nordeste,1112,1160,5,90
2026-04-12T14:00,Sudeste,1633,1660,4,75
2026-04-12T14:00,Sul,1010,1060,2,55
2026-04-12T15:00,Norte,929,949,3,65
2026-04-12T15:00,Nordeste,1128,1149,5,90
2026-04-12T15:00,Sudeste,1652,1649,4,75
2026-04-12T15:00,Sul,1010,1049,2,55
2026-04-12T16:00,Norte,880,934,3,65
2026-04-12T16:00,Nordeste,1120,1134,5,90
2026-04-12T16:00,Sudeste,1614,1634,4,75
2026-04-12T16:00,Sul,989,1034,2,55
2026-04-12T17:00,Norte,909,918,3,65
2026-04-12T17:00,Nordeste,1079,1118,5,90
2026-04-12T17:00,Sudeste,1568,1618,4,75
2026-04-12T17:00,Sul,983,1018,2,55
2026-04-12T18:00,Norte,818,900,3,65
2026-04-12T18:00,Nordeste,1033,1100,5,90
2026-04-12T18:00,Sudeste,1552,1600,4,75
2026-04-12T18:00,Sul,971,1000,2,55
2026-04-12T19:00,Norte,834,900,3,65
2026-04-12T19:00,Nordeste,996,1100,5,90
2026-04-12T19:00,Sudeste,1542,1600,4,75
2026-04-12T19:00,Sul,947,1000,2,55
2026-04-12T20:00,Norte,800,900,3,65
2026-04-12T20:00,Nordeste,986,1100,5,90
2026-04-12T20:00,Sudeste,1504,1600,4,75
2026-04-12T20:00,Sul,885,1000,2,55
2026-04-12T21:00,Norte,743,900,3,65
2026-04-12T21:00,Nordeste,943,1100,5,90
2026-04-12T21:00,Sudeste,1491,1600,4,75
2026-04-12T21:00,Sul,844,1000,2,55
2026-04-12T22:00,Norte,722,900,3,65
2026-04-12T22:00,Nordeste,920,1100,5,90
2026-04-12T22:00,Sudeste,1449,1600,4,75
2026-04-12T22:00,Sul,807,1000,2,55
2026-04-12T23:00,Norte,695,900,3,65
2026-04-12T23:00,Nordeste,943,1100,5,90
2026-04-12T23:00,Sudeste,1418,1600,4,75
2026-04-12T23:00,Sul,799,1000,2,55
2026-04-13T00:00,Norte,722,900,3,65
2026-04-13T00:00,Nordeste,930,1100,5,90
2026-04-13T00:00,Sudeste,1368,1600,4,75
2026-04-13T00:00,Sul,810,1000,2,55
2026-04-13T01:00,Norte,667,900,3,65
2026-04-13T01:00,Nordeste,901,1100,5,90
2026-04-13T01:00,Sudeste,1391,1600,4,75
2026-04-13T01:00,Sul,810,1000,2,55
2026-04-13T02:00,Norte,670,900,3,65
2026-04-13T02:00,Nordeste,910,1100,5,90
2026-04-13T02:00,Sudeste,1381,1600,4,75
2026-04-13T02:00,Sul,778,1000,2,55
2026-04-13T03:00,Norte,686,900,3,65
2026-04-13T03:00,Nordeste,884,1100,5,90
2026-04-13T03:00,Sudeste,1426,1600,4,75
2026-04-13T03:00,Sul,812,1000,2,55
2026-04-13T04:00,Norte,744,900,3,65
2026-04-13T04:00,Nordeste,932,1100,5,90
2026-04-13T04:00,Sudeste,1421,1600,4,75
2026-04-13T04:00,Sul,852,1000,2,55
2026-04-13T05:00,Norte,744,900,3,65
2026-04-13T05:00,Nordeste,989,1100,5,90
2026-04-13T05:00,Sudeste,1491,1600,4,75
2026-04-13T05:00,Sul,861,1000,2,55
2026-04-13T06:00,Norte,806,900,3,65
2026-04-13T06:00,Nordeste,971,1100,5,90
2026-04-13T06:00,Sudeste,1505,1600,4,75
2026-04-13T06:00,Sul,904,1000,2,55
2026-04-13T07:00,Norte,814,918,3,65
2026-04-13T07:00,Nordeste,991,1118,5,90
2026-04-13T07:00,Sudeste,1542,1618,4,75
2026-04-13T07:00,Sul,933,1018,2,55
2026-04-13T08:00,Norte,865,934,3,65
2026-04-13T08:00,Nordeste,1034,1134,5,90
2026-04-13T08:00,Sudeste,1544,1634,4,75
2026-04-13T08:00,Sul,964,1034,2,55
2026-04-13T09:00,Norte,861,949,3,65
2026-04-13T09:00,Nordeste,1073,1149,5,90
2026-04-13T09:00,Sudeste,1609,1649,4,75
2026-04-13T09:00,Sul,981,1049,2,55
2026-04-13T10:00,Norte,898,960,3,65
2026-04-13T10:00,Nordeste,1123,1160,5,90
2026-04-13T10:00,Sudeste,1622,1660,4,75
2026-04-13T10:00,Sul,995,1060,2,55
2026-04-13T11:00,Norte,926,967,3,65
2026-04-13T11:00,Nordeste,1144,1167,5,90
2026-04-13T11:00,Sudeste,1634,1667,4,75
2026-04-13T11:00,Sul,1038,1067,2,55
2026-04-13T12:00,Norte,942,970,3,65
2026-04-13T12:00,Nordeste,1157,1170,5,90
2026-04-13T12:00,Sudeste,1672,1670,4,75
2026-04-13T12:00,Sul,1062,1070,2,55
2026-04-13T13:00,Norte,954,967,3,65
2026-04-13T13:00,Nordeste,1128,1167,5,90
2026-04-13T13:00,Sudeste,1651,1667,4,75
2026-04-13T13:00,Sul,1075,1067,2,55
2026-04-13T14:00,Norte,910,960,3,65
2026-04-13T14:00,Nordeste,1123,1160,5,90
2026-04-13T14:00,Sudeste,1641,1660,4,75
2026-04-13T14:00,Sul,1076,1060,2,55
2026-04-13T15:00,Norte,963,949,3,65
2026-04-13T15:00,Nordeste,1161,1149,5,90
2026-04-13T15:00,Sudeste,1658,1649,4,75
2026-04-13T15:00,Sul,1015,1049,2,55
2026-04-13T16:00,Norte,944,934,3,65
2026-04-13T16:00,Nordeste,1081,1134,5,90
2026-04-13T16:00,Sudeste,1590,1634,4,75
2026-04-13T16:00,Sul,1035,1034,2,55
2026-04-13T17:00,Norte,865,918,3,65
2026-04-13T17:00,Nordeste,1115,1118,5,90
2026-04-13T17:00,Sudeste,1568,1618,4,75
2026-04-13T17:00,Sul,1015,1018,2,55
2026-04-13T18:00,Norte,843,900,3,65
2026-04-13T18:00,Nordeste,1082,1100,5,90
2026-04-13T18:00,Sudeste,1558,1600,4,75
2026-04-13T18:00,Sul,963,1000,2,55
2026-04-13T19:00,Norte,844,900,3,65
2026-04-13T19:00,Nordeste,1032,1100,5,90
2026-04-13T19:00,Sudeste,1533,1600,4,75
2026-04-13T19:00,Sul,951,1000,2,55
2026-04-13T20:00,Norte,802,900,3,65
2026-04-13T20:00,Nordeste,1000,1100,5,90
2026-04-13T20:00,Sudeste,1506,1600,4,75
2026-04-13T20:00,Sul,879,1000,2,55
2026-04-13T21:00,Norte,755,900,3,65
2026-04-13T21:00,Nordeste,924,1100,5,90
2026-04-13T21:00,Sudeste,1422,1600,4,75
2026-04-13T21:00,Sul,875,1000,2,55
2026-04-13T22:00,Norte,741,900,3,65
2026-04-13T22:00,Nordeste,962,1100,5,90
2026-04-13T22:00,Sudeste,1422,1600,4,75
2026-04-13T22:00,Sul,820,1000,2,55
2026-04-13T23:00,Norte,696,900,3,65
2026-04-13T23:00,Nordeste,929,1100,5,90
2026-04-13T23:00,Sudeste,1393,1600,4,75
2026-04-13T23:00,Sul,827,1000,2,55
2026-04-14T00:00,Norte,695,900,3,65
2026-04-14T00:00,Nordeste,921,1100,5,90
2026-04-14T00:00,Sudeste,1364,1600,4,75
2026-04-14T00:00,Sul,760,1000,2,55
2026-04-14T01:00,Norte,668,900,3,65
2026-04-14T01:00,Nordeste,907,1100,5,90
2026-04-14T01:00,Sudeste,1366,1600,4,75
2026-04-14T01:00,Sul,812,1000,2,55
2026-04-14T02:00,Norte,714,900,3,65
2026-04-14T02:00,Nordeste,907,1100,5,90
2026-04-14T02:00,Sudeste,1426,1600,4,75
2026-04-14T02:00,Sul,765,1000,2,55
2026-04-14T03:00,Norte,710,900,3,65
2026-04-14T03:00,Nordeste,877,1100,5,90
2026-04-14T03:00,Sudeste,1437,1600,4,75
2026-04-14T03:00,Sul,787,1000,2,55
2026-04-14T04:00,Norte,764,900,3,65
2026-04-14T04:00,Nordeste,921,1100,5,90
2026-04-14T04:00,Sudeste,1405,1600,4,75
2026-04-14T04:00,Sul,843,1000,2,55
2026-04-14T05:00,Norte,777,900,3,65
2026-04-14T05:00,Nordeste,921,1100,5,90
2026-04-14T05:00,Sudeste,1442,1600,4,75
2026-04-14T05:00,Sul,824,1000,2,55
2026-04-14T06:00,Norte,815,900,3,65
2026-04-14T06:00,Nordeste,1014,1100,5,90
2026-04-14T06:00,Sudeste,1454,1600,4,75
2026-04-14T06:00,Sul,887,1000,2,55
2026-04-14T07:00,Norte,818,918,3,65
2026-04-14T07:00,Nordeste,1026,1118,5,90
2026-04-14T07:00,Sudeste,1530,1618,4,75
2026-04-14T07:00,Sul,928,1018,2,55
2026-04-14T08:00,Norte,841,934,3,65
2026-04-14T08:00,Nordeste,1084,1134,5,90
2026-04-14T08:00,Sudeste,1551,1634,4,75
2026-04-14T08:00,Sul,942,1034,2,55
2026-04-14T09:00,Norte,868,949,3,65
2026-04-14T09:00,Nordeste,1118,1149,5,90
2026-04-14T09:00,Sudeste,1605,1649,4,75
2026-04-14T09:00,Sul,978,1049,2,55
2026-04-14T10:00,Norte,936,960,3,65
2026-04-14T10:00,Nordeste,1095,1160,5,90
2026-04-14T10:00,Sudeste,1627,1660,4,75
2026-04-14T10:00,Sul,1032,1060,2,55
2026-04-14T11:00,Norte,910,967,3,65
2026-04-14T11:00,Nordeste,1159,1167,5,90
2026-04-14T11:00,Sudeste,1601,1667,4,75
2026-04-14T11:00,Sul,1062,1067,2,55
2026-04-14T12:00,Norte,912,970,3,65
2026-04-14T12:00,Nordeste,1158,1170,5,90
2026-04-14T12:00,Sudeste,1614,1670,4,75
2026-04-14T12:00,Sul,1015,1070,2,55
2026-04-14T13:00,Norte,927,967,3,65
2026-04-14T13:00,Nordeste,1180,1167,5,90
2026-04-14T13:00,Sudeste,1666,1667,4,75
2026-04-14T13:00,Sul,1074,1067,2,55
2026-04-14T14:00,Norte,920,960,3,65
2026-04-14T14:00,Nordeste,1128,1160,5,90
2026-04-14T14:00,Sudeste,1657,1660,4,75
2026-04-14T14:00,Sul,1053,1060,2,55
2026-04-14T15:00,Norte,951,949,3,65
2026-04-14T15:00,Nordeste,1097,1149,5,90
2026-04-14T15:00,Sudeste,1603,1649,4,75
2026-04-14T15:00,Sul,1035,1049,2,55
2026-04-14T16:00,Norte,876,934,3,65
2026-04-14T16:00,Nordeste,1136,1134,5,90
2026-04-14T16:00,Sudeste,1608,1634,4,75
2026-04-14T16:00,Sul,1010,1034,2,55
2026-04-14T17:00,Norte,878,918,3,65
2026-04-14T17:00,Nordeste,1093,1118,5,90
2026-04-14T17:00,Sudeste,1619,1618,4,75
2026-04-14T17:00,Sul,989,1018,2,55
2026-04-14T18:00,Norte,882,900,3,65
2026-04-14T18:00,Nordeste,1082,1100,5,90
2026-04-14T18:00,Sudeste,1580,1600,4,75
2026-04-14T18:00,Sul,954,1000,2,55
2026-04-14T19:00,Norte,808,900,3,65
2026-04-14T19:00,Nordeste,1044,1100,5,90
2026-04-14T19:00,Sudeste,1489,1600,4,75
2026-04-14T19:00,Sul,890,1000,2,55
2026-04-14T20:00,Norte,798,900,3,65
2026-04-14T20:00,Nordeste,993,1100,5,90
2026-04-14T20:00,Sudeste,1514,1600,4,75
2026-04-14T20:00,Sul,874,1000,2,55
2026-04-14T21:00,Norte,751,900,3,65
2026-04-14T21:00,Nordeste,935,1100,5,90
2026-04-14T21:00,Sudeste,1451,1600,4,75
2026-04-14T21:00,Sul,831,1000,2,55
2026-04-14T22:00,Norte,741,900,3,65
2026-04-14T22:00,Nordeste,906,1100,5,90
2026-04-14T22:00,Sudeste,1440,1600,4,75
2026-04-14T22:00,Sul,807,1000,2,55
2026-04-14T23:00,Norte,680,900,3,65
2026-04-14T23:00,Nordeste,929,1100,5,90
2026-04-14T23:00,Sudeste,1401,1600,4,75
2026-04-14T23:00,Sul,808,1000,2,55
2026-04-15T00:00,Norte,718,900,3,65
2026-04-15T00:00,Nordeste,929,1100,5,90
2026-04-15T00:00,Sudeste,1360,1600,4,75
2026-04-15T00:00,Sul,812,1000,2,55
2026-04-15T01:00,Norte,704,900,3,65
2026-04-15T01:00,Nordeste,891,1100,5,90
2026-04-15T01:00,Sudeste,1379,1600,4,75
2026-04-15T01:00,Sul,759,1000,2,55
2026-04-15T02:00,Norte,695,900,3,65
2026-04-15T02:00,Nordeste,918,1100,5,90
2026-04-15T02:00,Sudeste,1367,1600,4,75
2026-04-15T02:00,Sul,767,1000,2,55
2026-04-15T03:00,Norte,695,900,3,65
2026-04-15T03:00,Nordeste,888,1100,5,90
2026-04-15T03:00,Sudeste,1396,1600,4,75
2026-04-15T03:00,Sul,836,1000,2,55
2026-04-15T04:00,Norte,709,900,3,65
2026-04-15T04:00,Nordeste,956,1100,5,90
2026-04-15T04:00,Sudeste,1422,1600,4,75
2026-04-15T04:00,Sul,833,1000,2,55
2026-04-15T05:00,Norte,746,900,3,65
2026-04-15T05:00,Nordeste,927,1100,5,90
2026-04-15T05:00,Sudeste,1469,1600,4,75
2026-04-15T05:00,Sul,845,1000,2,55
2026-04-15T06:00,Norte,769,900,3,65
2026-04-15T06:00,Nordeste,1015,1100,5,90
2026-04-15T06:00,Sudeste,1456,1600,4,75
2026-04-15T06:00,Sul,907,1000,2,55
2026-04-15T07:00,Norte,805,918,3,65
2026-04-15T07:00,Nordeste,1033,1118,5,90
2026-04-15T07:00,Sudeste,1553,1618,4,75
2026-04-15T07:00,Sul,946,1018,2,55
2026-04-15T08:00,Norte,866,934,3,65
2026-04-15T08:00,Nordeste,1060,1134,5,90
2026-04-15T08:00,Sudeste,1543,1634,4,75
2026-04-15T08:00,Sul,924,1034,2,55
2026-04-15T09:00,Norte,863,949,3,65
2026-04-15T09:00,Nordeste,1073,1149,5,90
2026-04-15T09:00,Sudeste,1552,1649,4,75
2026-04-15T09:00,Sul,956,1049,2,55
2026-04-15T10:00,Norte,879,960,3,65
2026-04-15T10:00,Nordeste,1105,1160,5,90
2026-04-15T10:00,Sudeste,1631,1660,4,75
2026-04-15T10:00,Sul,1023,1060,2,55
2026-04-15T11:00,Norte,917,967,3,65
2026-04-15T11:00,Nordeste,1135,1167,5,90
2026-04-15T11:00,Sudeste,1634,1667,4,75
2026-04-15T11:00,Sul,1038,1067,2,55
2026-04-15T12:00,Norte,921,970,3,65
2026-04-15T12:00,Nordeste,1137,1170,5,90
2026-04-15T12:00,Sudeste,1669,1670,4,75
2026-04-15T12:00,Sul,1049,1070,2,55
2026-04-15T13:00,Norte,939,967,3,65
2026-04-15T13:00,Nordeste,1153,1167,5,90
2026-04-15T13:00,Sudeste,1642,1667,4,75
2026-04-15T13:00,Sul,1028,1067,2,55
2026-04-15T14:00,Norte,964,960,3,65
2026-04-15T14:00,Nordeste,1176,1160,5,90
2026-04-15T14:00,Sudeste,1667,1660,4,75
2026-04-15T14:00,Sul,1045,1060,2,55
2026-04-15T15:00,Norte,902,949,3,65
2026-04-15T15:00,Nordeste,1164,1149,5,90
2026-04-15T15:00,Sudeste,1613,1649,4,75
2026-04-15T15:00,Sul,1028,1049,2,55
2026-04-15T16:00,Norte,919,934,3,65
2026-04-15T16:00,Nordeste,1140,1134,5,90
2026-04-15T16:00,Sudeste,1625,1634,4,75
2026-04-15T16:00,Sul,976,1034,2,55
2026-04-15T17:00,Norte,909,918,3,65
2026-04-15T17:00,Nordeste,1096,1118,5,90
2026-04-15T17:00,Sudeste,1550,1618,4,75
2026-04-15T17:00,Sul,1004,1018,2,55
2026-04-15T18:00,Norte,828,900,3,65
2026-04-15T18:00,Nordeste,1054,1100,5,90
2026-04-15T18:00,Sudeste,1588,1600,4,75
2026-04-15T18:00,Sul,966,1000,2,55
2026-04-15T19:00,Norte,785,900,3,65
2026-04-15T19:00,Nordeste,1006,1100,5,90
2026-04-15T19:00,Sudeste,1499,1600,4,75
2026-04-15T19:00,Sul,889,1000,2,55
2026-04-15T20:00,Norte,763,900,3,65
2026-04-15T20:00,Nordeste,1012,1100,5,90
2026-04-15T20:00,Sudeste,1516,1600,4,75
2026-04-15T20:00,Sul,896,1000,2,55
2026-04-15T21:00,Norte,749,900,3,65
2026-04-15T21:00,Nordeste,987,1100,5,90
2026-04-15T21:00,Sudeste,1473,1600,4,75
2026-04-15T21:00,Sul,860,1000,2,55
2026-04-15T22:00,Norte,724,900,3,65
2026-04-15T22:00,Nordeste,905,1100,5,90
2026-04-15T22:00,Sudeste,1409,1600,4,75
2026-04-15T22:00,Sul,824,1000,2,55
2026-04-15T23:00,Norte,718,900,3,65
2026-04-15T23:00,Nordeste,921,1100,5,90
2026-04-15T23:00,Sudeste,1413,1600,4,75
2026-04-15T23:00,Sul,806,1000,2,55
2026-04-16T00:00,Norte,687,900,3,65
2026-04-16T00:00,Nordeste,918,1100,5,90
2026-04-16T00:00,Sudeste,1393,1600,4,75
2026-04-16T00:00,Sul,775,1000,2,55
2026-04-16T01:00,Norte,674,900,3,65
2026-04-16T01:00,Nordeste,894,1100,5,90
2026-04-16T01:00,Sudeste,1412,1600,4,75
2026-04-16T01:00,Sul,798,1000,2,55
2026-04-16T02:00,Norte,726,900,3,65
2026-04-16T02:00,Nordeste,898,1100,5,90
2026-04-16T02:00,Sudeste,1383,1600,4,75
2026-04-16T02:00,Sul,794,1000,2,55
2026-04-16T03:00,Norte,687,900,3,65
2026-04-16T03:00,Nordeste,936,1100,5,90
2026-04-16T03:00,Sudeste,1443,1600,4,75
2026-04-16T03:00,Sul,781,1000,2,55
2026-04-16T04:00,Norte,706,900,3,65
2026-04-16T04:00,Nordeste,943,1100,5,90
2026-04-16T04:00,Sudeste,1418,1600,4,75
2026-04-16T04:00,Sul,845,1000,2,55
2026-04-16T05:00,Norte,788,900,3,65
2026-04-16T05:00,Nordeste,928,1100,5,90
2026-04-16T05:00,Sudeste,1464,1600,4,75
2026-04-16T05:00,Sul,857,1000,2,55
2026-04-16T06:00,Norte,803,900,3,65
2026-04-16T06:00,Nordeste,965,1100,5,90
2026-04-16T06:00,Sudeste,1500,1600,4,75
2026-04-16T06:00,Sul,914,1000,2,55
2026-04-16T07:00,Norte,802,918,3,65
2026-04-16T07:00,Nordeste,1036,1118,5,90
2026-04-16T07:00,Sudeste,1529,1618,4,75
2026-04-16T07:00,Sul,933,1018,2,55
2026-04-16T08:00,Norte,860,934,3,65
2026-04-16T08:00,Nordeste,1044,1134,5,90
2026-04-16T08:00,Sudeste,1524,1634,4,75
2026-04-16T08:00,Sul,934,1034,2,55
2026-04-16T09:00,Norte,861,949,3,65
2026-04-16T09:00,Nordeste,1079,1149,5,90
2026-04-16T09:00,Sudeste,1612,1649,4,75
2026-04-16T09:00,Sul,1013,1049,2,55
2026-04-16T10:00,Norte,877,960,3,65
2026-04-16T10:00,Nordeste,1121,1160,5,90
2026-04-16T10:00,Sudeste,1612,1660,4,75
2026-04-16T10:00,Sul,1030,1060,2,55
2026-04-16T11:00,Norte,967,967,3,65
2026-04-16T11:00,Nordeste,1152,1167,5,90
2026-04-16T11:00,Sudeste,1662,1667,4,75
2026-04-16T11:00,Sul,1040,1067,2,55
2026-04-16T12:00,Norte,957,970,3,65
2026-04-16T12:00,Nordeste,1179,1170,5,90
2026-04-16T12:00,Sudeste,1679,1670,4,75
2026-04-16T12:00,Sul,1079,1070,2,55
2026-04-16T13:00,Norte,923,967,3,65
2026-04-16T13:00,Nordeste,1135,1167,5,90
2026-04-16T13:00,Sudeste,1630,1667,4,75
2026-04-16T13:00,Sul,1039,1067,2,55
2026-04-16T14:00,Norte,953,960,3,65
2026-04-16T14:00,Nordeste,1142,1160,5,90
2026-04-16T14:00,Sudeste,1627,1660,4,75
2026-04-16T14:00,Sul,1079,1060,2,55
2026-04-16T15:00,Norte,929,949,3,65
2026-04-16T15:00,Nordeste,1111,1149,5,90
2026-04-16T15:00,Sudeste,1608,1649,4,75
2026-04-16T15:00,Sul,997,1049,2,55
2026-04-16T16:00,Norte,899,934,3,65
2026-04-16T16:00,Nordeste,1127,1134,5,90
2026-04-16T16:00,Sudeste,1617,1634,4,75
2026-04-16T16:00,Sul,1028,1034,2,55
2026-04-16T17:00,Norte,876,918,3,65
2026-04-16T17:00,Nordeste,1066,1118,5,90
2026-04-16T17:00,Sudeste,1578,1618,4,75
2026-04-16T17:00,Sul,995,1018,2,55
2026-04-16T18:00,Norte,869,900,3,65
2026-04-16T18:00,Nordeste,1018,1100,5,90
2026-04-16T18:00,Sudeste,1566,1600,4,75
2026-04-16T18:00,Sul,921,1000,2,55
2026-04-16T19:00,Norte,787,900,3,65
2026-04-16T19:00,Nordeste,1005,1100,5,90
2026-04-16T19:00,Sudeste,1554,1600,4,75
2026-04-16T19:00,Sul,920,1000,2,55
2026-04-16T20:00,Norte,766,900,3,65
2026-04-16T20:00,Nordeste,998,1100,5,90
2026-04-16T20:00,Sudeste,1508,1600,4,75
2026-04-16T20:00,Sul,856,1000,2,55
2026-04-16T21:00,Norte,737,900,3,65
2026-04-16T21:00,Nordeste,981,1100,5,90
2026-04-16T21:00,Sudeste,1446,1600,4,75
2026-04-16T21:00,Sul,873,1000,2,55
2026-04-16T22:00,Norte,753,900,3,65
2026-04-16T22:00,Nordeste,953,1100,5,90
2026-04-16T22:00,Sudeste,1435,1600,4,75
2026-04-16T22:00,Sul,858,1000,2,55
2026-04-16T23:00,Norte,701,900,3,65
2026-04-16T23:00,Nordeste,883,1100,5,90
2026-04-16T23:00,Sudeste,1393,1600,4,75
2026-04-16T23:00,Sul,838,1000,2,55
2026-04-17T00:00,Norte,696,900,3,65
2026-04-17T00:00,Nordeste,880,1100,5,90
2026-04-17T00:00,Sudeste,1428,1600,4,75
2026-04-17T00:00,Sul,792,1000,2,55
2026-04-17T01:00,Norte,686,900,3,65
2026-04-17T01:00,Nordeste,885,1100,5,90
2026-04-17T01:00,Sudeste,1424,1600,4,75
2026-04-17T01:00,Sul,769,1000,2,55
2026-04-17T02:00,Norte,662,900,3,65
2026-04-17T02:00,Nordeste,904,1100,5,90
2026-04-17T02:00,Sudeste,1412,1600,4,75
2026-04-17T02:00,Sul,774,1000,2,55
2026-04-17T03:00,Norte,742,900,3,65
2026-04-17T03:00,Nordeste,900,1100,5,90
2026-04-17T03:00,Sudeste,1412,1600,4,75
2026-04-17T03:00,Sul,820,1000,2,55
2026-04-17T04:00,Norte,761,900,3,65
2026-04-17T04:00,Nordeste,921,1100,5,90
2026-04-17T04:00,Sudeste,1423,1600,4,75
2026-04-17T04:00,Sul,808,1000,2,55
2026-04-17T05:00,Norte,738,900,3,65
2026-04-17T05:00,Nordeste,944,1100,5,90
2026-04-17T05:00,Sudeste,1441,1600,4,75
2026-04-17T05:00,Sul,859,1000,2,55
2026-04-17T06:00,Norte,773,900,3,65
2026-04-17T06:00,Nordeste,993,1100,5,90
2026-04-17T06:00,Sudeste,1505,1600,4,75
2026-04-17T06:00,Sul,855,1000,2,55
2026-04-17T07:00,Norte,787,918,3,65
2026-04-17T07:00,Nordeste,1025,1118,5,90
2026-04-17T07:00,Sudeste,1553,1618,4,75
2026-04-17T07:00,Sul,905,1018,2,55
2026-04-17T08:00,Norte,848,934,3,65
2026-04-17T08:00,Nordeste,1021,1134,5,90
2026-04-17T08:00,Sudeste,1563,1634,4,75
2026-04-17T08:00,Sul,968,1034,2,55
2026-04-17T09:00,Norte,898,949,3,65
2026-04-17T09:00,Nordeste,1088,1149,5,90
2026-04-17T09:00,Sudeste,1601,1649,4,75
2026-04-17T09:00,Sul,977,1049,2,55
2026-04-17T10:00,Norte,888,960,3,65
2026-04-17T10:00,Nordeste,1096,1160,5,90
2026-04-17T10:00,Sudeste,1633,1660,4,75
2026-04-17T10:00,Sul,994,1060,2,55
2026-04-17T11:00,Norte,917,967,3,65
2026-04-17T11:00,Nordeste,1167,1167,5,90
2026-04-17T11:00,Sudeste,1614,1667,4,75
2026-04-17T11:00,Sul,1000,1067,2,55
2026-04-17T12:00,Norte,931,970,3,65
2026-04-17T12:00,Nordeste,1170,1170,5,90
2026-04-17T12:00,Sudeste,1675,1670,4,75
2026-04-17T12:00,Sul,1061,1070,2,55
2026-04-17T13:00,Norte,919,967,3,65
2026-04-17T13:00,Nordeste,1148,1167,5,90
2026-04-17T13:00,Sudeste,1653,1667,4,75
2026-04-17T13:00,Sul,1064,1067,2,55
2026-04-17T14:00,Norte,948,960,3,65
2026-04-17T14:00,Nordeste,1178,1160,5,90
2026-04-17T14:00,Sudeste,1656,1660,4,75
2026-04-17T14:00,Sul,1011,1060,2,55
2026-04-17T15:00,Norte,963,949,3,65
2026-04-17T15:00,Nordeste,1104,1149,5,90
2026-04-17T15:00,Sudeste,1601,1649,4,75
2026-04-17T15:00,Sul,1025,1049,2,55
2026-04-17T16:00,Norte,885,934,3,65
2026-04-17T16:00,Nordeste,1099,1134,5,90
2026-04-17T16:00,Sudeste,1595,1634,4,75
2026-04-17T16:00,Sul,1027,1034,2,55
2026-04-17T17:00,Norte,878,918,3,65
2026-04-17T17:00,Nordeste,1105,1118,5,90
2026-04-17T17:00,Sudeste,1603,1618,4,75
2026-04-17T17:00,Sul,1008,1018,2,55
2026-04-17T18:00,Norte,823,900,3,65
2026-04-17T18:00,Nordeste,1077,1100,5,90
2026-04-17T18:00,Sudeste,1532,1600,4,75
2026-04-17T18:00,Sul,951,1000,2,55
2026-04-17T19:00,Norte,786,900,3,65
2026-04-17T19:00,Nordeste,1014,1100,5,90
2026-04-17T19:00,Sudeste,1524,1600,4,75
2026-04-17T19:00,Sul,893,1000,2,55
2026-04-17T20:00,Norte,815,900,3,65
2026-04-17T20:00,Nordeste,998,1100,5,90
2026-04-17T20:00,Sudeste,1474,1600,4,75
2026-04-17T20:00,Sul,859,1000,2,55
2026-04-17T21:00,Norte,741,900,3,65
2026-04-17T21:00,Nordeste,952,1100,5,90
2026-04-17T21:00,Sudeste,1479,1600,4,75
2026-04-17T21:00,Sul,845,1000,2,55
2026-04-17T22:00,Norte,746,900,3,65
2026-04-17T22:00,Nordeste,944,1100,5,90
2026-04-17T22:00,Sudeste,1416,1600,4,75
2026-04-17T22:00,Sul,820,1000,2,55
2026-04-17T23:00,Norte,730,900,3,65
2026-04-17T23:00,Nordeste,931,1100,5,90
2026-04-17T23:00,Sudeste,1418,1600,4,75
2026-04-17T23:00,Sul,826,1000,2,55
2026-04-18T00:00,Norte,684,900,3,65
2026-04-18T00:00,Nordeste,897,1100,5,90
2026-04-18T00:00,Sudeste,1401,1600,4,75
2026-04-18T00:00,Sul,771,1000,2,55
2026-04-18T01:00,Norte,698,900,3,65
2026-04-18T01:00,Nordeste,907,1100,5,90
2026-04-18T01:00,Sudeste,1372,1600,4,75
2026-04-18T01:00,Sul,759,1000,2,55
2026-04-18T02:00,Norte,684,900,3,65
2026-04-18T02:00,Nordeste,860,1100,5,90
2026-04-18T02:00,Sudeste,1379,1600,4,75
2026-04-18T02:00,Sul,805,1000,2,55
2026-04-18T03:00,Norte,734,900,3,65
2026-04-18T03:00,Nordeste,934,1100,5,90
2026-04-18T03:00,Sudeste,1383,1600,4,75
2026-04-18T03:00,Sul,840,1000,2,55
2026-04-18T04:00,Norte,697,900,3,65
2026-04-18T04:00,Nordeste,901,1100,5,90
2026-04-18T04:00,Sudeste,1446,1600,4,75
2026-04-18T04:00,Sul,811,1000,2,55
2026-04-18T05:00,Norte,734,900,3,65
2026-04-18T05:00,Nordeste,964,1100,5,90
2026-04-18T05:00,Sudeste,1437,1600,4,75
2026-04-18T05:00,Sul,850,1000,2,55
2026-04-18T06:00,Norte,792,900,3,65
2026-04-18T06:00,Nordeste,1011,1100,5,90
2026-04-18T06:00,Sudeste,1490,1600,4,75
2026-04-18T06:00,Sul,865,1000,2,55
2026-04-18T07:00,Norte,801,918,3,65
2026-04-18T07:00,Nordeste,1053,1118,5,90
2026-04-18T07:00,Sudeste,1499,1618,4,75
2026-04-18T07:00,Sul,919,1018,2,55
2026-04-18T08:00,Norte,851,934,3,65
2026-04-18T08:00,Nordeste,1073,1134,5,90
2026-04-18T08:00,Sudeste,1586,1634,4,75
2026-04-18T08:00,Sul,957,1034,2,55
2026-04-18T09:00,Norte,857,949,3,65
2026-04-18T09:00,Nordeste,1056,1149,5,90
2026-04-18T09:00,Sudeste,1555,1649,4,75
2026-04-18T09:00,Sul,960,1049,2,55
2026-04-18T10:00,Norte,883,960,3,65
2026-04-18T10:00,Nordeste,1106,1160,5,90
2026-04-18T10:00,Sudeste,1609,1660,4,75
2026-04-18T10:00,Sul,998,1060,2,55
2026-04-18T11:00,Norte,945,967,3,65
2026-04-18T11:00,Nordeste,1107,1167,5,90
2026-04-18T11:00,Sudeste,1612,1667,4,75
2026-04-18T11:00,Sul,998,1067,2,55
2026-04-18T12:00,Norte,980,970,3,65
2026-04-18T12:00,Nordeste,1113,1170,5,90
2026-04-18T12:00,Sudeste,1632,1670,4,75
2026-04-18T12:00,Sul,1062,1070,2,55
2026-04-18T13:00,Norte,945,967,3,65
2026-04-18T13:00,Nordeste,1119,1167,5,90
2026-04-18T13:00,Sudeste,1664,1667,4,75
2026-04-18T13:00,Sul,1024,1067,2,55
2026-04-18T14:00,Norte,945,960,3,65
2026-04-18T14:00,Nordeste,1160,1160,5,90
2026-04-18T14:00,Sudeste,1633,1660,4,75
2026-04-18T14:00,Sul,1039,1060,2,55
2026-04-18T15:00,Norte,957,949,3,65
2026-04-18T15:00,Nordeste,1161,1149,5,90
2026-04-18T15:00,Sudeste,1621,1649,4,75
2026-04-18T15:00,Sul,1060,1049,2,55
2026-04-18T16:00,Norte,891,934,3,65
2026-04-18T16:00,Nordeste,1081,1134,5,90
2026-04-18T16:00,Sudeste,1613,1634,4,75
2026-04-18T16:00,Sul,1040,1034,2,55
2026-04-18T17:00,Norte,874,918,3,65
2026-04-18T17:00,Nordeste,1091,1118,5,90
2026-04-18T17:00,Sudeste,1604,1618,4,75
2026-04-18T17:00,Sul,963,1018,2,55
2026-04-18T18:00,Norte,828,900,3,65
2026-04-18T18:00,Nordeste,1021,1100,5,90
2026-04-18T18:00,Sudeste,1535,1600,4,75
2026-04-18T18:00,Sul,981,1000,2,55
2026-04-18T19:00,Norte,819,900,3,65
2026-04-18T19:00,Nordeste,1053,1100,5,90
2026-04-18T19:00,Sudeste,1520,1600,4,75
2026-04-18T19:00,Sul,909,1000,2,55
2026-04-18T20:00,Norte,791,900,3,65
2026-04-18T20:00,Nordeste,1021,1100,5,90
2026-04-18T20:00,Sudeste,1509,1600,4,75
2026-04-18T20:00,Sul,865,1000,2,55
2026-04-18T21:00,Norte,736,900,3,65
2026-04-18T21:00,Nordeste,946,1100,5,90
2026-04-18T21:00,Sudeste,1452,1600,4,75
2026-04-18T21:00,Sul,877,1000,2,55
2026-04-18T22:00,Norte,748,900,3,65
2026-04-18T22:00,Nordeste,899,1100,5,90
2026-04-18T22:00,Sudeste,1403,1600,4,75
2026-04-18T22:00,Sul,811,1000,2,55
2026-04-18T23:00,Norte,740,900,3,65
2026-04-18T23:00,Nordeste,912,1100,5,90
2026-04-18T23:00,Sudeste,1420,1600,4,75
2026-04-18T23:00,Sul,788,1000,2,55
2026-04-19T00:00,Norte,719,900,3,65
2026-04-19T00:00,Nordeste,886,1100,5,90
2026-04-19T00:00,Sudeste,1362,1600,4,75
2026-04-19T00:00,Sul,800,1000,2,55
2026-04-19T01:00,Norte,692,900,3,65
2026-04-19T01:00,Nordeste,913,1100,5,90
2026-04-19T01:00,Sudeste,1398,1600,4,75
2026-04-19T01:00,Sul,775,1000,2,55
2026-04-19T02:00,Norte,688,900,3,65
2026-04-19T02:00,Nordeste,889,1100,5,90
2026-04-19T02:00,Sudeste,1422,1600,4,75
2026-04-19T02:00,Sul,800,1000,2,55
2026-04-19T03:00,Norte,678,900,3,65
2026-04-19T03:00,Nordeste,911,1100,5,90
2026-04-19T03:00,Sudeste,1424,1600,4,75
2026-04-19T03:00,Sul,779,1000,2,55
2026-04-19T04:00,Norte,722,900,3,65
2026-04-19T04:00,Nordeste,911,1100,5,90
2026-04-19T04:00,Sudeste,1395,1600,4,75
2026-04-19T04:00,Sul,864,1000,2,55
2026-04-19T05:00,Norte,760,900,3,65
2026-04-19T05:00,Nordeste,944,1100,5,90
2026-04-19T05:00,Sudeste,1455,1600,4,75
2026-04-19T05:00,Sul,849,1000,2,55
2026-04-19T06:00,Norte,817,900,3,65
2026-04-19T06:00,Nordeste,994,1100,5,90
2026-04-19T06:00,Sudeste,1496,1600,4,75
2026-04-19T06:00,Sul,895,1000,2,55
2026-04-19T07:00,Norte,845,918,3,65
2026-04-19T07:00,Nordeste,1005,1118,5,90
2026-04-19T07:00,Sudeste,1510,1618,4,75
2026-04-19T07:00,Sul,886,1018,2,55
2026-04-19T08:00,Norte,825,934,3,65
2026-04-19T08:00,Nordeste,1057,1134,5,90
2026-04-19T08:00,Sudeste,1540,1634,4,75
2026-04-19T08:00,Sul,935,1034,2,55
2026-04-19T09:00,Norte,896,949,3,65
2026-04-19T09:00,Nordeste,1087,1149,5,90
2026-04-19T09:00,Sudeste,1595,1649,4,75
2026-04-19T09:00,Sul,987,1049,2,55
2026-04-19T10:00,Norte,931,960,3,65
2026-04-19T10:00,Nordeste,1129,1160,5,90
2026-04-19T10:00,Sudeste,1580,1660,4,75
2026-04-19T10:00,Sul,1043,1060,2,55
2026-04-19T11:00,Norte,907,967,3,65
2026-04-19T11:00,Nordeste,1165,1167,5,90
2026-04-19T11:00,Sudeste,1615,1667,4,75
2026-04-19T11:00,Sul,1007,1067,2,55
2026-04-19T12:00,Norte,924,970,3,65
2026-04-19T12:00,Nordeste,1143,1170,5,90
2026-04-19T12:00,Sudeste,1651,1670,4,75
2026-04-19T12:00,Sul,1069,1070,2,55
2026-04-19T13:00,Norte,941,967,3,65
2026-04-19T13:00,Nordeste,1150,1167,5,90
2026-04-19T13:00,Sudeste,1635,1667,4,75
2026-04-19T13:00,Sul,1046,1067,2,55
2026-04-19T14:00,Norte,930,960,3,65
2026-04-19T14:00,Nordeste,1172,1160,5,90
2026-04-19T14:00,Sudeste,1670,1660,4,75
2026-04-19T14:00,Sul,1054,1060,2,55
2026-04-19T15:00,Norte,939,949,3,65
2026-04-19T15:00,Nordeste,1149,1149,5,90
2026-04-19T15:00,Sudeste,1658,1649,4,75
2026-04-19T15:00,Sul,1044,1049,2,55
2026-04-19T16:00,Norte,876,934,3,65
2026-04-19T16:00,Nordeste,1090,1134,5,90
2026-04-19T16:00,Sudeste,1618,1634,4,75
2026-04-19T16:00,Sul,1046,1034,2,55
2026-04-19T17:00,Norte,887,918,3,65
2026-04-19T17:00,Nordeste,1110,1118,5,90
2026-04-19T17:00,Sudeste,1574,1618,4,75
2026-04-19T17:00,Sul,1003,1018,2,55
2026-04-19T18:00,Norte,870,900,3,65
2026-04-19T18:00,Nordeste,1080,1100,5,90
2026-04-19T18:00,Sudeste,1537,1600,4,75
2026-04-19T18:00,Sul,982,1000,2,55
2026-04-19T19:00,Norte,853,900,3,65
2026-04-19T19:00,Nordeste,1010,1100,5,90
2026-04-19T19:00,Sudeste,1552,1600,4,75
2026-04-19T19:00,Sul,943,1000,2,55
2026-04-19T20:00,Norte,791,900,3,65
2026-04-19T20:00,Nordeste,955,1100,5,90
2026-04-19T20:00,Sudeste,1505,1600,4,75
2026-04-19T20:00,Sul,858,1000,2,55
2026-04-19T21:00,Norte,753,900,3,65
2026-04-19T21:00,Nordeste,947,1100,5,90
2026-04-19T21:00,Sudeste,1464,1600,4,75
2026-04-19T21:00,Sul,876,1000,2,55
2026-04-19T22:00,Norte,712,900,3,65
2026-04-19T22:00,Nordeste,924,1100,5,90
2026-04-19T22:00,Sudeste,1396,1600,4,75
2026-04-19T22:00,Sul,854,1000,2,55
2026-04-19T23:00,Norte,742,900,3,65
2026-04-19T23:00,Nordeste,907,1100,5,90
2026-04-19T23:00,Sudeste,1412,1600,4,75
2026-04-19T23:00,Sul,815,1000,2,55
2026-04-20T00:00,Norte,702,900,3,65
2026-04-20T00:00,Nordeste,929,1100,5,90
2026-04-20T00:00,Sudeste,1415,1600,4,75
2026-04-20T00:00,Sul,786,1000,2,55
2026-04-20T01:00,Norte,671,900,3,65
2026-04-20T01:00,Nordeste,880,1100,5,90
2026-04-20T01:00,Sudeste,1403,1600,4,75
2026-04-20T01:00,Sul,808,1000,2,55
2026-04-20T02:00,Norte,697,900,3,65
2026-04-20T02:00,Nordeste,904,1100,5,90
2026-04-20T02:00,Sudeste,1361,1600,4,75
2026-04-20T02:00,Sul,812,1000,2,55
2026-04-20T03:00,Norte,677,900,3,65
2026-04-20T03:00,Nordeste,879,1100,5,90
2026-04-20T03:00,Sudeste,1410,1600,4,75
2026-04-20T03:00,Sul,836,1000,2,55
2026-04-20T04:00,Norte,716,900,3,65
2026-04-20T04:00,Nordeste,927,1100,5,90
2026-04-20T04:00,Sudeste,1438,1600,4,75
2026-04-20T04:00,Sul,860,1000,2,55
2026-04-20T05:00,Norte,788,900,3,65
2026-04-20T05:00,Nordeste,938,1100,5,90
2026-04-20T05:00,Sudeste,1430,1600,4,75
2026-04-20T05:00,Sul,841,1000,2,55
2026-04-20T06:00,Norte,754,900,3,65
2026-04-20T06:00,Nordeste,984,1100,5,90
2026-04-20T06:00,Sudeste,1466,1600,4,75
2026-04-20T06:00,Sul,875,1000,2,55
2026-04-20T07:00,Norte,846,918,3,65
2026-04-20T07:00,Nordeste,1055,1118,5,90
2026-04-20T07:00,Sudeste,1533,1618,4,75
2026-04-20T07:00,Sul,943,1018,2,55
2026-04-20T08:00,Norte,821,934,3,65
2026-04-20T08:00,Nordeste,1073,1134,5,90
2026-04-20T08:00,Sudeste,1544,1634,4,75
2026-04-20T08:00,Sul,977,1034,2,55
2026-04-20T09:00,Norte,882,949,3,65
2026-04-20T09:00,Nordeste,1068,1149,5,90
2026-04-20T09:00,Sudeste,1584,1649,4,75
2026-04-20T09:00,Sul,1008,1049,2,55
2026-04-20T10:00,Norte,925,960,3,65
2026-04-20T10:00,Nordeste,1076,1160,5,90
2026-04-20T10:00,Sudeste,1623,1660,4,75
2026-04-20T10:00,Sul,1023,1060,2,55
2026-04-20T11:00,Norte,924,967,3,65
2026-04-20T11:00,Nordeste,1162,1167,5,90
2026-04-20T11:00,Sudeste,1651,1667,4,75
2026-04-20T11:00,Sul,1001,1067,2,55
2026-04-20T12:00,Norte,924,970,3,65
2026-04-20T12:00,Nordeste,1155,1170,5,90
2026-04-20T12:00,Sudeste,1620,1670,4,75
2026-04-20T12:00,Sul,1036,1070,2,55
2026-04-20T13:00,Norte,976,967,3,65
2026-04-20T13:00,Nordeste,1165,1167,5,90
2026-04-20T13:00,Sudeste,1670,1667,4,75
2026-04-20T13:00,Sul,1040,1067,2,55
2026-04-20T14:00,Norte,959,960,3,65
2026-04-20T14:00,Nordeste,1123,1160,5,90
2026-04-20T14:00,Sudeste,1646,1660,4,75
2026-04-20T14:00,Sul,1031,1060,2,55
2026-04-20T15:00,Norte,916,949,3,65
2026-04-20T15:00,Nordeste,1155,1149,5,90
2026-04-20T15:00,Sudeste,1641,1649,4,75
2026-04-20T15:00,Sul,1045,1049,2,55
2026-04-20T16:00,Norte,919,934,3,65
2026-04-20T16:00,Nordeste,1095,1134,5,90
2026-04-20T16:00,Sudeste,1594,1634,4,75
2026-04-20T16:00,Sul,988,1034,2,55
2026-04-20T17:00,Norte,904,918,3,65
2026-04-20T17:00,Nordeste,1106,1118,5,90
2026-04-20T17:00,Sudeste,1574,1618,4,75
2026-04-20T17:00,Sul,955,1018,2,55
2026-04-20T18:00,Norte,877,900,3,65
2026-04-20T18:00,Nordeste,1075,1100,5,90
2026-04-20T18:00,Sudeste,1534,1600,4,75
2026-04-20T18:00,Sul,957,1000,2,55
2026-04-20T19:00,Norte,808,900,3,65
2026-04-20T19:00,Nordeste,1020,1100,5,90
2026-04-20T19:00,Sudeste,1547,1600,4,75
2026-04-20T19:00,Sul,946,1000,2,55
2026-04-20T20:00,Norte,818,900,3,65
2026-04-20T20:00,Nordeste,966,1100,5,90
2026-04-20T20:00,Sudeste,1484,1600,4,75
2026-04-20T20:00,Sul,915,1000,2,55
2026-04-20T21:00,Norte,757,900,3,65
2026-04-20T21:00,Nordeste,949,1100,5,90
2026-04-20T21:00,Sudeste,1453,1600,4,75
2026-04-20T21:00,Sul,851,1000,2,55
2026-04-20T22:00,Norte,710,900,3,65
2026-04-20T22:00,Nordeste,909,1100,5,90
2026-04-20T22:00,Sudeste,1398,1600,4,75
2026-04-20T22:00,Sul,823,1000,2,55
2026-04-20T23:00,Norte,716,900,3,65
2026-04-20T23:00,Nordeste,914,1100,5,90
2026-04-20T23:00,Sudeste,1399,1600,4,75
2026-04-20T23:00,Sul,773,1000,2,55
2026-04-21T00:00,Norte,722,900,3,65
2026-04-21T00:00,Nordeste,900,1100,5,90
2026-04-21T00:00,Sudeste,1421,1600,4,75
2026-04-21T00:00,Sul,815,1000,2,55
2026-04-21T01:00,Norte,662,900,3,65
2026-04-21T01:00,Nordeste,924,1100,5,90
2026-04-21T01:00,Sudeste,1385,1600,4,75
2026-04-21T01:00,Sul,786,1000,2,55
2026-04-21T02:00,Norte,727,900,3,65
2026-04-21T02:00,Nordeste,890,1100,5,90
2026-04-21T02:00,Sudeste,1369,1600,4,75
2026-04-21T02:00,Sul,818,1000,2,55
2026-04-21T03:00,Norte,724,900,3,65
2026-04-21T03:00,Nordeste,876,1100,5,90
2026-04-21T03:00,Sudeste,1384,1600,4,75
2026-04-21T03:00,Sul,835,1000,2,55
2026-04-21T04:00,Norte,713,900,3,65
2026-04-21T04:00,Nordeste,950,1100,5,90
2026-04-21T04:00,Sudeste,1451,1600,4,75
2026-04-21T04:00,Sul,831,1000,2,55
2026-04-21T05:00,Norte,781,900,3,65
2026-04-21T05:00,Nordeste,984,1100,5,90
2026-04-21T05:00,Sudeste,1490,1600,4,75
2026-04-21T05:00,Sul,870,1000,2,55
2026-04-21T06:00,Norte,822,900,3,65
2026-04-21T06:00,Nordeste,1010,1100,5,90
2026-04-21T06:00,Sudeste,1455,1600,4,75
2026-04-21T06:00,Sul,900,1000,2,55
2026-04-21T07:00,Norte,812,918,3,65
2026-04-21T07:00,Nordeste,1020,1118,5,90
2026-04-21T07:00,Sudeste,1538,1618,4,75
2026-04-21T07:00,Sul,947,1018,2,55
2026-04-21T08:00,Norte,880,934,3,65
2026-04-21T08:00,Nordeste,1070,1134,5,90
2026-04-21T08:00,Sudeste,1555,1634,4,75
2026-04-21T08:00,Sul,976,1034,2,55
2026-04-21T09:00,Norte,884,949,3,65
2026-04-21T09:00,Nordeste,1113,1149,5,90
2026-04-21T09:00,Sudeste,1588,1649,4,75
2026-04-21T09:00,Sul,978,1049,2,55
2026-04-21T10:00,Norte,940,960,3,65
2026-04-21T10:00,Nordeste,1109,1160,5,90
2026-04-21T10:00,Sudeste,1629,1660,4,75
2026-04-21T10:00,Sul,1018,1060,2,55
2026-04-21T11:00,Norte,909,967,3,65
2026-04-21T11:00,Nordeste,1150,1167,5,90
2026-04-21T11:00,Sudeste,1621,1667,4,75
2026-04-21T11:00,Sul,1028,1067,2,55
2026-04-21T12:00,Norte,944,970,3,65
2026-04-21T12:00,Nordeste,1136,1170,5,90
2026-04-21T12:00,Sudeste,1638,1670,4,75
2026-04-21T12:00,Sul,1058,1070,2,55
2026-04-21T13:00,Norte,920,967,3,65
2026-04-21T13:00,Nordeste,1170,1167,5,90
2026-04-21T13:00,Sudeste,1647,1667,4,75
2026-04-21T13:00,Sul,1015,1067,2,55
2026-04-21T14:00,Norte,962,960,3,65
2026-04-21T14:00,Nordeste,1150,1160,5,90
2026-04-21T14:00,Sudeste,1636,1660,4,75
2026-04-21T14:00,Sul,1037,1060,2,55
2026-04-21T15:00,Norte,939,949,3,65
2026-04-21T15:00,Nordeste,1160,1149,5,90
2026-04-21T15:00,Sudeste,1608,1649,4,75
2026-04-21T15:00,Sul,1040,1049,2,55
2026-04-21T16:00,Norte,882,934,3,65
2026-04-21T16:00,Nordeste,1135,1134,5,90
2026-04-21T16:00,Sudeste,1637,1634,4,75
2026-04-21T16:00,Sul,991,1034,2,55
2026-04-21T17:00,Norte,908,918,3,65
2026-04-21T17:00,Nordeste,1077,1118,5,90
2026-04-21T17:00,Sudeste,1573,1618,4,75
2026-04-21T17:00,Sul,1009,1018,2,55
2026-04-21T18:00,Norte,859,900,3,65
2026-04-21T18:00,Nordeste,1035,1100,5,90
2026-04-21T18:00,Sudeste,1520,1600,4,75
2026-04-21T18:00,Sul,963,1000,2,55
2026-04-21T19:00,Norte,788,900,3,65
2026-04-21T19:00,Nordeste,1026,1100,5,90
2026-04-21T19:00,Sudeste,1509,1600,4,75
2026-04-21T19:00,Sul,900,1000,2,55
2026-04-21T20:00,Norte,796,900,3,65
2026-04-21T20:00,Nordeste,1019,1100,5,90
2026-04-21T20:00,Sudeste,1511,1600,4,75
2026-04-21T20:00,Sul,890,1000,2,55
2026-04-21T21:00,Norte,727,900,3,65
2026-04-21T21:00,Nordeste,924,1100,5,90
2026-04-21T21:00,Sudeste,1465,1600,4,75
2026-04-21T21:00,Sul,873,1000,2,55
2026-04-21T22:00,Norte,728,900,3,65
2026-04-21T22:00,Nordeste,941,1100,5,90
2026-04-21T22:00,Sudeste,1428,1600,4,75
2026-04-21T22:00,Sul,831,1000,2,55
2026-04-21T23:00,Norte,729,900,3,65
2026-04-21T23:00,Nordeste,901,1100,5,90
2026-04-21T23:00,Sudeste,1378,1600,4,75
2026-04-21T23:00,Sul,798,1000,2,55
2026-04-22T00:00,Norte,725,900,3,65
2026-04-22T00:00,Nordeste,899,1100,5,90
2026-04-22T00:00,Sudeste,1382,1600,4,75
2026-04-22T00:00,Sul,775,1000,2,55
2026-04-22T01:00,Norte,710,900,3,65
2026-04-22T01:00,Nordeste,923,1100,5,90
2026-04-22T01:00,Sudeste,1402,1600,4,75
2026-04-22T01:00,Sul,821,1000,2,55
2026-04-22T02:00,Norte,701,900,3,65
2026-04-22T02:00,Nordeste,888,1100,5,90
2026-04-22T02:00,Sudeste,1366,1600,4,75
2026-04-22T02:00,Sul,779,1000,2,55
2026-04-22T03:00,Norte,702,900,3,65
2026-04-22T03:00,Nordeste,907,1100,5,90
2026-04-22T03:00,Sudeste,1434,1600,4,75
2026-04-22T03:00,Sul,838,1000,2,55
2026-04-22T04:00,Norte,747,900,3,65
2026-04-22T04:00,Nordeste,928,1100,5,90
2026-04-22T04:00,Sudeste,1421,1600,4,75
2026-04-22T04:00,Sul,815,1000,2,55
2026-04-22T05:00,Norte,731,900,3,65
2026-04-22T05:00,Nordeste,928,1100,5,90
2026-04-22T05:00,Sudeste,1429,1600,4,75
2026-04-22T05:00,Sul,863,1000,2,55
2026-04-22T06:00,Norte,760,900,3,65
2026-04-22T06:00,Nordeste,971,1100,5,90
2026-04-22T06:00,Sudeste,1470,1600,4,75
2026-04-22T06:00,Sul,918,1000,2,55
2026-04-22T07:00,Norte,793,918,3,65
2026-04-22T07:00,Nordeste,1021,1118,5,90
2026-04-22T07:00,Sudeste,1489,1618,4,75
2026-04-22T07:00,Sul,920,1018,2,55
2026-04-22T08:00,Norte,884,934,3,65
2026-04-22T08:00,Nordeste,1054,1134,5,90
2026-04-22T08:00,Sudeste,1531,1634,4,75
2026-04-22T08:00,Sul,921,1034,2,55
2026-04-22T09:00,Norte,887,949,3,65
2026-04-22T09:00,Nordeste,1096,1149,5,90
2026-04-22T09:00,Sudeste,1575,1649,4,75
2026-04-22T09:00,Sul,999,1049,2,55
2026-04-22T10:00,Norte,904,960,3,65
2026-04-22T10:00,Nordeste,1128,1160,5,90
2026-04-22T10:00,Sudeste,1645,1660,4,75
2026-04-22T10:00,Sul,1005,1060,2,55
2026-04-22T11:00,Norte,898,967,3,65
2026-04-22T11:00,Nordeste,1128,1167,5,90
2026-04-22T11:00,Sudeste,1649,1667,4,75
2026-04-22T11:00,Sul,1061,1067,2,55
2026-04-22T12:00,Norte,957,970,3,65
2026-04-22T12:00,Nordeste,1138,1170,5,90
2026-04-22T12:00,Sudeste,1664,1670,4,75
2026-04-22T12:00,Sul,1016,1070,2,55
2026-04-22T13:00,Norte,936,967,3,65
2026-04-22T13:00,Nordeste,1148,1167,5,90
2026-04-22T13:00,Sudeste,1683,1667,4,75
2026-04-22T13:00,Sul,1027,1067,2,55
2026-04-22T14:00,Norte,963,960,3,65
2026-04-22T14:00,Nordeste,1164,1160,5,90
2026-04-22T14:00,Sudeste,1678,1660,4,75
2026-04-22T14:00,Sul,1030,1060,2,55
2026-04-22T15:00,Norte,941,949,3,65
2026-04-22T15:00,Nordeste,1102,1149,5,90
2026-04-22T15:00,Sudeste,1665,1649,4,75
2026-04-22T15:00,Sul,1048,1049,2,55
2026-04-22T16:00,Norte,900,934,3,65
2026-04-22T16:00,Nordeste,1090,1134,5,90
2026-04-22T16:00,Sudeste,1618,1634,4,75
2026-04-22T16:00,Sul,1029,1034,2,55
2026-04-22T17:00,Norte,867,918,3,65
2026-04-22T17:00,Nordeste,1060,1118,5,90
2026-04-22T17:00,Sudeste,1601,1618,4,75
2026-04-22T17:00,Sul,984,1018,2,55
2026-04-22T18:00,Norte,837,900,3,65
2026-04-22T18:00,Nordeste,1036,1100,5,90
2026-04-22T18:00,Sudeste,1555,1600,4,75
2026-04-22T18:00,Sul,965,1000,2,55
2026-04-22T19:00,Norte,850,900,3,65
2026-04-22T19:00,Nordeste,1020,1100,5,90
2026-04-22T19:00,Sudeste,1504,1600,4,75
2026-04-22T19:00,Sul,949,1000,2,55
2026-04-22T20:00,Norte,759,900,3,65
2026-04-22T20:00,Nordeste,1008,1100,5,90
2026-04-22T20:00,Sudeste,1509,1600,4,75
2026-04-22T20:00,Sul,909,1000,2,55
2026-04-22T21:00,Norte,751,900,3,65
2026-04-22T21:00,Nordeste,967,1100,5,90
2026-04-22T21:00,Sudeste,1477,1600,4,75
2026-04-22T21:00,Sul,871,1000,2,55
2026-04-22T22:00,Norte,753,900,3,65
2026-04-22T22:00,Nordeste,948,1100,5,90
2026-04-22T22:00,Sudeste,1449,1600,4,75
2026-04-22T22:00,Sul,846,1000,2,55
2026-04-22T23:00,Norte,688,900,3,65
2026-04-22T23:00,Nordeste,925,1100,5,90
2026-04-22T23:00,Sudeste,1435,1600,4,75
2026-04-22T23:00,Sul,795,1000,2,55
2026-04-23T00:00,Norte,686,900,3,65
2026-04-23T00:00,Nordeste,923,1100,5,90
2026-04-23T00:00,Sudeste,1389,1600,4,75
2026-04-23T00:00,Sul,791,1000,2,55
2026-04-23T01:00,Norte,702,900,3,65
2026-04-23T01:00,Nordeste,889,1100,5,90
2026-04-23T01:00,Sudeste,1413,1600,4,75
2026-04-23T01:00,Sul,792,1000,2,55
2026-04-23T02:00,Norte,675,900,3,65
2026-04-23T02:00,Nordeste,910,1100,5,90
2026-04-23T02:00,Sudeste,1404,1600,4,75
2026-04-23T02:00,Sul,786,1000,2,55
2026-04-23T03:00,Norte,678,900,3,65
2026-04-23T03:00,Nordeste,932,1100,5,90
2026-04-23T03:00,Sudeste,1433,1600,4,75
2026-04-23T03:00,Sul,837,1000,2,55
2026-04-23T04:00,Norte,722,900,3,65
2026-04-23T04:00,Nordeste,930,1100,5,90
2026-04-23T04:00,Sudeste,1448,1600,4,75
2026-04-23T04:00,Sul,810,1000,2,55
2026-04-23T05:00,Norte,758,900,3,65
2026-04-23T05:00,Nordeste,925,1100,5,90
2026-04-23T05:00,Sudeste,1457,1600,4,75
2026-04-23T05:00,Sul,826,1000,2,55
2026-04-23T06:00,Norte,753,900,3,65
2026-04-23T06:00,Nordeste,960,1100,5,90
2026-04-23T06:00,Sudeste,1482,1600,4,75
2026-04-23T06:00,Sul,908,1000,2,55
2026-04-23T07:00,Norte,794,918,3,65
2026-04-23T07:00,Nordeste,1012,1118,5,90
2026-04-23T07:00,Sudeste,1550,1618,4,75
2026-04-23T07:00,Sul,916,1018,2,55
2026-04-23T08:00,Norte,826,934,3,65
2026-04-23T08:00,Nordeste,1022,1134,5,90
2026-04-23T08:00,Sudeste,1542,1634,4,75
2026-04-23T08:00,Sul,939,1034,2,55
2026-04-23T09:00,Norte,849,949,3,65
2026-04-23T09:00,Nordeste,1078,1149,5,90
2026-04-23T09:00,Sudeste,1570,1649,4,75
2026-04-23T09:00,Sul,953,1049,2,55
2026-04-23T10:00,Norte,895,960,3,65
2026-04-23T10:00,Nordeste,1091,1160,5,90
2026-04-23T10:00,Sudeste,1640,1660,4,75
2026-04-23T10:00,Sul,1024,1060,2,55
2026-04-23T11:00,Norte,953,967,3,65
2026-04-23T11:00,Nordeste,1134,1167,5,90
2026-04-23T11:00,Sudeste,1604,1667,4,75
2026-04-23T11:00,Sul,1022,1067,2,55
2026-04-23T12:00,Norte,971,970,3,65
2026-04-23T12:00,Nordeste,1122,1170,5,90
2026-04-23T12:00,Sudeste,1648,1670,4,75
2026-04-23T12:00,Sul,1035,1070,2,55
2026-04-23T13:00,Norte,939,967,3,65
2026-04-23T13:00,Nordeste,1173,1167,5,90
2026-04-23T13:00,Sudeste,1658,1667,4,75
2026-04-23T13:00,Sul,1059,1067,2,55
2026-04-23T14:00,Norte,920,960,3,65
2026-04-23T14:00,Nordeste,1147,1160,5,90
2026-04-23T14:00,Sudeste,1653,1660,4,75
2026-04-23T14:00,Sul,1080,1060,2,55
2026-04-23T15:00,Norte,923,949,3,65
2026-04-23T15:00,Nordeste,1113,1149,5,90
2026-04-23T15:00,Sudeste,1626,1649,4,75
2026-04-23T15:00,Sul,1024,1049,2,55
2026-04-23T16:00,Norte,886,934,3,65
2026-04-23T16:00,Nordeste,1088,1134,5,90
2026-04-23T16:00,Sudeste,1607,1634,4,75
2026-04-23T16:00,Sul,1021,1034,2,55
2026-04-23T17:00,Norte,896,918,3,65
2026-04-23T17:00,Nordeste,1051,1118,5,90
2026-04-23T17:00,Sudeste,1582,1618,4,75
2026-04-23T17:00,Sul,1018,1018,2,55
2026-04-23T18:00,Norte,886,900,3,65
2026-04-23T18:00,Nordeste,1074,1100,5,90
2026-04-23T18:00,Sudeste,1540,1600,4,75
2026-04-23T18:00,Sul,968,1000,2,55
2026-04-23T19:00,Norte,792,900,3,65
2026-04-23T19:00,Nordeste,1044,1100,5,90
2026-04-23T19:00,Sudeste,1546,1600,4,75
2026-04-23T19:00,Sul,931,1000,2,55
2026-04-23T20:00,Norte,801,900,3,65
2026-04-23T20:00,Nordeste,980,1100,5,90
2026-04-23T20:00,Sudeste,1498,1600,4,75
2026-04-23T20:00,Sul,898,1000,2,55
2026-04-23T21:00,Norte,729,900,3,65
2026-04-23T21:00,Nordeste,972,1100,5,90
2026-04-23T21:00,Sudeste,1425,1600,4,75
2026-04-23T21:00,Sul,862,1000,2,55
2026-04-23T22:00,Norte,762,900,3,65
2026-04-23T22:00,Nordeste,905,1100,5,90
2026-04-23T22:00,Sudeste,1451,1600,4,75
2026-04-23T22:00,Sul,838,1000,2,55
2026-04-23T23:00,Norte,732,900,3,65
2026-04-23T23:00,Nordeste,916,1100,5,90
2026-04-23T23:00,Sudeste,1417,1600,4,75
2026-04-23T23:00,Sul,804,1000,2,55
2026-04-24T00:00,Norte,712,900,3,65
2026-04-24T00:00,Nordeste,907,1100,5,90
2026-04-24T00:00,Sudeste,1375,1600,4,75
2026-04-24T00:00,Sul,819,1000,2,55
2026-04-24T01:00,Norte,703,900,3,65
2026-04-24T01:00,Nordeste,921,1100,5,90
2026-04-24T01:00,Sudeste,1391,1600,4,75
2026-04-24T01:00,Sul,788,1000,2,55
2026-04-24T02:00,Norte,681,900,3,65
2026-04-24T02:00,Nordeste,883,1100,5,90
2026-04-24T02:00,Sudeste,1424,1600,4,75
2026-04-24T02:00,Sul,773,1000,2,55
2026-04-24T03:00,Norte,721,900,3,65
2026-04-24T03:00,Nordeste,925,1100,5,90
2026-04-24T03:00,Sudeste,1378,1600,4,75
2026-04-24T03:00,Sul,828,1000,2,55
2026-04-24T04:00,Norte,747,900,3,65
2026-04-24T04:00,Nordeste,924,1100,5,90
2026-04-24T04:00,Sudeste,1433,1600,4,75
2026-04-24T04:00,Sul,806,1000,2,55
2026-04-24T05:00,Norte,777,900,3,65
2026-04-24T05:00,Nordeste,939,1100,5,90
2026-04-24T05:00,Sudeste,1467,1600,4,75
2026-04-24T05:00,Sul,882,1000,2,55
2026-04-24T06:00,Norte,810,900,3,65
2026-04-24T06:00,Nordeste,960,1100,5,90
2026-04-24T06:00,Sudeste,1501,1600,4,75
2026-04-24T06:00,Sul,894,1000,2,55
2026-04-24T07:00,Norte,834,918,3,65
2026-04-24T07:00,Nordeste,1041,1118,5,90
2026-04-24T07:00,Sudeste,1496,1618,4,75
2026-04-24T07:00,Sul,949,1018,2,55
2026-04-24T08:00,Norte,847,934,3,65
2026-04-24T08:00,Nordeste,1062,1134,5,90
2026-04-24T08:00,Sudeste,1558,1634,4,75
2026-04-24T08:00,Sul,921,1034,2,55
2026-04-24T09:00,Norte,874,949,3,65
2026-04-24T09:00,Nordeste,1115,1149,5,90
2026-04-24T09:00,Sudeste,1591,1649,4,75
2026-04-24T09:00,Sul,983,1049,2,55
2026-04-24T10:00,Norte,880,960,3,65
2026-04-24T10:00,Nordeste,1098,1160,5,90
2026-04-24T10:00,Sudeste,1614,1660,4,75
2026-04-24T10:00,Sul,1046,1060,2,55
2026-04-24T11:00,Norte,942,967,3,65
2026-04-24T11:00,Nordeste,1126,1167,5,90
2026-04-24T11:00,Sudeste,1641,1667,4,75
2026-04-24T11:00,Sul,1029,1067,2,55
2026-04-24T12:00,Norte,935,970,3,65
2026-04-24T12:00,Nordeste,1146,1170,5,90
2026-04-24T12:00,Sudeste,1675,1670,4,75
2026-04-24T12:00,Sul,1037,1070,2,55
2026-04-24T13:00,Norte,984,967,3,65
2026-04-24T13:00,Nordeste,1127,1167,5,90
2026-04-24T13:00,Sudeste,1673,1667,4,75
2026-04-24T13:00,Sul,1015,1067,2,55
2026-04-24T14:00,Norte,978,960,3,65
2026-04-24T14:00,Nordeste,1125,1160,5,90
2026-04-24T14:00,Sudeste,1640,1660,4,75
2026-04-24T14:00,Sul,1049,1060,2,55
2026-04-24T15:00,Norte,917,949,3,65
2026-04-24T15:00,Nordeste,1151,1149,5,90
2026-04-24T15:00,Sudeste,1617,1649,4,75
2026-04-24T15:00,Sul,1019,1049,2,55
2026-04-24T16:00,Norte,937,934,3,65
2026-04-24T16:00,Nordeste,1133,1134,5,90
2026-04-24T16:00,Sudeste,1607,1634,4,75
2026-04-24T16:00,Sul,1042,1034,2,55
2026-04-24T17:00,Norte,898,918,3,65
2026-04-24T17:00,Nordeste,1093,1118,5,90
2026-04-24T17:00,Sudeste,1556,1618,4,75
2026-04-24T17:00,Sul,976,1018,2,55
2026-04-24T18:00,Norte,865,900,3,65
2026-04-24T18:00,Nordeste,1037,1100,5,90
2026-04-24T18:00,Sudeste,1566,1600,4,75
2026-04-24T18:00,Sul,949,1000,2,55
2026-04-24T19:00,Norte,843,900,3,65
2026-04-24T19:00,Nordeste,1021,1100,5,90
2026-04-24T19:00,Sudeste,1547,1600,4,75
2026-04-24T19:00,Sul,888,1000,2,55
2026-04-24T20:00,Norte,817,900,3,65
2026-04-24T20:00,Nordeste,977,1100,5,90
2026-04-24T20:00,Sudeste,1473,1600,4,75
2026-04-24T20:00,Sul,885,1000,2,55
2026-04-24T21:00,Norte,735,900,3,65
2026-04-24T21:00,Nordeste,958,1100,5,90
2026-04-24T21:00,Sudeste,1475,1600,4,75
2026-04-24T21:00,Sul,837,1000,2,55
2026-04-24T22:00,Norte,731,900,3,65
2026-04-24T22:00,Nordeste,955,1100,5,90
2026-04-24T22:00,Sudeste,1414,1600,4,75
2026-04-24T22:00,Sul,846,1000,2,55
2026-04-24T23:00,Norte,728,900,3,65
2026-04-24T23:00,Nordeste,930,1100,5,90
2026-04-24T23:00,Sudeste,1404,1600,4,75
2026-04-24T23:00,Sul,823,1000,2,55
2026-04-25T00:00,Norte,669,900,3,65
2026-04-25T00:00,Nordeste,887,1100,5,90
2026-04-25T00:00,Sudeste,1362,1600,4,75
2026-04-25T00:00,Sul,772,1000,2,55
2026-04-25T01:00,Norte,702,900,3,65
2026-04-25T01:00,Nordeste,874,1100,5,90
2026-04-25T01:00,Sudeste,1415,1600,4,75
2026-04-25T01:00,Sul,814,1000,2,55
2026-04-25T02:00,Norte,678,900,3,65
2026-04-25T02:00,Nordeste,891,1100,5,90
2026-04-25T02:00,Sudeste,1415,1600,4,75
2026-04-25T02:00,Sul,778,1000,2,55
2026-04-25T03:00,Norte,681,900,3,65
2026-04-25T03:00,Nordeste,914,1100,5,90
2026-04-25T03:00,Sudeste,1401,1600,4,75
2026-04-25T03:00,Sul,792,1000,2,55
2026-04-25T04:00,Norte,730,900,3,65
2026-04-25T04:00,Nordeste,908,1100,5,90
2026-04-25T04:00,Sudeste,1450,1600,4,75
2026-04-25T04:00,Sul,809,1000,2,55
2026-04-25T05:00,Norte,723,900,3,65
2026-04-25T05:00,Nordeste,952,1100,5,90
2026-04-25T05:00,Sudeste,1476,1600,4,75
2026-04-25T05:00,Sul,860,1000,2,55
2026-04-25T06:00,Norte,797,900,3,65
2026-04-25T06:00,Nordeste,990,1100,5,90
2026-04-25T06:00,Sudeste,1464,1600,4,75
2026-04-25T06:00,Sul,919,1000,2,55
2026-04-25T07:00,Norte,820,918,3,65
2026-04-25T07:00,Nordeste,1001,1118,5,90
2026-04-25T07:00,Sudeste,1528,1618,4,75
2026-04-25T07:00,Sul,937,1018,2,55
2026-04-25T08:00,Norte,864,934,3,65
2026-04-25T08:00,Nordeste,1073,1134,5,90
2026-04-25T08:00,Sudeste,1524,1634,4,75
2026-04-25T08:00,Sul,966,1034,2,55
2026-04-25T09:00,Norte,885,949,3,65
2026-04-25T09:00,Nordeste,1069,1149,5,90
2026-04-25T09:00,Sudeste,1562,1649,4,75
2026-04-25T09:00,Sul,958,1049,2,55
2026-04-25T10:00,Norte,917,960,3,65
2026-04-25T10:00,Nordeste,1138,1160,5,90
2026-04-25T10:00,Sudeste,1609,1660,4,75
2026-04-25T10:00,Sul,1000,1060,2,55
2026-04-25T11:00,Norte,954,967,3,65
2026-04-25T11:00,Nordeste,1115,1167,5,90
2026-04-25T11:00,Sudeste,1616,1667,4,75
2026-04-25T11:00,Sul,1003,1067,2,55
2026-04-25T12:00,Norte,959,970,3,65
2026-04-25T12:00,Nordeste,1125,1170,5,90
2026-04-25T12:00,Sudeste,1638,1670,4,75
2026-04-25T12:00,Sul,1076,1070,2,55
2026-04-25T13:00,Norte,953,967,3,65
2026-04-25T13:00,Nordeste,1167,1167,5,90
2026-04-25T13:00,Sudeste,1634,1667,4,75
2026-04-25T13:00,Sul,1020,1067,2,55
2026-04-25T14:00,Norte,947,960,3,65
2026-04-25T14:00,Nordeste,1145,1160,5,90
2026-04-25T14:00,Sudeste,1616,1660,4,75
2026-04-25T14:00,Sul,1025,1060,2,55
2026-04-25T15:00,Norte,955,949,3,65
2026-04-25T15:00,Nordeste,1155,1149,5,90
2026-04-25T15:00,Sudeste,1653,1649,4,75
2026-04-25T15:00,Sul,1041,1049,2,55
2026-04-25T16:00,Norte,880,934,3,65
2026-04-25T16:00,Nordeste,1143,1134,5,90
2026-04-25T16:00,Sudeste,1587,1634,4,75
2026-04-25T16:00,Sul,998,1034,2,55
2026-04-25T17:00,Norte,907,918,3,65
2026-04-25T17:00,Nordeste,1066,1118,5,90
2026-04-25T17:00,Sudeste,1590,1618,4,75
2026-04-25T17:00,Sul,959,1018,2,55
2026-04-25T18:00,Norte,827,900,3,65
2026-04-25T18:00,Nordeste,1056,1100,5,90
2026-04-25T18:00,Sudeste,1587,1600,4,75
2026-04-25T18:00,Sul,972,1000,2,55
2026-04-25T19:00,Norte,802,900,3,65
2026-04-25T19:00,Nordeste,999,1100,5,90
2026-04-25T19:00,Sudeste,1547,1600,4,75
2026-04-25T19:00,Sul,935,1000,2,55
2026-04-25T20:00,Norte,777,900,3,65
2026-04-25T20:00,Nordeste,1016,1100,5,90
2026-04-25T20:00,Sudeste,1473,1600,4,75
2026-04-25T20:00,Sul,863,1000,2,55
2026-04-25T21:00,Norte,764,900,3,65
2026-04-25T21:00,Nordeste,948,1100,5,90
2026-04-25T21:00,Sudeste,1450,1600,4,75
2026-04-25T21:00,Sul,890,1000,2,55
2026-04-25T22:00,Norte,715,900,3,65
2026-04-25T22:00,Nordeste,963,1100,5,90
2026-04-25T22:00,Sudeste,1405,1600,4,75
2026-04-25T22:00,Sul,834,1000,2,55
2026-04-25T23:00,Norte,688,900,3,65
2026-04-25T23:00,Nordeste,918,1100,5,90
2026-04-25T23:00,Sudeste,1403,1600,4,75
2026-04-25T23:00,Sul,822,1000,2,55
2026-04-26T00:00,Norte,722,900,3,65
2026-04-26T00:00,Nordeste,898,1100,5,90
2026-04-26T00:00,Sudeste,1416,1600,4,75
2026-04-26T00:00,Sul,782,1000,2,55
2026-04-26T01:00,Norte,698,900,3,65
2026-04-26T01:00,Nordeste,886,1100,5,90
2026-04-26T01:00,Sudeste,1399,1600,4,75
2026-04-26T01:00,Sul,773,1000,2,55
2026-04-26T02:00,Norte,696,900,3,65
2026-04-26T02:00,Nordeste,872,1100,5,90
2026-04-26T02:00,Sudeste,1407,1600,4,75
2026-04-26T02:00,Sul,815,1000,2,55
2026-04-26T03:00,Norte,706,900,3,65
2026-04-26T03:00,Nordeste,933,1100,5,90
2026-04-26T03:00,Sudeste,1423,1600,4,75
2026-04-26T03:00,Sul,779,1000,2,55
2026-04-26T04:00,Norte,704,900,3,65
2026-04-26T04:00,Nordeste,953,1100,5,90
2026-04-26T04:00,Sudeste,1443,1600,4,75
2026-04-26T04:00,Sul,851,1000,2,55
2026-04-26T05:00,Norte,772,900,3,65
2026-04-26T05:00,Nordeste,951,1100,5,90
2026-04-26T05:00,Sudeste,1432,1600,4,75
2026-04-26T05:00,Sul,875,1000,2,55
2026-04-26T06:00,Norte,818,900,3,65
2026-04-26T06:00,Nordeste,973,1100,5,90
2026-04-26T06:00,Sudeste,1460,1600,4,75
2026-04-26T06:00,Sul,865,1000,2,55
2026-04-26T07:00,Norte,802,918,3,65
2026-04-26T07:00,Nordeste,1034,1118,5,90
2026-04-26T07:00,Sudeste,1508,1618,4,75
2026-04-26T07:00,Sul,918,1018,2,55
2026-04-26T08:00,Norte,825,934,3,65
2026-04-26T08:00,Nordeste,1032,1134,5,90
2026-04-26T08:00,Sudeste,1526,1634,4,75
2026-04-26T08:00,Sul,979,1034,2,55
2026-04-26T09:00,Norte,879,949,3,65
2026-04-26T09:00,Nordeste,1056,1149,5,90
2026-04-26T09:00,Sudeste,1585,1649,4,75
2026-04-26T09:00,Sul,974,1049,2,55
2026-04-26T10:00,Norte,904,960,3,65
2026-04-26T10:00,Nordeste,1125,1160,5,90
2026-04-26T10:00,Sudeste,1583,1660,4,75
2026-04-26T10:00,Sul,1038,1060,2,55
2026-04-26T11:00,Norte,900,967,3,65
2026-04-26T11:00,Nordeste,1132,1167,5,90
2026-04-26T11:00,Sudeste,1651,1667,4,75
2026-04-26T11:00,Sul,1065,1067,2,55
2026-04-26T12:00,Norte,913,970,3,65
2026-04-26T12:00,Nordeste,1142,1170,5,90
2026-04-26T12:00,Sudeste,1672,1670,4,75
2026-04-26T12:00,Sul,1029,1070,2,55
2026-04-26T13:00,Norte,984,967,3,65
2026-04-26T13:00,Nordeste,1122,1167,5,90
2026-04-26T13:00,Sudeste,1675,1667,4,75
2026-04-26T13:00,Sul,1060,1067,2,55
2026-04-26T14:00,Norte,923,960,3,65
2026-04-26T14:00,Nordeste,1178,1160,5,90
2026-04-26T14:00,Sudeste,1678,1660,4,75
2026-04-26T14:00,Sul,1019,1060,2,55
2026-04-26T15:00,Norte,919,949,3,65
2026-04-26T15:00,Nordeste,1123,1149,5,90
2026-04-26T15:00,Sudeste,1641,1649,4,75
2026-04-26T15:00,Sul,1020,1049,2,55
2026-04-26T16:00,Norte,918,934,3,65
2026-04-26T16:00,Nordeste,1129,1134,5,90
2026-04-26T16:00,Sudeste,1632,1634,4,75
2026-04-26T16:00,Sul,1042,1034,2,55
2026-04-26T17:00,Norte,886,918,3,65
2026-04-26T17:00,Nordeste,1096,1118,5,90
2026-04-26T17:00,Sudeste,1558,1618,4,75
2026-04-26T17:00,Sul,949,1018,2,55
2026-04-26T18:00,Norte,824,900,3,65
2026-04-26T18:00,Nordeste,1039,1100,5,90
2026-04-26T18:00,Sudeste,1523,1600,4,75
2026-04-26T18:00,Sul,945,1000,2,55
2026-04-26T19:00,Norte,812,900,3,65
2026-04-26T19:00,Nordeste,1015,1100,5,90
2026-04-26T19:00,Sudeste,1555,1600,4,75
2026-04-26T19:00,Sul,953,1000,2,55
2026-04-26T20:00,Norte,771,900,3,65
2026-04-26T20:00,Nordeste,961,1100,5,90
2026-04-26T20:00,Sudeste,1474,1600,4,75
2026-04-26T20:00,Sul,890,1000,2,55
2026-04-26T21:00,Norte,774,900,3,65
2026-04-26T21:00,Nordeste,981,1100,5,90
2026-04-26T21:00,Sudeste,1462,1600,4,75
2026-04-26T21:00,Sul,862,1000,2,55
2026-04-26T22:00,Norte,701,900,3,65
2026-04-26T22:00,Nordeste,947,1100,5,90
2026-04-26T22:00,Sudeste,1425,1600,4,75
2026-04-26T22:00,Sul,811,1000,2,55
2026-04-26T23:00,Norte,697,900,3,65
2026-04-26T23:00,Nordeste,923,1100,5,90
2026-04-26T23:00,Sudeste,1403,1600,4,75
2026-04-26T23:00,Sul,773,1000,2,55
2026-04-27T00:00,Norte,716,900,3,65
2026-04-27T00:00,Nordeste,890,1100,5,90
2026-04-27T00:00,Sudeste,1398,1600,4,75
2026-04-27T00:00,Sul,788,1000,2,55
2026-04-27T01:00,Norte,676,900,3,65
2026-04-27T01:00,Nordeste,899,1100,5,90
2026-04-27T01:00,Sudeste,1366,1600,4,75
2026-04-27T01:00,Sul,775,1000,2,55
2026-04-27T02:00,Norte,662,900,3,65
2026-04-27T02:00,Nordeste,913,1100,5,90
2026-04-27T02:00,Sudeste,1421,1600,4,75
2026-04-27T02:00,Sul,777,1000,2,55
2026-04-27T03:00,Norte,742,900,3,65
2026-04-27T03:00,Nordeste,890,1100,5,90
2026-04-27T03:00,Sudeste,1435,1600,4,75
2026-04-27T03:00,Sul,808,1000,2,55
2026-04-27T04:00,Norte,751,900,3,65
2026-04-27T04:00,Nordeste,900,1100,5,90
2026-04-27T04:00,Sudeste,1420,1600,4,75
2026-04-27T04:00,Sul,850,1000,2,55
2026-04-27T05:00,Norte,750,900,3,65
2026-04-27T05:00,Nordeste,953,1100,5,90
2026-04-27T05:00,Sudeste,1447,1600,4,75
2026-04-27T05:00,Sul,851,1000,2,55
2026-04-27T06:00,Norte,767,900,3,65
2026-04-27T06:00,Nordeste,982,1100,5,90
2026-04-27T06:00,Sudeste,1482,1600,4,75
2026-04-27T06:00,Sul,875,1000,2,55
2026-04-27T07:00,Norte,793,918,3,65
2026-04-27T07:00,Nordeste,1012,1118,5,90
2026-04-27T07:00,Sudeste,1546,1618,4,75
2026-04-27T07:00,Sul,947,1018,2,55
2026-04-27T08:00,Norte,841,934,3,65
2026-04-27T08:00,Nordeste,1047,1134,5,90
2026-04-27T08:00,Sudeste,1556,1634,4,75
2026-04-27T08:00,Sul,941,1034,2,55
2026-04-27T09:00,Norte,902,949,3,65
2026-04-27T09:00,Nordeste,1119,1149,5,90
2026-04-27T09:00,Sudeste,1575,1649,4,75
2026-04-27T09:00,Sul,1010,1049,2,55
2026-04-27T10:00,Norte,937,960,3,65
2026-04-27T10:00,Nordeste,1142,1160,5,90
2026-04-27T10:00,Sudeste,1596,1660,4,75
2026-04-27T10:00,Sul,1004,1060,2,55
2026-04-27T11:00,Norte,920,967,3,65
2026-04-27T11:00,Nordeste,1132,1167,5,90
2026-04-27T11:00,Sudeste,1600,1667,4,75
2026-04-27T11:00,Sul,1011,1067,2,55
2026-04-27T12:00,Norte,950,970,3,65
2026-04-27T12:00,Nordeste,1142,1170,5,90
2026-04-27T12:00,Sudeste,1637,1670,4,75
2026-04-27T12:00,Sul,1025,1070,2,55
2026-04-27T13:00,Norte,921,967,3,65
2026-04-27T13:00,Nordeste,1137,1167,5,90
2026-04-27T13:00,Sudeste,1671,1667,4,75
2026-04-27T13:00,Sul,1079,1067,2,55
2026-04-27T14:00,Norte,915,960,3,65
2026-04-27T14:00,Nordeste,1173,1160,5,90
2026-04-27T14:00,Sudeste,1629,1660,4,75
2026-04-27T14:00,Sul,1066,1060,2,55
2026-04-27T15:00,Norte,941,949,3,65
2026-04-27T15:00,Nordeste,1141,1149,5,90
2026-04-27T15:00,Sudeste,1630,1649,4,75
2026-04-27T15:00,Sul,1012,1049,2,55
2026-04-27T16:00,Norte,886,934,3,65
2026-04-27T16:00,Nordeste,1080,1134,5,90
2026-04-27T16:00,Sudeste,1614,1634,4,75
2026-04-27T16:00,Sul,988,1034,2,55
2026-04-27T17:00,Norte,917,918,3,65
2026-04-27T17:00,Nordeste,1065,1118,5,90
2026-04-27T17:00,Sudeste,1611,1618,4,75
2026-04-27T17:00,Sul,1013,1018,2,55
2026-04-27T18:00,Norte,853,900,3,65
2026-04-27T18:00,Nordeste,1022,1100,5,90
2026-04-27T18:00,Sudeste,1579,1600,4,75
2026-04-27T18:00,Sul,975,1000,2,55
2026-04-27T19:00,Norte,806,900,3,65
2026-04-27T19:00,Nordeste,1054,1100,5,90
2026-04-27T19:00,Sudeste,1496,1600,4,75
2026-04-27T19:00,Sul,915,1000,2,55
2026-04-27T20:00,Norte,783,900,3,65
2026-04-27T20:00,Nordeste,953,1100,5,90
2026-04-27T20:00,Sudeste,1509,1600,4,75
2026-04-27T20:00,Sul,875,1000,2,55
2026-04-27T21:00,Norte,781,900,3,65
2026-04-27T21:00,Nordeste,957,1100,5,90
2026-04-27T21:00,Sudeste,1438,1600,4,75
2026-04-27T21:00,Sul,841,1000,2,55
2026-04-27T22:00,Norte,695,900,3,65
2026-04-27T22:00,Nordeste,910,1100,5,90
2026-04-27T22:00,Sudeste,1440,1600,4,75
2026-04-27T22:00,Sul,825,1000,2,55
2026-04-27T23:00,Norte,743,900,3,65
2026-04-27T23:00,Nordeste,942,1100,5,90
2026-04-27T23:00,Sudeste,1416,1600,4,75
2026-04-27T23:00,Sul,785,1000,2,55
2026-04-28T00:00,Norte,714,900,3,65
2026-04-28T00:00,Nordeste,878,1100,5,90
2026-04-28T00:00,Sudeste,1407,1600,4,75
2026-04-28T00:00,Sul,806,1000,2,55
2026-04-28T01:00,Norte,704,900,3,65
2026-04-28T01:00,Nordeste,879,1100,5,90
2026-04-28T01:00,Sudeste,1422,1600,4,75
2026-04-28T01:00,Sul,796,1000,2,55
2026-04-28T02:00,Norte,690,900,3,65
2026-04-28T02:00,Nordeste,889,1100,5,90
2026-04-28T02:00,Sudeste,1376,1600,4,75
2026-04-28T02:00,Sul,805,1000,2,55
2026-04-28T03:00,Norte,710,900,3,65
2026-04-28T03:00,Nordeste,898,1100,5,90
2026-04-28T03:00,Sudeste,1395,1600,4,75
2026-04-28T03:00,Sul,774,1000,2,55
2026-04-28T04:00,Norte,702,900,3,65
2026-04-28T04:00,Nordeste,908,1100,5,90
2026-04-28T04:00,Sudeste,1447,1600,4,75
2026-04-28T04:00,Sul,857,1000,2,55
2026-04-28T05:00,Norte,748,900,3,65
2026-04-28T05:00,Nordeste,938,1100,5,90
2026-04-28T05:00,Sudeste,1485,1600,4,75
2026-04-28T05:00,Sul,857,1000,2,55
2026-04-28T06:00,Norte,791,900,3,65
2026-04-28T06:00,Nordeste,1000,1100,5,90
2026-04-28T06:00,Sudeste,1470,1600,4,75
2026-04-28T06:00,Sul,913,1000,2,55
2026-04-28T07:00,Norte,792,918,3,65
2026-04-28T07:00,Nordeste,1022,1118,5,90
2026-04-28T07:00,Sudeste,1485,1618,4,75
2026-04-28T07:00,Sul,931,1018,2,55
2026-04-28T08:00,Norte,828,934,3,65
2026-04-28T08:00,Nordeste,1073,1134,5,90
2026-04-28T08:00,Sudeste,1558,1634,4,75
2026-04-28T08:00,Sul,944,1034,2,55
2026-04-28T09:00,Norte,886,949,3,65
2026-04-28T09:00,Nordeste,1051,1149,5,90
2026-04-28T09:00,Sudeste,1567,1649,4,75
2026-04-28T09:00,Sul,963,1049,2,55
2026-04-28T10:00,Norte,899,960,3,65
2026-04-28T10:00,Nordeste,1116,1160,5,90
2026-04-28T10:00,Sudeste,1576,1660,4,75
2026-04-28T10:00,Sul,1026,1060,2,55
2026-04-28T11:00,Norte,942,967,3,65
2026-04-28T11:00,Nordeste,1126,1167,5,90
2026-04-28T11:00,Sudeste,1628,1667,4,75
2026-04-28T11:00,Sul,1007,1067,2,55
2026-04-28T12:00,Norte,977,970,3,65
2026-04-28T12:00,Nordeste,1136,1170,5,90
2026-04-28T12:00,Sudeste,1651,1670,4,75
2026-04-28T12:00,Sul,1070,1070,2,55
2026-04-28T13:00,Norte,963,967,3,65
2026-04-28T13:00,Nordeste,1172,1167,5,90
2026-04-28T13:00,Sudeste,1647,1667,4,75
2026-04-28T13:00,Sul,1047,1067,2,55
2026-04-28T14:00,Norte,947,960,3,65
2026-04-28T14:00,Nordeste,1117,1160,5,90
2026-04-28T14:00,Sudeste,1622,1660,4,75
2026-04-28T14:00,Sul,1058,1060,2,55
2026-04-28T15:00,Norte,951,949,3,65
2026-04-28T15:00,Nordeste,1152,1149,5,90
2026-04-28T15:00,Sudeste,1619,1649,4,75
2026-04-28T15:00,Sul,997,1049,2,55
2026-04-28T16:00,Norte,895,934,3,65
2026-04-28T16:00,Nordeste,1129,1134,5,90
2026-04-28T16:00,Sudeste,1611,1634,4,75
2026-04-28T16:00,Sul,989,1034,2,55
2026-04-28T17:00,Norte,887,918,3,65
2026-04-28T17:00,Nordeste,1050,1118,5,90
2026-04-28T17:00,Sudeste,1553,1618,4,75
2026-04-28T17:00,Sul,974,1018,2,55
2026-04-28T18:00,Norte,822,900,3,65
2026-04-28T18:00,Nordeste,1071,1100,5,90
2026-04-28T18:00,Sudeste,1562,1600,4,75
2026-04-28T18:00,Sul,953,1000,2,55
2026-04-28T19:00,Norte,844,900,3,65
2026-04-28T19:00,Nordeste,1005,1100,5,90
2026-04-28T19:00,Sudeste,1497,1600,4,75
2026-04-28T19:00,Sul,898,1000,2,55
2026-04-28T20:00,Norte,763,900,3,65
2026-04-28T20:00,Nordeste,1004,1100,5,90
2026-04-28T20:00,Sudeste,1474,1600,4,75
2026-04-28T20:00,Sul,870,1000,2,55
2026-04-28T21:00,Norte,748,900,3,65
2026-04-28T21:00,Nordeste,963,1100,5,90
2026-04-28T21:00,Sudeste,1427,1600,4,75
2026-04-28T21:00,Sul,870,1000,2,55
2026-04-28T22:00,Norte,744,900,3,65
2026-04-28T22:00,Nordeste,904,1100,5,90
2026-04-28T22:00,Sudeste,1402,1600,4,75
2026-04-28T22:00,Sul,852,1000,2,55
2026-04-28T23:00,Norte,673,900,3,65
2026-04-28T23:00,Nordeste,921,1100,5,90
2026-04-28T23:00,Sudeste,1384,1600,4,75
2026-04-28T23:00,Sul,774,1000,2,55
2026-04-29T00:00,Norte,699,900,3,65
2026-04-29T00:00,Nordeste,901,1100,5,90
2026-04-29T00:00,Sudeste,1369,1600,4,75
2026-04-29T00:00,Sul,816,1000,2,55
2026-04-29T01:00,Norte,712,900,3,65
2026-04-29T01:00,Nordeste,884,1100,5,90
2026-04-29T01:00,Sudeste,1420,1600,4,75
2026-04-29T01:00,Sul,781,1000,2,55
2026-04-29T02:00,Norte,689,900,3,65
2026-04-29T02:00,Nordeste,874,1100,5,90
2026-04-29T02:00,Sudeste,1408,1600,4,75
2026-04-29T02:00,Sul,818,1000,2,55
2026-04-29T03:00,Norte,728,900,3,65
2026-04-29T03:00,Nordeste,942,1100,5,90
2026-04-29T03:00,Sudeste,1440,1600,4,75
2026-04-29T03:00,Sul,839,1000,2,55
2026-04-29T04:00,Norte,733,900,3,65
2026-04-29T04:00,Nordeste,919,1100,5,90
2026-04-29T04:00,Sudeste,1405,1600,4,75
2026-04-29T04:00,Sul,796,1000,2,55
2026-04-29T05:00,Norte,749,900,3,65
2026-04-29T05:00,Nordeste,966,1100,5,90
2026-04-29T05:00,Sudeste,1436,1600,4,75
2026-04-29T05:00,Sul,837,1000,2,55
2026-04-29T06:00,Norte,766,900,3,65
2026-04-29T06:00,Nordeste,957,1100,5,90
2026-04-29T06:00,Sudeste,1496,1600,4,75
2026-04-29T06:00,Sul,854,1000,2,55
2026-04-29T07:00,Norte,829,918,3,65
2026-04-29T07:00,Nordeste,1034,1118,5,90
2026-04-29T07:00,Sudeste,1541,1618,4,75
2026-04-29T07:00,Sul,896,1018,2,55
2026-04-29T08:00,Norte,888,934,3,65
2026-04-29T08:00,Nordeste,1046,1134,5,90
2026-04-29T08:00,Sudeste,1574,1634,4,75
2026-04-29T08:00,Sul,957,1034,2,55
2026-04-29T09:00,Norte,887,949,3,65
2026-04-29T09:00,Nordeste,1055,1149,5,90
2026-04-29T09:00,Sudeste,1597,1649,4,75
2026-04-29T09:00,Sul,1002,1049,2,55
2026-04-29T10:00,Norte,878,960,3,65
2026-04-29T10:00,Nordeste,1101,1160,5,90
2026-04-29T10:00,Sudeste,1594,1660,4,75
2026-04-29T10:00,Sul,1039,1060,2,55
2026-04-29T11:00,Norte,908,967,3,65
2026-04-29T11:00,Nordeste,1148,1167,5,90
2026-04-29T11:00,Sudeste,1655,1667,4,75
2026-04-29T11:00,Sul,1056,1067,2,55
2026-04-29T12:00,Norte,942,970,3,65
2026-04-29T12:00,Nordeste,1177,1170,5,90
2026-04-29T12:00,Sudeste,1643,1670,4,75
2026-04-29T12:00,Sul,1041,1070,2,55
2026-04-29T13:00,Norte,922,967,3,65
2026-04-29T13:00,Nordeste,1121,1167,5,90
2026-04-29T13:00,Sudeste,1642,1667,4,75
2026-04-29T13:00,Sul,1015,1067,2,55
2026-04-29T14:00,Norte,974,960,3,65
2026-04-29T14:00,Nordeste,1127,1160,5,90
2026-04-29T14:00,Sudeste,1650,1660,4,75
2026-04-29T14:00,Sul,1059,1060,2,55
2026-04-29T15:00,Norte,939,949,3,65
2026-04-29T15:00,Nordeste,1156,1149,5,90
2026-04-29T15:00,Sudeste,1604,1649,4,75
2026-04-29T15:00,Sul,1037,1049,2,55
2026-04-29T16:00,Norte,894,934,3,65
2026-04-29T16:00,Nordeste,1128,1134,5,90
2026-04-29T16:00,Sudeste,1613,1634,4,75
2026-04-29T16:00,Sul,980,1034,2,55
2026-04-29T17:00,Norte,853,918,3,65
2026-04-29T17:00,Nordeste,1060,1118,5,90
2026-04-29T17:00,Sudeste,1570,1618,4,75
2026-04-29T17:00,Sul,960,1018,2,55
2026-04-29T18:00,Norte,883,900,3,65
2026-04-29T18:00,Nordeste,1072,1100,5,90
2026-04-29T18:00,Sudeste,1576,1600,4,75
2026-04-29T18:00,Sul,937,1000,2,55
2026-04-29T19:00,Norte,795,900,3,65
2026-04-29T19:00,Nordeste,1040,1100,5,90
2026-04-29T19:00,Sudeste,1546,1600,4,75
2026-04-29T19:00,Sul,894,1000,2,55
2026-04-29T20:00,Norte,757,900,3,65
2026-04-29T20:00,Nordeste,952,1100,5,90
2026-04-29T20:00,Sudeste,1462,1600,4,75
2026-04-29T20:00,Sul,880,1000,2,55
2026-04-29T21:00,Norte,782,900,3,65
2026-04-29T21:00,Nordeste,952,1100,5,90
2026-04-29T21:00,Sudeste,1422,1600,4,75
2026-04-29T21:00,Sul,873,1000,2,55
2026-04-29T22:00,Norte,758,900,3,65
2026-04-29T22:00,Nordeste,947,1100,5,90
2026-04-29T22:00,Sudeste,1409,1600,4,75
2026-04-29T22:00,Sul,863,1000,2,55
2026-04-29T23:00,Norte,691,900,3,65
2026-04-29T23:00,Nordeste,894,1100,5,90
2026-04-29T23:00,Sudeste,1409,1600,4,75
2026-04-29T23:00,Sul,823,1000,2,55
2026-04-30T00:00,Norte,676,900,3,65
2026-04-30T00:00,Nordeste,874,1100,5,90
2026-04-30T00:00,Sudeste,1368,1600,4,75
2026-04-30T00:00,Sul,811,1000,2,55
2026-04-30T01:00,Norte,691,900,3,65
2026-04-30T01:00,Nordeste,910,1100,5,90
2026-04-30T01:00,Sudeste,1392,1600,4,75
2026-04-30T01:00,Sul,775,1000,2,55
2026-04-30T02:00,Norte,678,900,3,65
2026-04-30T02:00,Nordeste,905,1100,5,90
2026-04-30T02:00,Sudeste,1365,1600,4,75
2026-04-30T02:00,Sul,828,1000,2,55
2026-04-30T03:00,Norte,712,900,3,65
2026-04-30T03:00,Nordeste,896,1100,5,90
2026-04-30T03:00,Sudeste,1412,1600,4,75
2026-04-30T03:00,Sul,809,1000,2,55
2026-04-30T04:00,Norte,739,900,3,65
2026-04-30T04:00,Nordeste,901,1100,5,90
2026-04-30T04:00,Sudeste,1401,1600,4,75
2026-04-30T04:00,Sul,805,1000,2,55
2026-04-30T05:00,Norte,789,900,3,65
2026-04-30T05:00,Nordeste,971,1100,5,90
2026-04-30T05:00,Sudeste,1487,1600,4,75
2026-04-30T05:00,Sul,848,1000,2,55
2026-04-30T06:00,Norte,753,900,3,65
2026-04-30T06:00,Nordeste,1011,1100,5,90
2026-04-30T06:00,Sudeste,1487,1600,4,75
2026-04-30T06:00,Sul,868,1000,2,55
2026-04-30T07:00,Norte,794,918,3,65
2026-04-30T07:00,Nordeste,1003,1118,5,90
2026-04-30T07:00,Sudeste,1538,1618,4,75
2026-04-30T07:00,Sul,946,1018,2,55
2026-04-30T08:00,Norte,841,934,3,65
2026-04-30T08:00,Nordeste,1040,1134,5,90
2026-04-30T08:00,Sudeste,1574,1634,4,75
2026-04-30T08:00,Sul,964,1034,2,55
2026-04-30T09:00,Norte,875,949,3,65
2026-04-30T09:00,Nordeste,1100,1149,5,90
2026-04-30T09:00,Sudeste,1578,1649,4,75
2026-04-30T09:00,Sul,997,1049,2,55
2026-04-30T10:00,Norte,925,960,3,65
2026-04-30T10:00,Nordeste,1110,1160,5,90
2026-04-30T10:00,Sudeste,1624,1660,4,75
2026-04-30T10:00,Sul,1001,1060,2,55
2026-04-30T11:00,Norte,914,967,3,65
2026-04-30T11:00,Nordeste,1108,1167,5,90
2026-04-30T11:00,Sudeste,1661,1667,4,75
2026-04-30T11:00,Sul,1051,1067,2,55
2026-04-30T12:00,Norte,941,970,3,65
2026-04-30T12:00,Nordeste,1116,1170,5,90
2026-04-30T12:00,Sudeste,1646,1670,4,75
2026-04-30T12:00,Sul,1025,1070,2,55
2026-04-30T13:00,Norte,942,967,3,65
2026-04-30T13:00,Nordeste,1119,1167,5,90
2026-04-30T13:00,Sudeste,1685,1667,4,75
2026-04-30T13:00,Sul,1060,1067,2,55
2026-04-30T14:00,Norte,917,960,3,65
2026-04-30T14:00,Nordeste,1179,1160,5,90
2026-04-30T14:00,Sudeste,1648,1660,4,75
2026-04-30T14:00,Sul,1013,1060,2,55
2026-04-30T15:00,Norte,925,949,3,65
2026-04-30T15:00,Nordeste,1135,1149,5,90
2026-04-30T15:00,Sudeste,1597,1649,4,75
2026-04-30T15:00,Sul,1032,1049,2,55
2026-04-30T16:00,Norte,893,934,3,65
2026-04-30T16:00,Nordeste,1100,1134,5,90
2026-04-30T16:00,Sudeste,1625,1634,4,75
2026-04-30T16:00,Sul,980,1034,2,55
2026-04-30T17:00,Norte,850,918,3,65
2026-04-30T17:00,Nordeste,1066,1118,5,90
2026-04-30T17:00,Sudeste,1610,1618,4,75
2026-04-30T17:00,Sul,1002,1018,2,55
2026-04-30T18:00,Norte,873,900,3,65
2026-04-30T18:00,Nordeste,1056,1100,5,90
2026-04-30T18:00,Sudeste,1538,1600,4,75
2026-04-30T18:00,Sul,937,1000,2,55
2026-04-30T19:00,Norte,827,900,3,65
2026-04-30T19:00,Nordeste,1038,1100,5,90
2026-04-30T19:00,Sudeste,1517,1600,4,75
2026-04-30T19:00,Sul,910,1000,2,55
2026-04-30T20:00,Norte,788,900,3,65
2026-04-30T20:00,Nordeste,1007,1100,5,90
2026-04-30T20:00,Sudeste,1505,1600,4,75
2026-04-30T20:00,Sul,880,1000,2,55
2026-04-30T21:00,Norte,791,900,3,65
2026-04-30T21:00,Nordeste,981,1100,5,90
2026-04-30T21:00,Sudeste,1458,1600,4,75
2026-04-30T21:00,Sul,838,1000,2,55
2026-04-30T22:00,Norte,696,900,3,65
2026-04-30T22:00,Nordeste,942,1100,5,90
2026-04-30T22:00,Sudeste,1455,1600,4,75
2026-04-30T22:00,Sul,863,1000,2,55
2026-04-30T23:00,Norte,719,900,3,65
2026-04-30T23:00,Nordeste,896,1100,5,90
2026-04-30T23:00,Sudeste,1423,1600,4,75
2026-04-30T23:00,Sul,814,1000,2,55
2026-05-01T00:00,Norte,727,900,3,65
2026-05-01T00:00,Nordeste,921,1100,5,90
2026-05-01T00:00,Sudeste,1365,1600,4,75
2026-05-01T00:00,Sul,784,1000,2,55
2026-05-01T01:00,Norte,660,900,3,65
2026-05-01T01:00,Nordeste,858,1100,5,90
2026-05-01T01:00,Sudeste,1365,1600,4,75
2026-05-01T01:00,Sul,810,1000,2,55
2026-05-01T02:00,Norte,673,900,3,65
2026-05-01T02:00,Nordeste,902,1100,5,90
2026-05-01T02:00,Sudeste,1427,1600,4,75
2026-05-01T02:00,Sul,787,1000,2,55
2026-05-01T03:00,Norte,726,900,3,65
2026-05-01T03:00,Nordeste,929,1100,5,90
2026-05-01T03:00,Sudeste,1420,1600,4,75
2026-05-01T03:00,Sul,839,1000,2,55
2026-05-01T04:00,Norte,708,900,3,65
2026-05-01T04:00,Nordeste,935,1100,5,90
2026-05-01T04:00,Sudeste,1413,1600,4,75
2026-05-01T04:00,Sul,807,1000,2,55
2026-05-01T05:00,Norte,776,900,3,65
2026-05-01T05:00,Nordeste,951,1100,5,90
2026-05-01T05:00,Sudeste,1481,1600,4,75
2026-05-01T05:00,Sul,880,1000,2,55
2026-05-01T06:00,Norte,811,900,3,65
2026-05-01T06:00,Nordeste,1019,1100,5,90
2026-05-01T06:00,Sudeste,1482,1600,4,75
2026-05-01T06:00,Sul,898,1000,2,55
2026-05-01T07:00,Norte,786,918,3,65
2026-05-01T07:00,Nordeste,1026,1118,5,90
2026-05-01T07:00,Sudeste,1500,1618,4,75
2026-05-01T07:00,Sul,938,1018,2,55
2026-05-01T08:00,Norte,866,934,3,65
2026-05-01T08:00,Nordeste,1057,1134,5,90
2026-05-01T08:00,Sudeste,1520,1634,4,75
2026-05-01T08:00,Sul,936,1034,2,55
2026-05-01T09:00,Norte,890,949,3,65
2026-05-01T09:00,Nordeste,1056,1149,5,90
2026-05-01T09:00,Sudeste,1568,1649,4,75
2026-05-01T09:00,Sul,1003,1049,2,55
2026-05-01T10:00,Norte,879,960,3,65
2026-05-01T10:00,Nordeste,1145,1160,5,90
2026-05-01T10:00,Sudeste,1579,1660,4,75
2026-05-01T10:00,Sul,1004,1060,2,55
2026-05-01T11:00,Norte,925,967,3,65
2026-05-01T11:00,Nordeste,1146,1167,5,90
2026-05-01T11:00,Sudeste,1603,1667,4,75
2026-05-01T11:00,Sul,1042,1067,2,55
2026-05-01T12:00,Norte,978,970,3,65
2026-05-01T12:00,Nordeste,1137,1170,5,90
2026-05-01T12:00,Sudeste,1634,1670,4,75
2026-05-01T12:00,Sul,1045,1070,2,55
2026-05-01T13:00,Norte,934,967,3,65
2026-05-01T13:00,Nordeste,1153,1167,5,90
2026-05-01T13:00,Sudeste,1626,1667,4,75
2026-05-01T13:00,Sul,1059,1067,2,55
2026-05-01T14:00,Norte,963,960,3,65
2026-05-01T14:00,Nordeste,1135,1160,5,90
2026-05-01T14:00,Sudeste,1630,1660,4,75
2026-05-01T14:00,Sul,1014,1060,2,55
2026-05-01T15:00,Norte,915,949,3,65
2026-05-01T15:00,Nordeste,1133,1149,5,90
2026-05-01T15:00,Sudeste,1630,1649,4,75
2026-05-01T15:00,Sul,1025,1049,2,55
2026-05-01T16:00,Norte,912,934,3,65
2026-05-01T16:00,Nordeste,1130,1134,5,90
2026-05-01T16:00,Sudeste,1578,1634,4,75
2026-05-01T16:00,Sul,977,1034,2,55
2026-05-01T17:00,Norte,896,918,3,65
2026-05-01T17:00,Nordeste,1052,1118,5,90
2026-05-01T17:00,Sudeste,1574,1618,4,75
2026-05-01T17:00,Sul,998,1018,2,55
2026-05-01T18:00,Norte,864,900,3,65
2026-05-01T18:00,Nordeste,1082,1100,5,90
2026-05-01T18:00,Sudeste,1520,1600,4,75
2026-05-01T18:00,Sul,934,1000,2,55
2026-05-01T19:00,Norte,832,900,3,65
2026-05-01T19:00,Nordeste,1030,1100,5,90
2026-05-01T19:00,Sudeste,1505,1600,4,75
2026-05-01T19:00,Sul,925,1000,2,55
2026-05-01T20:00,Norte,757,900,3,65
2026-05-01T20:00,Nordeste,995,1100,5,90
2026-05-01T20:00,Sudeste,1501,1600,4,75
2026-05-01T20:00,Sul,886,1000,2,55
2026-05-01T21:00,Norte,787,900,3,65
2026-05-01T21:00,Nordeste,923,1100,5,90
2026-05-01T21:00,Sudeste,1466,1600,4,75
2026-05-01T21:00,Sul,879,1000,2,55
2026-05-01T22:00,Norte,754,900,3,65
2026-05-01T22:00,Nordeste,963,1100,5,90
2026-05-01T22:00,Sudeste,1449,1600,4,75
2026-05-01T22:00,Sul,848,1000,2,55
2026-05-01T23:00,Norte,734,900,3,65
2026-05-01T23:00,Nordeste,888,1100,5,90
2026-05-01T23:00,Sudeste,1379,1600,4,75
2026-05-01T23:00,Sul,801,1000,2,55
2026-05-02T00:00,Norte,716,900,3,65
2026-05-02T00:00,Nordeste,922,1100,5,90
2026-05-02T00:00,Sudeste,1402,1600,4,75
2026-05-02T00:00,Sul,809,1000,2,55
2026-05-02T01:00,Norte,684,900,3,65
2026-05-02T01:00,Nordeste,897,1100,5,90
2026-05-02T01:00,Sudeste,1414,1600,4,75
2026-05-02T01:00,Sul,823,1000,2,55
2026-05-02T02:00,Norte,713,900,3,65
2026-05-02T02:00,Nordeste,861,1100,5,90
2026-05-02T02:00,Sudeste,1410,1600,4,75
2026-05-02T02:00,Sul,820,1000,2,55
2026-05-02T03:00,Norte,720,900,3,65
2026-05-02T03:00,Nordeste,923,1100,5,90
2026-05-02T03:00,Sudeste,1414,1600,4,75
2026-05-02T03:00,Sul,787,1000,2,55
2026-05-02T04:00,Norte,749,900,3,65
2026-05-02T04:00,Nordeste,953,1100,5,90
2026-05-02T04:00,Sudeste,1424,1600,4,75
2026-05-02T04:00,Sul,852,1000,2,55
2026-05-02T05:00,Norte,721,900,3,65
2026-05-02T05:00,Nordeste,935,1100,5,90
2026-05-02T05:00,Sudeste,1456,1600,4,75
2026-05-02T05:00,Sul,865,1000,2,55
2026-05-02T06:00,Norte,761,900,3,65
2026-05-02T06:00,Nordeste,976,1100,5,90
2026-05-02T06:00,Sudeste,1518,1600,4,75
2026-05-02T06:00,Sul,918,1000,2,55
2026-05-02T07:00,Norte,843,918,3,65
2026-05-02T07:00,Nordeste,1027,1118,5,90
2026-05-02T07:00,Sudeste,1502,1618,4,75
2026-05-02T07:00,Sul,903,1018,2,55
2026-05-02T08:00,Norte,860,934,3,65
2026-05-02T08:00,Nordeste,1019,1134,5,90
2026-05-02T08:00,Sudeste,1559,1634,4,75
2026-05-02T08:00,Sul,938,1034,2,55
2026-05-02T09:00,Norte,850,949,3,65
2026-05-02T09:00,Nordeste,1058,1149,5,90
2026-05-02T09:00,Sudeste,1570,1649,4,75
2026-05-02T09:00,Sul,988,1049,2,55
2026-05-02T10:00,Norte,925,960,3,65
2026-05-02T10:00,Nordeste,1094,1160,5,90
2026-05-02T10:00,Sudeste,1637,1660,4,75
2026-05-02T10:00,Sul,978,1060,2,55
2026-05-02T11:00,Norte,907,967,3,65
2026-05-02T11:00,Nordeste,1107,1167,5,90
2026-05-02T11:00,Sudeste,1626,1667,4,75
2026-05-02T11:00,Sul,1055,1067,2,55
2026-05-02T12:00,Norte,940,970,3,65
2026-05-02T12:00,Nordeste,1156,1170,5,90
2026-05-02T12:00,Sudeste,1620,1670,4,75
2026-05-02T12:00,Sul,1059,1070,2,55
2026-05-02T13:00,Norte,984,967,3,65
2026-05-02T13:00,Nordeste,1166,1167,5,90
2026-05-02T13:00,Sudeste,1622,1667,4,75
2026-05-02T13:00,Sul,1029,1067,2,55
2026-05-02T14:00,Norte,955,960,3,65
2026-05-02T14:00,Nordeste,1112,1160,5,90
2026-05-02T14:00,Sudeste,1628,1660,4,75
2026-05-02T14:00,Sul,1060,1060,2,55
2026-05-02T15:00,Norte,930,949,3,65
2026-05-02T15:00,Nordeste,1127,1149,5,90
2026-05-02T15:00,Sudeste,1653,1649,4,75
2026-05-02T15:00,Sul,1002,1049,2,55
2026-05-02T16:00,Norte,916,934,3,65
2026-05-02T16:00,Nordeste,1145,1134,5,90
2026-05-02T16:00,Sudeste,1598,1634,4,75
2026-05-02T16:00,Sul,1036,1034,2,55
2026-05-02T17:00,Norte,887,918,3,65
2026-05-02T17:00,Nordeste,1095,1118,5,90
2026-05-02T17:00,Sudeste,1571,1618,4,75
2026-05-02T17:00,Sul,1015,1018,2,55
2026-05-02T18:00,Norte,885,900,3,65
2026-05-02T18:00,Nordeste,1076,1100,5,90
2026-05-02T18:00,Sudeste,1580,1600,4,75
2026-05-02T18:00,Sul,923,1000,2,55
2026-05-02T19:00,Norte,845,900,3,65
2026-05-02T19:00,Nordeste,1008,1100,5,90
2026-05-02T19:00,Sudeste,1510,1600,4,75
2026-05-02T19:00,Sul,887,1000,2,55
2026-05-02T20:00,Norte,817,900,3,65
2026-05-02T20:00,Nordeste,974,1100,5,90
2026-05-02T20:00,Sudeste,1507,1600,4,75
2026-05-02T20:00,Sul,887,1000,2,55
2026-05-02T21:00,Norte,757,900,3,65
2026-05-02T21:00,Nordeste,955,1100,5,90
2026-05-02T21:00,Sudeste,1438,1600,4,75
2026-05-02T21:00,Sul,869,1000,2,55
2026-05-02T22:00,Norte,731,900,3,65
2026-05-02T22:00,Nordeste,936,1100,5,90
2026-05-02T22:00,Sudeste,1411,1600,4,75
2026-05-02T22:00,Sul,798,1000,2,55
2026-05-02T23:00,Norte,727,900,3,65
2026-05-02T23:00,Nordeste,894,1100,5,90
2026-05-02T23:00,Sudeste,1384,1600,4,75
2026-05-02T23:00,Sul,836,1000,2,55
2026-05-03T00:00,Norte,690,900,3,65
2026-05-03T00:00,Nordeste,916,1100,5,90
2026-05-03T00:00,Sudeste,1361,1600,4,75
2026-05-03T00:00,Sul,808,1000,2,55
2026-05-03T01:00,Norte,705,900,3,65
2026-05-03T01:00,Nordeste,878,1100,5,90
2026-05-03T01:00,Sudeste,1425,1600,4,75
2026-05-03T01:00,Sul,764,1000,2,55
2026-05-03T02:00,Norte,677,900,3,65
2026-05-03T02:00,Nordeste,871,1100,5,90
2026-05-03T02:00,Sudeste,1384,1600,4,75
2026-05-03T02:00,Sul,824,1000,2,55
2026-05-03T03:00,Norte,702,900,3,65
2026-05-03T03:00,Nordeste,894,1100,5,90
2026-05-03T03:00,Sudeste,1433,1600,4,75
2026-05-03T03:00,Sul,799,1000,2,55
2026-05-03T04:00,Norte,737,900,3,65
2026-05-03T04:00,Nordeste,960,1100,5,90
2026-05-03T04:00,Sudeste,1446,1600,4,75
2026-05-03T04:00,Sul,805,1000,2,55
2026-05-03T05:00,Norte,733,900,3,65
2026-05-03T05:00,Nordeste,970,1100,5,90
2026-05-03T05:00,Sudeste,1470,1600,4,75
2026-05-03T05:00,Sul,827,1000,2,55
2026-05-03T06:00,Norte,820,900,3,65
2026-05-03T06:00,Nordeste,1013,1100,5,90
2026-05-03T06:00,Sudeste,1504,1600,4,75
2026-05-03T06:00,Sul,868,1000,2,55
2026-05-03T07:00,Norte,804,918,3,65
2026-05-03T07:00,Nordeste,1026,1118,5,90
2026-05-03T07:00,Sudeste,1545,1618,4,75
2026-05-03T07:00,Sul,895,1018,2,55
2026-05-03T08:00,Norte,849,934,3,65
2026-05-03T08:00,Nordeste,1058,1134,5,90
2026-05-03T08:00,Sudeste,1540,1634,4,75
2026-05-03T08:00,Sul,924,1034,2,55
2026-05-03T09:00,Norte,870,949,3,65
2026-05-03T09:00,Nordeste,1058,1149,5,90
2026-05-03T09:00,Sudeste,1592,1649,4,75
2026-05-03T09:00,Sul,979,1049,2,55
2026-05-03T10:00,Norte,912,960,3,65
2026-05-03T10:00,Nordeste,1126,1160,5,90
2026-05-03T10:00,Sudeste,1625,1660,4,75
2026-05-03T10:00,Sul,1021,1060,2,55
2026-05-03T11:00,Norte,961,967,3,65
2026-05-03T11:00,Nordeste,1165,1167,5,90
2026-05-03T11:00,Sudeste,1636,1667,4,75
2026-05-03T11:00,Sul,1021,1067,2,55
2026-05-03T12:00,Norte,958,970,3,65
2026-05-03T12:00,Nordeste,1119,1170,5,90
2026-05-03T12:00,Sudeste,1647,1670,4,75
2026-05-03T12:00,Sul,1021,1070,2,55
2026-05-03T13:00,Norte,951,967,3,65
2026-05-03T13:00,Nordeste,1158,1167,5,90
2026-05-03T13:00,Sudeste,1654,1667,4,75
2026-05-03T13:00,Sul,1056,1067,2,55
2026-05-03T14:00,Norte,940,960,3,65
2026-05-03T14:00,Nordeste,1143,1160,5,90
2026-05-03T14:00,Sudeste,1618,1660,4,75
2026-05-03T14:00,Sul,1020,1060,2,55
2026-05-03T15:00,Norte,899,949,3,65
2026-05-03T15:00,Nordeste,1157,1149,5,90
2026-05-03T15:00,Sudeste,1623,1649,4,75
2026-05-03T15:00,Sul,1022,1049,2,55
2026-05-03T16:00,Norte,917,934,3,65
2026-05-03T16:00,Nordeste,1137,1134,5,90
2026-05-03T16:00,Sudeste,1591,1634,4,75
2026-05-03T16:00,Sul,1023,1034,2,55
2026-05-03T17:00,Norte,878,918,3,65
2026-05-03T17:00,Nordeste,1090,1118,5,90
2026-05-03T17:00,Sudeste,1591,1618,4,75
2026-05-03T17:00,Sul,986,1018,2,55
2026-05-03T18:00,Norte,845,900,3,65
2026-05-03T18:00,Nordeste,1085,1100,5,90
2026-05-03T18:00,Sudeste,1547,1600,4,75
2026-05-03T18:00,Sul,960,1000,2,55
2026-05-03T19:00,Norte,832,900,3,65
2026-05-03T19:00,Nordeste,1001,1100,5,90
2026-05-03T19:00,Sudeste,1523,1600,4,75
2026-05-03T19:00,Sul,902,1000,2,55
2026-05-03T20:00,Norte,783,900,3,65
2026-05-03T20:00,Nordeste,977,1100,5,90
2026-05-03T20:00,Sudeste,1521,1600,4,75
2026-05-03T20:00,Sul,866,1000,2,55
2026-05-03T21:00,Norte,748,900,3,65
2026-05-03T21:00,Nordeste,963,1100,5,90
2026-05-03T21:00,Sudeste,1453,1600,4,75
2026-05-03T21:00,Sul,885,1000,2,55
2026-05-03T22:00,Norte,746,900,3,65
2026-05-03T22:00,Nordeste,943,1100,5,90
2026-05-03T22:00,Sudeste,1406,1600,4,75
2026-05-03T22:00,Sul,800,1000,2,55
2026-05-03T23:00,Norte,675,900,3,65
2026-05-03T23:00,Nordeste,938,1100,5,90
2026-05-03T23:00,Sudeste,1429,1600,4,75
2026-05-03T23:00,Sul,828,1000,2,55
2026-05-04T00:00,Norte,676,900,3,65
2026-05-04T00:00,Nordeste,870,1100,5,90
2026-05-04T00:00,Sudeste,1407,1600,4,75
2026-05-04T00:00,Sul,789,1000,2,55
2026-05-04T01:00,Norte,682,900,3,65
2026-05-04T01:00,Nordeste,898,1100,5,90
2026-05-04T01:00,Sudeste,1360,1600,4,75
2026-05-04T01:00,Sul,773,1000,2,55
2026-05-04T02:00,Norte,730,900,3,65
2026-05-04T02:00,Nordeste,923,1100,5,90
2026-05-04T02:00,Sudeste,1382,1600,4,75
2026-05-04T02:00,Sul,773,1000,2,55
2026-05-04T03:00,Norte,730,900,3,65
2026-05-04T03:00,Nordeste,937,1100,5,90
2026-05-04T03:00,Sudeste,1376,1600,4,75
2026-05-04T03:00,Sul,828,1000,2,55
2026-05-04T04:00,Norte,695,900,3,65
2026-05-04T04:00,Nordeste,919,1100,5,90
2026-05-04T04:00,Sudeste,1463,1600,4,75
2026-05-04T04:00,Sul,809,1000,2,55
2026-05-04T05:00,Norte,737,900,3,65
2026-05-04T05:00,Nordeste,945,1100,5,90
2026-05-04T05:00,Sudeste,1423,1600,4,75
2026-05-04T05:00,Sul,854,1000,2,55
2026-05-04T06:00,Norte,805,900,3,65
2026-05-04T06:00,Nordeste,974,1100,5,90
2026-05-04T06:00,Sudeste,1518,1600,4,75
2026-05-04T06:00,Sul,906,1000,2,55
2026-05-04T07:00,Norte,805,918,3,65
2026-05-04T07:00,Nordeste,1006,1118,5,90
2026-05-04T07:00,Sudeste,1491,1618,4,75
2026-05-04T07:00,Sul,906,1018,2,55
2026-05-04T08:00,Norte,873,934,3,65
2026-05-04T08:00,Nordeste,1051,1134,5,90
2026-05-04T08:00,Sudeste,1583,1634,4,75
2026-05-04T08:00,Sul,967,1034,2,55
2026-05-04T09:00,Norte,883,949,3,65
2026-05-04T09:00,Nordeste,1102,1149,5,90
2026-05-04T09:00,Sudeste,1576,1649,4,75
2026-05-04T09:00,Sul,952,1049,2,55
2026-05-04T10:00,Norte,909,960,3,65
2026-05-04T10:00,Nordeste,1106,1160,5,90
2026-05-04T10:00,Sudeste,1590,1660,4,75
2026-05-04T10:00,Sul,1037,1060,2,55
2026-05-04T11:00,Norte,899,967,3,65
2026-05-04T11:00,Nordeste,1141,1167,5,90
2026-05-04T11:00,Sudeste,1641,1667,4,75
2026-05-04T11:00,Sul,1025,1067,2,55
2026-05-04T12:00,Norte,911,970,3,65
2026-05-04T12:00,Nordeste,1123,1170,5,90
2026-05-04T12:00,Sudeste,1635,1670,4,75
2026-05-04T12:00,Sul,1047,1070,2,55
2026-05-04T13:00,Norte,952,967,3,65
2026-05-04T13:00,Nordeste,1173,1167,5,90
2026-05-04T13:00,Sudeste,1653,1667,4,75
2026-05-04T13:00,Sul,1069,1067,2,55
2026-05-04T14:00,Norte,959,960,3,65
2026-05-04T14:00,Nordeste,1160,1160,5,90
2026-05-04T14:00,Sudeste,1658,1660,4,75
2026-05-04T14:00,Sul,1073,1060,2,55
2026-05-04T15:00,Norte,903,949,3,65
2026-05-04T15:00,Nordeste,1138,1149,5,90
2026-05-04T15:00,Sudeste,1648,1649,4,75
2026-05-04T15:00,Sul,1058,1049,2,55
2026-05-04T16:00,Norte,930,934,3,65
2026-05-04T16:00,Nordeste,1094,1134,5,90
2026-05-04T16:00,Sudeste,1587,1634,4,75
2026-05-04T16:00,Sul,977,1034,2,55
2026-05-04T17:00,Norte,919,918,3,65
2026-05-04T17:00,Nordeste,1085,1118,5,90
2026-05-04T17:00,Sudeste,1578,1618,4,75
2026-05-04T17:00,Sul,993,1018,2,55
2026-05-04T18:00,Norte,823,900,3,65
2026-05-04T18:00,Nordeste,1039,1100,5,90
2026-05-04T18:00,Sudeste,1569,1600,4,75
2026-05-04T18:00,Sul,937,1000,2,55
2026-05-04T19:00,Norte,796,900,3,65
2026-05-04T19:00,Nordeste,1046,1100,5,90
2026-05-04T19:00,Sudeste,1497,1600,4,75
2026-05-04T19:00,Sul,917,1000,2,55
2026-05-04T20:00,Norte,810,900,3,65
2026-05-04T20:00,Nordeste,952,1100,5,90
2026-05-04T20:00,Sudeste,1509,1600,4,75
2026-05-04T20:00,Sul,888,1000,2,55
2026-05-04T21:00,Norte,759,900,3,65
2026-05-04T21:00,Nordeste,980,1100,5,90
2026-05-04T21:00,Sudeste,1469,1600,4,75
2026-05-04T21:00,Sul,849,1000,2,55
2026-05-04T22:00,Norte,704,900,3,65
2026-05-04T22:00,Nordeste,956,1100,5,90
2026-05-04T22:00,Sudeste,1407,1600,4,75
2026-05-04T22:00,Sul,796,1000,2,55
2026-05-04T23:00,Norte,723,900,3,65
2026-05-04T23:00,Nordeste,927,1100,5,90
2026-05-04T23:00,Sudeste,1426,1600,4,75
2026-05-04T23:00,Sul,788,1000,2,55
2026-05-05T00:00,Norte,672,900,3,65
2026-05-05T00:00,Nordeste,919,1100,5,90
2026-05-05T00:00,Sudeste,1396,1600,4,75
2026-05-05T00:00,Sul,766,1000,2,55
2026-05-05T01:00,Norte,721,900,3,65
2026-05-05T01:00,Nordeste,857,1100,5,90
2026-05-05T01:00,Sudeste,1376,1600,4,75
2026-05-05T01:00,Sul,823,1000,2,55
2026-05-05T02:00,Norte,672,900,3,65
2026-05-05T02:00,Nordeste,902,1100,5,90
2026-05-05T02:00,Sudeste,1403,1600,4,75
2026-05-05T02:00,Sul,788,1000,2,55
2026-05-05T03:00,Norte,707,900,3,65
2026-05-05T03:00,Nordeste,911,1100,5,90
2026-05-05T03:00,Sudeste,1426,1600,4,75
2026-05-05T03:00,Sul,816,1000,2,55
2026-05-05T04:00,Norte,711,900,3,65
2026-05-05T04:00,Nordeste,916,1100,5,90
2026-05-05T04:00,Sudeste,1411,1600,4,75
2026-05-05T04:00,Sul,811,1000,2,55
2026-05-05T05:00,Norte,741,900,3,65
2026-05-05T05:00,Nordeste,955,1100,5,90
2026-05-05T05:00,Sudeste,1458,1600,4,75
2026-05-05T05:00,Sul,836,1000,2,55
2026-05-05T06:00,Norte,792,900,3,65
2026-05-05T06:00,Nordeste,982,1100,5,90
2026-05-05T06:00,Sudeste,1456,1600,4,75
2026-05-05T06:00,Sul,863,1000,2,55
2026-05-05T07:00,Norte,790,918,3,65
2026-05-05T07:00,Nordeste,1010,1118,5,90
2026-05-05T07:00,Sudeste,1534,1618,4,75
2026-05-05T07:00,Sul,927,1018,2,55
2026-05-05T08:00,Norte,834,934,3,65
2026-05-05T08:00,Nordeste,1061,1134,5,90
2026-05-05T08:00,Sudeste,1522,1634,4,75
2026-05-05T08:00,Sul,934,1034,2,55
2026-05-05T09:00,Norte,900,949,3,65
2026-05-05T09:00,Nordeste,1115,1149,5,90
2026-05-05T09:00,Sudeste,1603,1649,4,75
2026-05-05T09:00,Sul,1009,1049,2,55
2026-05-05T10:00,Norte,909,960,3,65
2026-05-05T10:00,Nordeste,1117,1160,5,90
2026-05-05T10:00,Sudeste,1585,1660,4,75
2026-05-05T10:00,Sul,979,1060,2,55
2026-05-05T11:00,Norte,948,967,3,65
2026-05-05T11:00,Nordeste,1116,1167,5,90
2026-05-05T11:00,Sudeste,1602,1667,4,75
2026-05-05T11:00,Sul,1020,1067,2,55
2026-05-05T12:00,Norte,943,970,3,65
2026-05-05T12:00,Nordeste,1126,1170,5,90
2026-05-05T12:00,Sudeste,1637,1670,4,75
2026-05-05T12:00,Sul,1075,1070,2,55
2026-05-05T13:00,Norte,945,967,3,65
2026-05-05T13:00,Nordeste,1139,1167,5,90
2026-05-05T13:00,Sudeste,1679,1667,4,75
2026-05-05T13:00,Sul,1046,1067,2,55
2026-05-05T14:00,Norte,929,960,3,65
2026-05-05T14:00,Nordeste,1144,1160,5,90
2026-05-05T14:00,Sudeste,1644,1660,4,75
2026-05-05T14:00,Sul,1017,1060,2,55
2026-05-05T15:00,Norte,963,949,3,65
2026-05-05T15:00,Nordeste,1151,1149,5,90
2026-05-05T15:00,Sudeste,1646,1649,4,75
2026-05-05T15:00,Sul,1023,1049,2,55
2026-05-05T16:00,Norte,920,934,3,65
2026-05-05T16:00,Nordeste,1119,1134,5,90
2026-05-05T16:00,Sudeste,1605,1634,4,75
2026-05-05T16:00,Sul,1000,1034,2,55
2026-05-05T17:00,Norte,878,918,3,65
2026-05-05T17:00,Nordeste,1076,1118,5,90
2026-05-05T17:00,Sudeste,1591,1618,4,75
2026-05-05T17:00,Sul,975,1018,2,55
2026-05-05T18:00,Norte,828,900,3,65
2026-05-05T18:00,Nordeste,1077,1100,5,90
2026-05-05T18:00,Sudeste,1566,1600,4,75
2026-05-05T18:00,Sul,958,1000,2,55
2026-05-05T19:00,Norte,837,900,3,65
2026-05-05T19:00,Nordeste,1006,1100,5,90
2026-05-05T19:00,Sudeste,1535,1600,4,75
2026-05-05T19:00,Sul,950,1000,2,55
2026-05-05T20:00,Norte,811,900,3,65
2026-05-05T20:00,Nordeste,1009,1100,5,90
2026-05-05T20:00,Sudeste,1483,1600,4,75
2026-05-05T20:00,Sul,895,1000,2,55
2026-05-05T21:00,Norte,790,900,3,65
2026-05-05T21:00,Nordeste,932,1100,5,90
2026-05-05T21:00,Sudeste,1466,1600,4,75
2026-05-05T21:00,Sul,843,1000,2,55
2026-05-05T22:00,Norte,732,900,3,65
2026-05-05T22:00,Nordeste,940,1100,5,90
2026-05-05T22:00,Sudeste,1442,1600,4,75
2026-05-05T22:00,Sul,846,1000,2,55
2026-05-05T23:00,Norte,705,900,3,65
2026-05-05T23:00,Nordeste,925,1100,5,90
2026-05-05T23:00,Sudeste,1426,1600,4,75
2026-05-05T23:00,Sul,802,1000,2,55
2026-05-06T00:00,Norte,692,900,3,65
2026-05-06T00:00,Nordeste,905,1100,5,90
2026-05-06T00:00,Sudeste,1384,1600,4,75
2026-05-06T00:00,Sul,775,1000,2,55
2026-05-06T01:00,Norte,657,900,3,65
2026-05-06T01:00,Nordeste,884,1100,5,90
2026-05-06T01:00,Sudeste,1383,1600,4,75
2026-05-06T01:00,Sul,804,1000,2,55
2026-05-06T02:00,Norte,680,900,3,65
2026-05-06T02:00,Nordeste,883,1100,5,90
2026-05-06T02:00,Sudeste,1387,1600,4,75
2026-05-06T02:00,Sul,800,1000,2,55
2026-05-06T03:00,Norte,706,900,3,65
2026-05-06T03:00,Nordeste,919,1100,5,90
2026-05-06T03:00,Sudeste,1403,1600,4,75
2026-05-06T03:00,Sul,805,1000,2,55
2026-05-06T04:00,Norte,722,900,3,65
2026-05-06T04:00,Nordeste,923,1100,5,90
2026-05-06T04:00,Sudeste,1398,1600,4,75
2026-05-06T04:00,Sul,827,1000,2,55
2026-05-06T05:00,Norte,724,900,3,65
2026-05-06T05:00,Nordeste,975,1100,5,90
2026-05-06T05:00,Sudeste,1487,1600,4,75
2026-05-06T05:00,Sul,864,1000,2,55
2026-05-06T06:00,Norte,791,900,3,65
2026-05-06T06:00,Nordeste,969,1100,5,90
2026-05-06T06:00,Sudeste,1499,1600,4,75
2026-05-06T06:00,Sul,869,1000,2,55
2026-05-06T07:00,Norte,846,918,3,65
2026-05-06T07:00,Nordeste,1019,1118,5,90
2026-05-06T07:00,Sudeste,1514,1618,4,75
2026-05-06T07:00,Sul,893,1018,2,55
2026-05-06T08:00,Norte,847,934,3,65
2026-05-06T08:00,Nordeste,1030,1134,5,90
2026-05-06T08:00,Sudeste,1545,1634,4,75
2026-05-06T08:00,Sul,974,1034,2,55
2026-05-06T09:00,Norte,903,949,3,65
2026-05-06T09:00,Nordeste,1097,1149,5,90
2026-05-06T09:00,Sudeste,1591,1649,4,75
2026-05-06T09:00,Sul,1007,1049,2,55
2026-05-06T10:00,Norte,899,960,3,65
2026-05-06T10:00,Nordeste,1109,1160,5,90
2026-05-06T10:00,Sudeste,1616,1660,4,75
2026-05-06T10:00,Sul,1030,1060,2,55
2026-05-06T11:00,Norte,906,967,3,65
2026-05-06T11:00,Nordeste,1111,1167,5,90
2026-05-06T11:00,Sudeste,1637,1667,4,75
2026-05-06T11:00,Sul,1049,1067,2,55
2026-05-06T12:00,Norte,944,970,3,65
2026-05-06T12:00,Nordeste,1125,1170,5,90
2026-05-06T12:00,Sudeste,1655,1670,4,75
2026-05-06T12:00,Sul,1052,1070,2,55
2026-05-06T13:00,Norte,930,967,3,65
2026-05-06T13:00,Nordeste,1135,1167,5,90
2026-05-06T13:00,Sudeste,1657,1667,4,75
2026-05-06T13:00,Sul,1084,1067,2,55
2026-05-06T14:00,Norte,975,960,3,65
2026-05-06T14:00,Nordeste,1165,1160,5,90
2026-05-06T14:00,Sudeste,1624,1660,4,75
2026-05-06T14:00,Sul,1037,1060,2,55
2026-05-06T15:00,Norte,929,949,3,65
2026-05-06T15:00,Nordeste,1099,1149,5,90
2026-05-06T15:00,Sudeste,1622,1649,4,75
2026-05-06T15:00,Sul,1012,1049,2,55
2026-05-06T16:00,Norte,882,934,3,65
2026-05-06T16:00,Nordeste,1128,1134,5,90
2026-05-06T16:00,Sudeste,1586,1634,4,75
2026-05-06T16:00,Sul,1038,1034,2,55
2026-05-06T17:00,Norte,914,918,3,65
2026-05-06T17:00,Nordeste,1050,1118,5,90
2026-05-06T17:00,Sudeste,1614,1618,4,75
2026-05-06T17:00,Sul,993,1018,2,55
2026-05-06T18:00,Norte,873,900,3,65
2026-05-06T18:00,Nordeste,1045,1100,5,90
2026-05-06T18:00,Sudeste,1574,1600,4,75
2026-05-06T18:00,Sul,949,1000,2,55
2026-05-06T19:00,Norte,810,900,3,65
2026-05-06T19:00,Nordeste,1032,1100,5,90
2026-05-06T19:00,Sudeste,1546,1600,4,75
2026-05-06T19:00,Sul,931,1000,2,55
2026-05-06T20:00,Norte,820,900,3,65
2026-05-06T20:00,Nordeste,1000,1100,5,90
2026-05-06T20:00,Sudeste,1467,1600,4,75
2026-05-06T20:00,Sul,897,1000,2,55
2026-05-06T21:00,Norte,723,900,3,65
2026-05-06T21:00,Nordeste,976,1100,5,90
2026-05-06T21:00,Sudeste,1481,1600,4,75
2026-05-06T21:00,Sul,846,1000,2,55
2026-05-06T22:00,Norte,730,900,3,65
2026-05-06T22:00,Nordeste,907,1100,5,90
2026-05-06T22:00,Sudeste,1430,1600,4,75
2026-05-06T22:00,Sul,830,1000,2,55
2026-05-06T23:00,Norte,696,900,3,65
2026-05-06T23:00,Nordeste,905,1100,5,90
2026-05-06T23:00,Sudeste,1416,1600,4,75
2026-05-06T23:00,Sul,796,1000,2,55
2026-05-07T00:00,Norte,730,900,3,65
2026-05-07T00:00,Nordeste,909,1100,5,90
2026-05-07T00:00,Sudeste,1391,1600,4,75
2026-05-07T00:00,Sul,811,1000,2,55
2026-05-07T01:00,Norte,689,900,3,65
2026-05-07T01:00,Nordeste,857,1100,5,90
2026-05-07T01:00,Sudeste,1401,1600,4,75
2026-05-07T01:00,Sul,788,1000,2,55
2026-05-07T02:00,Norte,712,900,3,65
2026-05-07T02:00,Nordeste,892,1100,5,90
2026-05-07T02:00,Sudeste,1424,1600,4,75
2026-05-07T02:00,Sul,763,1000,2,55
2026-05-07T03:00,Norte,729,900,3,65
2026-05-07T03:00,Nordeste,934,1100,5,90
2026-05-07T03:00,Sudeste,1419,1600,4,75
2026-05-07T03:00,Sul,803,1000,2,55
2026-05-07T04:00,Norte,733,900,3,65
2026-05-07T04:00,Nordeste,910,1100,5,90
2026-05-07T04:00,Sudeste,1426,1600,4,75
2026-05-07T04:00,Sul,817,1000,2,55
2026-05-07T05:00,Norte,779,900,3,65
2026-05-07T05:00,Nordeste,923,1100,5,90
2026-05-07T05:00,Sudeste,1456,1600,4,75
2026-05-07T05:00,Sul,837,1000,2,55
2026-05-07T06:00,Norte,817,900,3,65
2026-05-07T06:00,Nordeste,1003,1100,5,90
2026-05-07T06:00,Sudeste,1474,1600,4,75
2026-05-07T06:00,Sul,907,1000,2,55
2026-05-07T07:00,Norte,853,918,3,65
2026-05-07T07:00,Nordeste,1016,1118,5,90
2026-05-07T07:00,Sudeste,1499,1618,4,75
2026-05-07T07:00,Sul,951,1018,2,55
2026-05-07T08:00,Norte,853,934,3,65
2026-05-07T08:00,Nordeste,1044,1134,5,90
2026-05-07T08:00,Sudeste,1522,1634,4,75
2026-05-07T08:00,Sul,977,1034,2,55
2026-05-07T09:00,Norte,849,949,3,65
2026-05-07T09:00,Nordeste,1054,1149,5,90
2026-05-07T09:00,Sudeste,1566,1649,4,75
2026-05-07T09:00,Sul,1005,1049,2,55
2026-05-07T10:00,Norte,932,960,3,65
2026-05-07T10:00,Nordeste,1095,1160,5,90
2026-05-07T10:00,Sudeste,1632,1660,4,75
2026-05-07T10:00,Sul,984,1060,2,55
2026-05-07T11:00,Norte,964,967,3,65
2026-05-07T11:00,Nordeste,1119,1167,5,90
2026-05-07T11:00,Sudeste,1651,1667,4,75
2026-05-07T11:00,Sul,1027,1067,2,55
2026-05-07T12:00,Norte,923,970,3,65
2026-05-07T12:00,Nordeste,1128,1170,5,90
2026-05-07T12:00,Sudeste,1665,1670,4,75
2026-05-07T12:00,Sul,1030,1070,2,55
2026-05-07T13:00,Norte,969,967,3,65
2026-05-07T13:00,Nordeste,1119,1167,5,90
2026-05-07T13:00,Sudeste,1626,1667,4,75
2026-05-07T13:00,Sul,1073,1067,2,55
2026-05-07T14:00,Norte,971,960,3,65
2026-05-07T14:00,Nordeste,1127,1160,5,90
2026-05-07T14:00,Sudeste,1625,1660,4,75
2026-05-07T14:00,Sul,1019,1060,2,55
2026-05-07T15:00,Norte,928,949,3,65
2026-05-07T15:00,Nordeste,1167,1149,5,90
2026-05-07T15:00,Sudeste,1650,1649,4,75
2026-05-07T15:00,Sul,1064,1049,2,55
2026-05-07T16:00,Norte,932,934,3,65
2026-05-07T16:00,Nordeste,1093,1134,5,90
2026-05-07T16:00,Sudeste,1609,1634,4,75
2026-05-07T16:00,Sul,1019,1034,2,55
2026-05-07T17:00,Norte,901,918,3,65
2026-05-07T17:00,Nordeste,1091,1118,5,90
2026-05-07T17:00,Sudeste,1619,1618,4,75
2026-05-07T17:00,Sul,952,1018,2,55
2026-05-07T18:00,Norte,841,900,3,65
2026-05-07T18:00,Nordeste,1022,1100,5,90
2026-05-07T18:00,Sudeste,1533,1600,4,75
2026-05-07T18:00,Sul,947,1000,2,55
2026-05-07T19:00,Norte,808,900,3,65
2026-05-07T19:00,Nordeste,1041,1100,5,90
2026-05-07T19:00,Sudeste,1534,1600,4,75
2026-05-07T19:00,Sul,932,1000,2,55
2026-05-07T20:00,Norte,785,900,3,65
2026-05-07T20:00,Nordeste,956,1100,5,90
2026-05-07T20:00,Sudeste,1459,1600,4,75
2026-05-07T20:00,Sul,910,1000,2,55
2026-05-07T21:00,Norte,737,900,3,65
2026-05-07T21:00,Nordeste,988,1100,5,90
2026-05-07T21:00,Sudeste,1473,1600,4,75
2026-05-07T21:00,Sul,882,1000,2,55
2026-05-07T22:00,Norte,735,900,3,65
2026-05-07T22:00,Nordeste,952,1100,5,90
2026-05-07T22:00,Sudeste,1457,1600,4,75
2026-05-07T22:00,Sul,814,1000,2,55
2026-05-07T23:00,Norte,694,900,3,65
2026-05-07T23:00,Nordeste,908,1100,5,90
2026-05-07T23:00,Sudeste,1401,1600,4,75
2026-05-07T23:00,Sul,784,1000,2,55
2026-05-08T00:00,Norte,700,900,3,65
2026-05-08T00:00,Nordeste,914,1100,5,90
2026-05-08T00:00,Sudeste,1382,1600,4,75
2026-05-08T00:00,Sul,820,1000,2,55
2026-05-08T01:00,Norte,684,900,3,65
2026-05-08T01:00,Nordeste,918,1100,5,90
2026-05-08T01:00,Sudeste,1377,1600,4,75
2026-05-08T01:00,Sul,815,1000,2,55
2026-05-08T02:00,Norte,678,900,3,65
2026-05-08T02:00,Nordeste,913,1100,5,90
2026-05-08T02:00,Sudeste,1375,1600,4,75
2026-05-08T02:00,Sul,781,1000,2,55
2026-05-08T03:00,Norte,722,900,3,65
2026-05-08T03:00,Nordeste,912,1100,5,90
2026-05-08T03:00,Sudeste,1388,1600,4,75
2026-05-08T03:00,Sul,786,1000,2,55
2026-05-08T04:00,Norte,731,900,3,65
2026-05-08T04:00,Nordeste,905,1100,5,90
2026-05-08T04:00,Sudeste,1461,1600,4,75
2026-05-08T04:00,Sul,856,1000,2,55
2026-05-08T05:00,Norte,758,900,3,65
2026-05-08T05:00,Nordeste,977,1100,5,90
2026-05-08T05:00,Sudeste,1425,1600,4,75
2026-05-08T05:00,Sul,876,1000,2,55
2026-05-08T06:00,Norte,763,900,3,65
2026-05-08T06:00,Nordeste,994,1100,5,90
2026-05-08T06:00,Sudeste,1465,1600,4,75
2026-05-08T06:00,Sul,909,1000,2,55
2026-05-08T07:00,Norte,791,918,3,65
2026-05-08T07:00,Nordeste,1026,1118,5,90
2026-05-08T07:00,Sudeste,1501,1618,4,75
2026-05-08T07:00,Sul,940,1018,2,55
2026-05-08T08:00,Norte,818,934,3,65
2026-05-08T08:00,Nordeste,1030,1134,5,90
2026-05-08T08:00,Sudeste,1519,1634,4,75
2026-05-08T08:00,Sul,942,1034,2,55
2026-05-08T09:00,Norte,917,949,3,65
2026-05-08T09:00,Nordeste,1097,1149,5,90
2026-05-08T09:00,Sudeste,1561,1649,4,75
2026-05-08T09:00,Sul,1004,1049,2,55
2026-05-08T10:00,Norte,942,960,3,65
2026-05-08T10:00,Nordeste,1116,1160,5,90
2026-05-08T10:00,Sudeste,1620,1660,4,75
2026-05-08T10:00,Sul,1028,1060,2,55
2026-05-08T11:00,Norte,964,967,3,65
2026-05-08T11:00,Nordeste,1101,1167,5,90
2026-05-08T11:00,Sudeste,1645,1667,4,75
2026-05-08T11:00,Sul,1057,1067,2,55
2026-05-08T12:00,Norte,967,970,3,65
2026-05-08T12:00,Nordeste,1137,1170,5,90
2026-05-08T12:00,Sudeste,1670,1670,4,75
2026-05-08T12:00,Sul,1073,1070,2,55
2026-05-08T13:00,Norte,976,967,3,65
2026-05-08T13:00,Nordeste,1162,1167,5,90
2026-05-08T13:00,Sudeste,1665,1667,4,75
2026-05-08T13:00,Sul,1045,1067,2,55
2026-05-08T14:00,Norte,927,960,3,65
2026-05-08T14:00,Nordeste,1110,1160,5,90
2026-05-08T14:00,Sudeste,1652,1660,4,75
2026-05-08T14:00,Sul,1066,1060,2,55
2026-05-08T15:00,Norte,905,949,3,65
2026-05-08T15:00,Nordeste,1139,1149,5,90
2026-05-08T15:00,Sudeste,1635,1649,4,75
2026-05-08T15:00,Sul,1023,1049,2,55
2026-05-08T16:00,Norte,945,934,3,65
2026-05-08T16:00,Nordeste,1092,1134,5,90
2026-05-08T16:00,Sudeste,1638,1634,4,75
2026-05-08T16:00,Sul,1020,1034,2,55
2026-05-08T17:00,Norte,878,918,3,65
2026-05-08T17:00,Nordeste,1064,1118,5,90
2026-05-08T17:00,Sudeste,1574,1618,4,75
2026-05-08T17:00,Sul,949,1018,2,55
2026-05-08T18:00,Norte,835,900,3,65
2026-05-08T18:00,Nordeste,1043,1100,5,90
2026-05-08T18:00,Sudeste,1546,1600,4,75
2026-05-08T18:00,Sul,934,1000,2,55
2026-05-08T19:00,Norte,798,900,3,65
2026-05-08T19:00,Nordeste,1039,1100,5,90
2026-05-08T19:00,Sudeste,1490,1600,4,75
2026-05-08T19:00,Sul,903,1000,2,55
2026-05-08T20:00,Norte,769,900,3,65
2026-05-08T20:00,Nordeste,996,1100,5,90
2026-05-08T20:00,Sudeste,1492,1600,4,75
2026-05-08T20:00,Sul,914,1000,2,55
2026-05-08T21:00,Norte,738,900,3,65
2026-05-08T21:00,Nordeste,959,1100,5,90
2026-05-08T21:00,Sudeste,1461,1600,4,75
2026-05-08T21:00,Sul,886,1000,2,55
2026-05-08T22:00,Norte,747,900,3,65
2026-05-08T22:00,Nordeste,951,1100,5,90
2026-05-08T22:00,Sudeste,1395,1600,4,75
2026-05-08T22:00,Sul,804,1000,2,55
2026-05-08T23:00,Norte,719,900,3,65
2026-05-08T23:00,Nordeste,897,1100,5,90
2026-05-08T23:00,Sudeste,1415,1600,4,75
2026-05-08T23:00,Sul,810,1000,2,55
2026-05-09T00:00,Norte,661,900,3,65
2026-05-09T00:00,Nordeste,888,1100,5,90
2026-05-09T00:00,Sudeste,1378,1600,4,75
2026-05-09T00:00,Sul,804,1000,2,55
2026-05-09T01:00,Norte,693,900,3,65
2026-05-09T01:00,Nordeste,916,1100,5,90
2026-05-09T01:00,Sudeste,1387,1600,4,75
2026-05-09T01:00,Sul,775,1000,2,55
2026-05-09T02:00,Norte,705,900,3,65
2026-05-09T02:00,Nordeste,895,1100,5,90
2026-05-09T02:00,Sudeste,1411,1600,4,75
2026-05-09T02:00,Sul,761,1000,2,55
2026-05-09T03:00,Norte,724,900,3,65
2026-05-09T03:00,Nordeste,925,1100,5,90
2026-05-09T03:00,Sudeste,1388,1600,4,75
2026-05-09T03:00,Sul,802,1000,2,55
2026-05-09T04:00,Norte,709,900,3,65
2026-05-09T04:00,Nordeste,919,1100,5,90
2026-05-09T04:00,Sudeste,1405,1600,4,75
2026-05-09T04:00,Sul,839,1000,2,55
2026-05-09T05:00,Norte,775,900,3,65
2026-05-09T05:00,Nordeste,927,1100,5,90
2026-05-09T05:00,Sudeste,1450,1600,4,75
2026-05-09T05:00,Sul,875,1000,2,55
2026-05-09T06:00,Norte,783,900,3,65
2026-05-09T06:00,Nordeste,1004,1100,5,90
2026-05-09T06:00,Sudeste,1473,1600,4,75
2026-05-09T06:00,Sul,856,1000,2,55
2026-05-09T07:00,Norte,828,918,3,65
2026-05-09T07:00,Nordeste,1016,1118,5,90
2026-05-09T07:00,Sudeste,1508,1618,4,75
2026-05-09T07:00,Sul,938,1018,2,55
2026-05-09T08:00,Norte,870,934,3,65
2026-05-09T08:00,Nordeste,1054,1134,5,90
2026-05-09T08:00,Sudeste,1563,1634,4,75
2026-05-09T08:00,Sul,985,1034,2,55
2026-05-09T09:00,Norte,890,949,3,65
2026-05-09T09:00,Nordeste,1105,1149,5,90
2026-05-09T09:00,Sudeste,1557,1649,4,75
2026-05-09T09:00,Sul,996,1049,2,55
2026-05-09T10:00,Norte,919,960,3,65
2026-05-09T10:00,Nordeste,1135,1160,5,90
2026-05-09T10:00,Sudeste,1630,1660,4,75
2026-05-09T10:00,Sul,1041,1060,2,55
2026-05-09T11:00,Norte,944,967,3,65
2026-05-09T11:00,Nordeste,1099,1167,5,90
2026-05-09T11:00,Sudeste,1634,1667,4,75
2026-05-09T11:00,Sul,1003,1067,2,55
2026-05-09T12:00,Norte,962,970,3,65
2026-05-09T12:00,Nordeste,1177,1170,5,90
2026-05-09T12:00,Sudeste,1645,1670,4,75
2026-05-09T12:00,Sul,1072,1070,2,55
2026-05-09T13:00,Norte,970,967,3,65
2026-05-09T13:00,Nordeste,1140,1167,5,90
2026-05-09T13:00,Sudeste,1662,1667,4,75
2026-05-09T13:00,Sul,1051,1067,2,55
2026-05-09T14:00,Norte,950,960,3,65
2026-05-09T14:00,Nordeste,1139,1160,5,90
2026-05-09T14:00,Sudeste,1676,1660,4,75
2026-05-09T14:00,Sul,1043,1060,2,55
2026-05-09T15:00,Norte,915,949,3,65
2026-05-09T15:00,Nordeste,1150,1149,5,90
2026-05-09T15:00,Sudeste,1639,1649,4,75
2026-05-09T15:00,Sul,998,1049,2,55
2026-05-09T16:00,Norte,945,934,3,65
2026-05-09T16:00,Nordeste,1139,1134,5,90
2026-05-09T16:00,Sudeste,1598,1634,4,75
2026-05-09T16:00,Sul,1019,1034,2,55
2026-05-09T17:00,Norte,864,918,3,65
2026-05-09T17:00,Nordeste,1054,1118,5,90
2026-05-09T17:00,Sudeste,1575,1618,4,75
2026-05-09T17:00,Sul,976,1018,2,55
2026-05-09T18:00,Norte,871,900,3,65
2026-05-09T18:00,Nordeste,1084,1100,5,90
2026-05-09T18:00,Sudeste,1588,1600,4,75
2026-05-09T18:00,Sul,948,1000,2,55
2026-05-09T19:00,Norte,836,900,3,65
2026-05-09T19:00,Nordeste,1000,1100,5,90
2026-05-09T19:00,Sudeste,1492,1600,4,75
2026-05-09T19:00,Sul,895,1000,2,55
2026-05-09T20:00,Norte,772,900,3,65
2026-05-09T20:00,Nordeste,995,1100,5,90
2026-05-09T20:00,Sudeste,1486,1600,4,75
2026-05-09T20:00,Sul,870,1000,2,55
2026-05-09T21:00,Norte,740,900,3,65
2026-05-09T21:00,Nordeste,953,1100,5,90
2026-05-09T21:00,Sudeste,1478,1600,4,75
2026-05-09T21:00,Sul,870,1000,2,55
2026-05-09T22:00,Norte,730,900,3,65
2026-05-09T22:00,Nordeste,941,1100,5,90
2026-05-09T22:00,Sudeste,1434,1600,4,75
2026-05-09T22:00,Sul,854,1000,2,55
2026-05-09T23:00,Norte,714,900,3,65
2026-05-09T23:00,Nordeste,887,1100,5,90
2026-05-09T23:00,Sudeste,1438,1600,4,75
2026-05-09T23:00,Sul,809,1000,2,55
2026-05-10T00:00,Norte,674,900,3,65
2026-05-10T00:00,Nordeste,909,1100,5,90
2026-05-10T00:00,Sudeste,1406,1600,4,75
2026-05-10T00:00,Sul,809,1000,2,55
2026-05-10T01:00,Norte,665,900,3,65
2026-05-10T01:00,Nordeste,870,1100,5,90
2026-05-10T01:00,Sudeste,1410,1600,4,75
2026-05-10T01:00,Sul,816,1000,2,55
2026-05-10T02:00,Norte,665,900,3,65
2026-05-10T02:00,Nordeste,884,1100,5,90
2026-05-10T02:00,Sudeste,1398,1600,4,75
2026-05-10T02:00,Sul,767,1000,2,55
2026-05-10T03:00,Norte,724,900,3,65
2026-05-10T03:00,Nordeste,924,1100,5,90
2026-05-10T03:00,Sudeste,1373,1600,4,75
2026-05-10T03:00,Sul,811,1000,2,55
2026-05-10T04:00,Norte,748,900,3,65
2026-05-10T04:00,Nordeste,898,1100,5,90
2026-05-10T04:00,Sudeste,1429,1600,4,75
2026-05-10T04:00,Sul,801,1000,2,55
2026-05-10T05:00,Norte,740,900,3,65
2026-05-10T05:00,Nordeste,931,1100,5,90
2026-05-10T05:00,Sudeste,1485,1600,4,75
2026-05-10T05:00,Sul,887,1000,2,55
2026-05-10T06:00,Norte,777,900,3,65
2026-05-10T06:00,Nordeste,985,1100,5,90
2026-05-10T06:00,Sudeste,1469,1600,4,75
2026-05-10T06:00,Sul,915,1000,2,55
2026-05-10T07:00,Norte,830,918,3,65
2026-05-10T07:00,Nordeste,1027,1118,5,90
2026-05-10T07:00,Sudeste,1552,1618,4,75
2026-05-10T07:00,Sul,916,1018,2,55
2026-05-10T08:00,Norte,818,934,3,65
2026-05-10T08:00,Nordeste,1055,1134,5,90
2026-05-10T08:00,Sudeste,1532,1634,4,75
2026-05-10T08:00,Sul,935,1034,2,55
2026-05-10T09:00,Norte,898,949,3,65
2026-05-10T09:00,Nordeste,1105,1149,5,90
2026-05-10T09:00,Sudeste,1567,1649,4,75
2026-05-10T09:00,Sul,973,1049,2,55
2026-05-10T10:00,Norte,921,960,3,65
2026-05-10T10:00,Nordeste,1114,1160,5,90
2026-05-10T10:00,Sudeste,1612,1660,4,75
2026-05-10T10:00,Sul,984,1060,2,55
2026-05-10T11:00,Norte,947,967,3,65
2026-05-10T11:00,Nordeste,1097,1167,5,90
2026-05-10T11:00,Sudeste,1644,1667,4,75
2026-05-10T11:00,Sul,1036,1067,2,55
2026-05-10T12:00,Norte,927,970,3,65
2026-05-10T12:00,Nordeste,1150,1170,5,90
2026-05-10T12:00,Sudeste,1655,1670,4,75
2026-05-10T12:00,Sul,1044,1070,2,55
2026-05-10T13:00,Norte,937,967,3,65
2026-05-10T13:00,Nordeste,1117,1167,5,90
2026-05-10T13:00,Sudeste,1651,1667,4,75
2026-05-10T13:00,Sul,1078,1067,2,55
2026-05-10T14:00,Norte,913,960,3,65
2026-05-10T14:00,Nordeste,1156,1160,5,90
2026-05-10T14:00,Sudeste,1620,1660,4,75
2026-05-10T14:00,Sul,1042,1060,2,55
2026-05-10T15:00,Norte,963,949,3,65
2026-05-10T15:00,Nordeste,1105,1149,5,90
2026-05-10T15:00,Sudeste,1652,1649,4,75
2026-05-10T15:00,Sul,1034,1049,2,55
2026-05-10T16:00,Norte,942,934,3,65
2026-05-10T16:00,Nordeste,1085,1134,5,90
2026-05-10T16:00,Sudeste,1627,1634,4,75
2026-05-10T16:00,Sul,991,1034,2,55
2026-05-10T17:00,Norte,893,918,3,65
2026-05-10T17:00,Nordeste,1104,1118,5,90
2026-05-10T17:00,Sudeste,1570,1618,4,75
2026-05-10T17:00,Sul,971,1018,2,55
2026-05-10T18:00,Norte,882,900,3,65
2026-05-10T18:00,Nordeste,1024,1100,5,90
2026-05-10T18:00,Sudeste,1519,1600,4,75
2026-05-10T18:00,Sul,946,1000,2,55
2026-05-10T19:00,Norte,787,900,3,65
2026-05-10T19:00,Nordeste,988,1100,5,90
2026-05-10T19:00,Sudeste,1516,1600,4,75
2026-05-10T19:00,Sul,951,1000,2,55
2026-05-10T20:00,Norte,788,900,3,65
2026-05-10T20:00,Nordeste,971,1100,5,90
2026-05-10T20:00,Sudeste,1501,1600,4,75
2026-05-10T20:00,Sul,881,1000,2,55
2026-05-10T21:00,Norte,732,900,3,65
2026-05-10T21:00,Nordeste,956,1100,5,90
2026-05-10T21:00,Sudeste,1432,1600,4,75
2026-05-10T21:00,Sul,825,1000,2,55
2026-05-10T22:00,Norte,712,900,3,65
2026-05-10T22:00,Nordeste,958,1100,5,90
2026-05-10T22:00,Sudeste,1413,1600,4,75
2026-05-10T22:00,Sul,822,1000,2,55
2026-05-10T23:00,Norte,721,900,3,65
2026-05-10T23:00,Nordeste,919,1100,5,90
2026-05-10T23:00,Sudeste,1373,1600,4,75
2026-05-10T23:00,Sul,796,1000,2,55
2026-05-11T00:00,Norte,723,900,3,65
2026-05-11T00:00,Nordeste,894,1100,5,90
2026-05-11T00:00,Sudeste,1410,1600,4,75
2026-05-11T00:00,Sul,775,1000,2,55
2026-05-11T01:00,Norte,692,900,3,65
2026-05-11T01:00,Nordeste,869,1100,5,90
2026-05-11T01:00,Sudeste,1383,1600,4,75
2026-05-11T01:00,Sul,773,1000,2,55
2026-05-11T02:00,Norte,723,900,3,65
2026-05-11T02:00,Nordeste,880,1100,5,90
2026-05-11T02:00,Sudeste,1415,1600,4,75
2026-05-11T02:00,Sul,789,1000,2,55
2026-05-11T03:00,Norte,719,900,3,65
2026-05-11T03:00,Nordeste,905,1100,5,90
2026-05-11T03:00,Sudeste,1436,1600,4,75
2026-05-11T03:00,Sul,793,1000,2,55
2026-05-11T04:00,Norte,722,900,3,65
2026-05-11T04:00,Nordeste,945,1100,5,90
2026-05-11T04:00,Sudeste,1405,1600,4,75
2026-05-11T04:00,Sul,843,1000,2,55
2026-05-11T05:00,Norte,788,900,3,65
2026-05-11T05:00,Nordeste,933,1100,5,90
2026-05-11T05:00,Sudeste,1431,1600,4,75
2026-05-11T05:00,Sul,887,1000,2,55
2026-05-11T06:00,Norte,804,900,3,65
2026-05-11T06:00,Nordeste,961,1100,5,90
2026-05-11T06:00,Sudeste,1473,1600,4,75
2026-05-11T06:00,Sul,867,1000,2,55
2026-05-11T07:00,Norte,855,918,3,65
2026-05-11T07:00,Nordeste,1028,1118,5,90
2026-05-11T07:00,Sudeste,1511,1618,4,75
2026-05-11T07:00,Sul,934,1018,2,55
2026-05-11T08:00,Norte,845,934,3,65
2026-05-11T08:00,Nordeste,1052,1134,5,90
2026-05-11T08:00,Sudeste,1557,1634,4,75
2026-05-11T08:00,Sul,947,1034,2,55
2026-05-11T09:00,Norte,861,949,3,65
2026-05-11T09:00,Nordeste,1067,1149,5,90
2026-05-11T09:00,Sudeste,1576,1649,4,75
2026-05-11T09:00,Sul,957,1049,2,55
2026-05-11T10:00,Norte,946,960,3,65
2026-05-11T10:00,Nordeste,1083,1160,5,90
2026-05-11T10:00,Sudeste,1616,1660,4,75
2026-05-11T10:00,Sul,999,1060,2,55
2026-05-11T11:00,Norte,943,967,3,65
2026-05-11T11:00,Nordeste,1145,1167,5,90
2026-05-11T11:00,Sudeste,1647,1667,4,75
2026-05-11T11:00,Sul,1052,1067,2,55
2026-05-11T12:00,Norte,912,970,3,65
2026-05-11T12:00,Nordeste,1154,1170,5,90
2026-05-11T12:00,Sudeste,1678,1670,4,75
2026-05-11T12:00,Sul,1064,1070,2,55
2026-05-11T13:00,Norte,965,967,3,65
2026-05-11T13:00,Nordeste,1177,1167,5,90
2026-05-11T13:00,Sudeste,1626,1667,4,75
2026-05-11T13:00,Sul,1017,1067,2,55
2026-05-11T14:00,Norte,941,960,3,65
2026-05-11T14:00,Nordeste,1180,1160,5,90
2026-05-11T14:00,Sudeste,1611,1660,4,75
2026-05-11T14:00,Sul,1048,1060,2,55
2026-05-11T15:00,Norte,923,949,3,65
2026-05-11T15:00,Nordeste,1111,1149,5,90
2026-05-11T15:00,Sudeste,1645,1649,4,75
2026-05-11T15:00,Sul,1029,1049,2,55
2026-05-11T16:00,Norte,907,934,3,65
2026-05-11T16:00,Nordeste,1088,1134,5,90
2026-05-11T16:00,Sudeste,1607,1634,4,75
2026-05-11T16:00,Sul,1021,1034,2,55
2026-05-11T17:00,Norte,893,918,3,65
2026-05-11T17:00,Nordeste,1104,1118,5,90
2026-05-11T17:00,Sudeste,1602,1618,4,75
2026-05-11T17:00,Sul,979,1018,2,55
2026-05-11T18:00,Norte,824,900,3,65
2026-05-11T18:00,Nordeste,1031,1100,5,90
2026-05-11T18:00,Sudeste,1561,1600,4,75
2026-05-11T18:00,Sul,951,1000,2,55
2026-05-11T19:00,Norte,811,900,3,65
2026-05-11T19:00,Nordeste,1006,1100,5,90
2026-05-11T19:00,Sudeste,1525,1600,4,75
2026-05-11T19:00,Sul,892,1000,2,55
2026-05-11T20:00,Norte,822,900,3,65
2026-05-11T20:00,Nordeste,971,1100,5,90
2026-05-11T20:00,Sudeste,1461,1600,4,75
2026-05-11T20:00,Sul,892,1000,2,55
2026-05-11T21:00,Norte,749,900,3,65
2026-05-11T21:00,Nordeste,940,1100,5,90
2026-05-11T21:00,Sudeste,1426,1600,4,75
2026-05-11T21:00,Sul,872,1000,2,55
2026-05-11T22:00,Norte,702,900,3,65
2026-05-11T22:00,Nordeste,924,1100,5,90
2026-05-11T22:00,Sudeste,1414,1600,4,75
2026-05-11T22:00,Sul,817,1000,2,55
2026-05-11T23:00,Norte,693,900,3,65
2026-05-11T23:00,Nordeste,903,1100,5,90
2026-05-11T23:00,Sudeste,1430,1600,4,75
2026-05-11T23:00,Sul,824,1000,2,55
2026-05-12T00:00,Norte,719,900,3,65
2026-05-12T00:00,Nordeste,918,1100,5,90
2026-05-12T00:00,Sudeste,1399,1600,4,75
2026-05-12T00:00,Sul,786,1000,2,55
2026-05-12T01:00,Norte,675,900,3,65
2026-05-12T01:00,Nordeste,923,1100,5,90
2026-05-12T01:00,Sudeste,1410,1600,4,75
2026-05-12T01:00,Sul,796,1000,2,55
2026-05-12T02:00,Norte,672,900,3,65
2026-05-12T02:00,Nordeste,916,1100,5,90
2026-05-12T02:00,Sudeste,1421,1600,4,75
2026-05-12T02:00,Sul,771,1000,2,55
2026-05-12T03:00,Norte,736,900,3,65
2026-05-12T03:00,Nordeste,898,1100,5,90
2026-05-12T03:00,Sudeste,1377,1600,4,75
2026-05-12T03:00,Sul,803,1000,2,55
2026-05-12T04:00,Norte,702,900,3,65
2026-05-12T04:00,Nordeste,948,1100,5,90
2026-05-12T04:00,Sudeste,1453,1600,4,75
2026-05-12T04:00,Sul,837,1000,2,55
2026-05-12T05:00,Norte,743,900,3,65
2026-05-12T05:00,Nordeste,980,1100,5,90
2026-05-12T05:00,Sudeste,1459,1600,4,75
2026-05-12T05:00,Sul,861,1000,2,55
2026-05-12T06:00,Norte,799,900,3,65
2026-05-12T06:00,Nordeste,1021,1100,5,90
2026-05-12T06:00,Sudeste,1502,1600,4,75
2026-05-12T06:00,Sul,865,1000,2,55
2026-05-12T07:00,Norte,798,918,3,65
2026-05-12T07:00,Nordeste,998,1118,5,90
2026-05-12T07:00,Sudeste,1491,1618,4,75
2026-05-12T07:00,Sul,886,1018,2,55
2026-05-12T08:00,Norte,832,934,3,65
2026-05-12T08:00,Nordeste,1018,1134,5,90
2026-05-12T08:00,Sudeste,1561,1634,4,75
2026-05-12T08:00,Sul,919,1034,2,55
2026-05-12T09:00,Norte,899,949,3,65
2026-05-12T09:00,Nordeste,1078,1149,5,90
2026-05-12T09:00,Sudeste,1574,1649,4,75
2026-05-12T09:00,Sul,999,1049,2,55
2026-05-12T10:00,Norte,936,960,3,65
2026-05-12T10:00,Nordeste,1123,1160,5,90
2026-05-12T10:00,Sudeste,1586,1660,4,75
2026-05-12T10:00,Sul,986,1060,2,55
2026-05-12T11:00,Norte,929,967,3,65
2026-05-12T11:00,Nordeste,1121,1167,5,90
2026-05-12T11:00,Sudeste,1638,1667,4,75
2026-05-12T11:00,Sul,1028,1067,2,55
2026-05-12T12:00,Norte,954,970,3,65
2026-05-12T12:00,Nordeste,1169,1170,5,90
2026-05-12T12:00,Sudeste,1630,1670,4,75
2026-05-12T12:00,Sul,1048,1070,2,55
2026-05-12T13:00,Norte,915,967,3,65
2026-05-12T13:00,Nordeste,1185,1167,5,90
2026-05-12T13:00,Sudeste,1626,1667,4,75
2026-05-12T13:00,Sul,1068,1067,2,55
2026-05-12T14:00,Norte,967,960,3,65
2026-05-12T14:00,Nordeste,1138,1160,5,90
2026-05-12T14:00,Sudeste,1663,1660,4,75
2026-05-12T14:00,Sul,1061,1060,2,55
2026-05-12T15:00,Norte,960,949,3,65
2026-05-12T15:00,Nordeste,1119,1149,5,90
2026-05-12T15:00,Sudeste,1649,1649,4,75
2026-05-12T15:00,Sul,1009,1049,2,55
2026-05-12T16:00,Norte,894,934,3,65
2026-05-12T16:00,Nordeste,1127,1134,5,90
2026-05-12T16:00,Sudeste,1632,1634,4,75
2026-05-12T16:00,Sul,1039,1034,2,55
2026-05-12T17:00,Norte,869,918,3,65
2026-05-12T17:00,Nordeste,1049,1118,5,90
2026-05-12T17:00,Sudeste,1613,1618,4,75
2026-05-12T17:00,Sul,1009,1018,2,55
2026-05-12T18:00,Norte,838,900,3,65
2026-05-12T18:00,Nordeste,1018,1100,5,90
2026-05-12T18:00,Sudeste,1550,1600,4,75
2026-05-12T18:00,Sul,971,1000,2,55
2026-05-12T19:00,Norte,852,900,3,65
2026-05-12T19:00,Nordeste,1045,1100,5,90
2026-05-12T19:00,Sudeste,1499,1600,4,75
2026-05-12T19:00,Sul,920,1000,2,55
2026-05-12T20:00,Norte,817,900,3,65
2026-05-12T20:00,Nordeste,1007,1100,5,90
2026-05-12T20:00,Sudeste,1507,1600,4,75
2026-05-12T20:00,Sul,900,1000,2,55
2026-05-12T21:00,Norte,748,900,3,65
2026-05-12T21:00,Nordeste,972,1100,5,90
2026-05-12T21:00,Sudeste,1441,1600,4,75
2026-05-12T21:00,Sul,848,1000,2,55
2026-05-12T22:00,Norte,705,900,3,65
2026-05-12T22:00,Nordeste,903,1100,5,90
2026-05-12T22:00,Sudeste,1397,1600,4,75
2026-05-12T22:00,Sul,827,1000,2,55
2026-05-12T23:00,Norte,728,900,3,65
2026-05-12T23:00,Nordeste,913,1100,5,90
2026-05-12T23:00,Sudeste,1390,1600,4,75
2026-05-12T23:00,Sul,810,1000,2,55
2026-05-13T00:00,Norte,679,900,3,65
2026-05-13T00:00,Nordeste,905,1100,5,90
2026-05-13T00:00,Sudeste,1389,1600,4,75
2026-05-13T00:00,Sul,815,1000,2,55
2026-05-13T01:00,Norte,670,900,3,65
2026-05-13T01:00,Nordeste,891,1100,5,90
2026-05-13T01:00,Sudeste,1366,1600,4,75
2026-05-13T01:00,Sul,779,1000,2,55
2026-05-13T02:00,Norte,722,900,3,65
2026-05-13T02:00,Nordeste,870,1100,5,90
2026-05-13T02:00,Sudeste,1389,1600,4,75
2026-05-13T02:00,Sul,827,1000,2,55
2026-05-13T03:00,Norte,691,900,3,65
2026-05-13T03:00,Nordeste,875,1100,5,90
2026-05-13T03:00,Sudeste,1397,1600,4,75
2026-05-13T03:00,Sul,788,1000,2,55
2026-05-13T04:00,Norte,706,900,3,65
2026-05-13T04:00,Nordeste,908,1100,5,90
2026-05-13T04:00,Sudeste,1437,1600,4,75
2026-05-13T04:00,Sul,801,1000,2,55
2026-05-13T05:00,Norte,734,900,3,65
2026-05-13T05:00,Nordeste,955,1100,5,90
2026-05-13T05:00,Sudeste,1481,1600,4,75
2026-05-13T05:00,Sul,846,1000,2,55
2026-05-13T06:00,Norte,753,900,3,65
2026-05-13T06:00,Nordeste,967,1100,5,90
2026-05-13T06:00,Sudeste,1492,1600,4,75
2026-05-13T06:00,Sul,918,1000,2,55
2026-05-13T07:00,Norte,789,918,3,65
2026-05-13T07:00,Nordeste,993,1118,5,90
2026-05-13T07:00,Sudeste,1493,1618,4,75
2026-05-13T07:00,Sul,948,1018,2,55
2026-05-13T08:00,Norte,847,934,3,65
2026-05-13T08:00,Nordeste,1076,1134,5,90
2026-05-13T08:00,Sudeste,1549,1634,4,75
2026-05-13T08:00,Sul,962,1034,2,55
2026-05-13T09:00,Norte,857,949,3,65
2026-05-13T09:00,Nordeste,1060,1149,5,90
2026-05-13T09:00,Sudeste,1605,1649,4,75
2026-05-13T09:00,Sul,985,1049,2,55
2026-05-13T10:00,Norte,925,960,3,65
2026-05-13T10:00,Nordeste,1137,1160,5,90
2026-05-13T10:00,Sudeste,1631,1660,4,75
2026-05-13T10:00,Sul,1039,1060,2,55
2026-05-13T11:00,Norte,961,967,3,65
2026-05-13T11:00,Nordeste,1122,1167,5,90
2026-05-13T11:00,Sudeste,1632,1667,4,75
2026-05-13T11:00,Sul,1032,1067,2,55
2026-05-13T12:00,Norte,958,970,3,65
2026-05-13T12:00,Nordeste,1176,1170,5,90
2026-05-13T12:00,Sudeste,1639,1670,4,75
2026-05-13T12:00,Sul,1015,1070,2,55
2026-05-13T13:00,Norte,954,967,3,65
2026-05-13T13:00,Nordeste,1128,1167,5,90
2026-05-13T13:00,Sudeste,1659,1667,4,75
2026-05-13T13:00,Sul,1071,1067,2,55
2026-05-13T14:00,Norte,963,960,3,65
2026-05-13T14:00,Nordeste,1146,1160,5,90
2026-05-13T14:00,Sudeste,1655,1660,4,75
2026-05-13T14:00,Sul,1015,1060,2,55
2026-05-13T15:00,Norte,935,949,3,65
2026-05-13T15:00,Nordeste,1161,1149,5,90
2026-05-13T15:00,Sudeste,1655,1649,4,75
2026-05-13T15:00,Sul,1026,1049,2,55
2026-05-13T16:00,Norte,906,934,3,65
2026-05-13T16:00,Nordeste,1092,1134,5,90
2026-05-13T16:00,Sudeste,1610,1634,4,75
2026-05-13T16:00,Sul,1015,1034,2,55
2026-05-13T17:00,Norte,849,918,3,65
2026-05-13T17:00,Nordeste,1061,1118,5,90
2026-05-13T17:00,Sudeste,1568,1618,4,75
2026-05-13T17:00,Sul,974,1018,2,55
2026-05-13T18:00,Norte,852,900,3,65
2026-05-13T18:00,Nordeste,1047,1100,5,90
2026-05-13T18:00,Sudeste,1540,1600,4,75
2026-05-13T18:00,Sul,951,1000,2,55
2026-05-13T19:00,Norte,811,900,3,65
2026-05-13T19:00,Nordeste,1018,1100,5,90
2026-05-13T19:00,Sudeste,1495,1600,4,75
2026-05-13T19:00,Sul,946,1000,2,55
2026-05-13T20:00,Norte,756,900,3,65
2026-05-13T20:00,Nordeste,992,1100,5,90
2026-05-13T20:00,Sudeste,1457,1600,4,75
2026-05-13T20:00,Sul,917,1000,2,55
2026-05-13T21:00,Norte,763,900,3,65
2026-05-13T21:00,Nordeste,960,1100,5,90
2026-05-13T21:00,Sudeste,1486,1600,4,75
2026-05-13T21:00,Sul,871,1000,2,55
2026-05-13T22:00,Norte,737,900,3,65
2026-05-13T22:00,Nordeste,933,1100,5,90
2026-05-13T22:00,Sudeste,1434,1600,4,75
2026-05-13T22:00,Sul,832,1000,2,55
2026-05-13T23:00,Norte,724,900,3,65
2026-05-13T23:00,Nordeste,907,1100,5,90
2026-05-13T23:00,Sudeste,1373,1600,4,75
2026-05-13T23:00,Sul,798,1000,2,55
2026-05-14T00:00,Norte,679,900,3,65
2026-05-14T00:00,Nordeste,915,1100,5,90
2026-05-14T00:00,Sudeste,1405,1600,4,75
2026-05-14T00:00,Sul,769,1000,2,55
2026-05-14T01:00,Norte,695,900,3,65
2026-05-14T01:00,Nordeste,894,1100,5,90
2026-05-14T01:00,Sudeste,1395,1600,4,75
2026-05-14T01:00,Sul,808,1000,2,55
2026-05-14T02:00,Norte,716,900,3,65
2026-05-14T02:00,Nordeste,875,1100,5,90
2026-05-14T02:00,Sudeste,1385,1600,4,75
2026-05-14T02:00,Sul,805,1000,2,55
2026-05-14T03:00,Norte,713,900,3,65
2026-05-14T03:00,Nordeste,925,1100,5,90
2026-05-14T03:00,Sudeste,1404,1600,4,75
2026-05-14T03:00,Sul,834,1000,2,55
2026-05-14T04:00,Norte,753,900,3,65
2026-05-14T04:00,Nordeste,912,1100,5,90
2026-05-14T04:00,Sudeste,1440,1600,4,75
2026-05-14T04:00,Sul,826,1000,2,55
2026-05-14T05:00,Norte,771,900,3,65
2026-05-14T05:00,Nordeste,962,1100,5,90
2026-05-14T05:00,Sudeste,1468,1600,4,75
2026-05-14T05:00,Sul,857,1000,2,55
2026-05-14T06:00,Norte,754,900,3,65
2026-05-14T06:00,Nordeste,993,1100,5,90
2026-05-14T06:00,Sudeste,1470,1600,4,75
2026-05-14T06:00,Sul,853,1000,2,55
2026-05-14T07:00,Norte,821,918,3,65
2026-05-14T07:00,Nordeste,1044,1118,5,90
2026-05-14T07:00,Sudeste,1510,1618,4,75
2026-05-14T07:00,Sul,909,1018,2,55
2026-05-14T08:00,Norte,1052,934,3,65
2026-05-14T08:00,Nordeste,1291,1134,5,90
2026-05-14T08:00,Sudeste,1772,1634,4,75
2026-05-14T08:00,Sul,1165,1034,2,55
2026-05-14T09:00,Norte,1121,949,3,65
2026-05-14T09:00,Nordeste,1315,1149,5,90
2026-05-14T09:00,Sudeste,1783,1649,4,75
2026-05-14T09:00,Sul,1211,1049,2,55
2026-05-14T10:00,Norte,1134,960,3,65
2026-05-14T10:00,Nordeste,1326,1160,5,90
2026-05-14T10:00,Sudeste,1818,1660,4,75
2026-05-14T10:00,Sul,1198,1060,2,55
2026-05-14T11:00,Norte,1124,967,3,65
2026-05-14T11:00,Nordeste,1351,1167,5,90
2026-05-14T11:00,Sudeste,1871,1667,4,75
2026-05-14T11:00,Sul,1269,1067,2,55
2026-05-14T12:00,Norte,1155,970,3,65
2026-05-14T12:00,Nordeste,1336,1170,5,90
2026-05-14T12:00,Sudeste,1863,1670,4,75
2026-05-14T12:00,Sul,1242,1070,2,55
2026-05-14T13:00,Norte,1183,967,3,65
2026-05-14T13:00,Nordeste,1363,1167,5,90
2026-05-14T13:00,Sudeste,1874,1667,4,75
2026-05-14T13:00,Sul,1284,1067,2,55
2026-05-14T14:00,Norte,1145,960,3,65
2026-05-14T14:00,Nordeste,1342,1160,5,90
2026-05-14T14:00,Sudeste,1855,1660,4,75
2026-05-14T14:00,Sul,1273,1060,2,55
2026-05-14T15:00,Norte,1139,949,3,65
2026-05-14T15:00,Nordeste,1364,1149,5,90
2026-05-14T15:00,Sudeste,1883,1649,4,75
2026-05-14T15:00,Sul,1263,1049,2,55
2026-05-14T16:00,Norte,1123,934,3,65
2026-05-14T16:00,Nordeste,1306,1134,5,90
2026-05-14T16:00,Sudeste,1857,1634,4,75
2026-05-14T16:00,Sul,1244,1034,2,55
2026-05-14T17:00,Norte,1090,918,3,65
2026-05-14T17:00,Nordeste,1274,1118,5,90
2026-05-14T17:00,Sudeste,1830,1618,4,75
2026-05-14T17:00,Sul,1211,1018,2,55
2026-05-14T18:00,Norte,1091,900,3,65
2026-05-14T18:00,Nordeste,1303,1100,5,90
2026-05-14T18:00,Sudeste,1775,1600,4,75
2026-05-14T18:00,Sul,1166,1000,2,55
2026-05-14T19:00,Norte,1029,900,3,65
2026-05-14T19:00,Nordeste,1236,1100,5,90
2026-05-14T19:00,Sudeste,1726,1600,4,75
2026-05-14T19:00,Sul,1160,1000,2,55
2026-05-14T20:00,Norte,1017,900,3,65
2026-05-14T20:00,Nordeste,1237,1100,5,90
2026-05-14T20:00,Sudeste,1698,1600,4,75
2026-05-14T20:00,Sul,1125,1000,2,55
2026-05-14T21:00,Norte,1006,900,3,65
2026-05-14T21:00,Nordeste,1176,1100,5,90
2026-05-14T21:00,Sudeste,1711,1600,4,75
2026-05-14T21:00,Sul,1107,1000,2,55
2026-05-14T22:00,Norte,971,900,3,65
2026-05-14T22:00,Nordeste,1154,1100,5,90
2026-05-14T22:00,Sudeste,1658,1600,4,75
2026-05-14T22:00,Sul,1036,1000,2,55
2026-05-14T23:00,Norte,948,900,3,65
2026-05-14T23:00,Nordeste,1142,1100,5,90
2026-05-14T23:00,Sudeste,1635,1600,4,75
2026-05-14T23:00,Sul,1033,1000,2,55
2026-05-15T00:00,Norte,923,900,3,65
2026-05-15T00:00,Nordeste,1147,1100,5,90
2026-05-15T00:00,Sudeste,1623,1600,4,75
2026-05-15T00:00,Sul,994,1000,2,55
2026-05-15T01:00,Norte,882,900,3,65
2026-05-15T01:00,Nordeste,1120,1100,5,90
2026-05-15T01:00,Sudeste,1575,1600,4,75
2026-05-15T01:00,Sul,984,1000,2,55
2026-05-15T02:00,Norte,941,900,3,65
2026-05-15T02:00,Nordeste,1108,1100,5,90
2026-05-15T02:00,Sudeste,1632,1600,4,75
2026-05-15T02:00,Sul,1017,1000,2,55
2026-05-15T03:00,Norte,896,900,3,65
2026-05-15T03:00,Nordeste,1114,1100,5,90
2026-05-15T03:00,Sudeste,1599,1600,4,75
2026-05-15T03:00,Sul,1046,1000,2,55
2026-05-15T04:00,Norte,949,900,3,65
2026-05-15T04:00,Nordeste,1160,1100,5,90
2026-05-15T04:00,Sudeste,1652,1600,4,75
2026-05-15T04:00,Sul,1084,1000,2,55
2026-05-15T05:00,Norte,948,900,3,65
2026-05-15T05:00,Nordeste,1146,1100,5,90
2026-05-15T05:00,Sudeste,1661,1600,4,75
2026-05-15T05:00,Sul,1091,1000,2,55
2026-05-15T06:00,Norte,991,900,3,65
2026-05-15T06:00,Nordeste,1182,1100,5,90
2026-05-15T06:00,Sudeste,1736,1600,4,75
2026-05-15T06:00,Sul,1125,1000,2,55
2026-05-15T07:00,Norte,1047,918,3,65
2026-05-15T07:00,Nordeste,1269,1118,5,90
2026-05-15T07:00,Sudeste,1769,1618,4,75
2026-05-15T07:00,Sul,1105,1018,2,55
2026-05-15T08:00,Norte,1097,934,3,65
2026-05-15T08:00,Nordeste,1264,1134,5,90
2026-05-15T08:00,Sudeste,1807,1634,4,75
2026-05-15T08:00,Sul,1140,1034,2,55
2026-05-15T09:00,Norte,1080,949,3,65
2026-05-15T09:00,Nordeste,1337,1149,5,90
2026-05-15T09:00,Sudeste,1822,1649,4,75
2026-05-15T09:00,Sul,1200,1049,2,55
2026-05-15T10:00,Norte,1103,960,3,65
2026-05-15T10:00,Nordeste,1352,1160,5,90
2026-05-15T10:00,Sudeste,1809,1660,4,75
2026-05-15T10:00,Sul,1201,1060,2,55
2026-05-15T11:00,Norte,1147,967,3,65
2026-05-15T11:00,Nordeste,1379,1167,5,90
2026-05-15T11:00,Sudeste,1860,1667,4,75
2026-05-15T11:00,Sul,1287,1067,2,55
2026-05-15T12:00,Norte,1155,970,3,65
2026-05-15T12:00,Nordeste,1393,1170,5,90
2026-05-15T12:00,Sudeste,1869,1670,4,75
2026-05-15T12:00,Sul,1231,1070,2,55
2026-05-15T13:00,Norte,1136,967,3,65
2026-05-15T13:00,Nordeste,1336,1167,5,90
2026-05-15T13:00,Sudeste,1857,1667,4,75
2026-05-15T13:00,Sul,1278,1067,2,55
2026-05-15T14:00,Norte,1139,960,3,65
2026-05-15T14:00,Nordeste,1399,1160,5,90
2026-05-15T14:00,Sudeste,1862,1660,4,75
2026-05-15T14:00,Sul,1232,1060,2,55
2026-05-15T15:00,Norte,1137,949,3,65
2026-05-15T15:00,Nordeste,1337,1149,5,90
2026-05-15T15:00,Sudeste,1830,1649,4,75
2026-05-15T15:00,Sul,1265,1049,2,55
2026-05-15T16:00,Norte,1164,934,3,65
2026-05-15T16:00,Nordeste,1336,1134,5,90
2026-05-15T16:00,Sudeste,1835,1634,4,75
2026-05-15T16:00,Sul,1242,1034,2,55
2026-05-15T17:00,Norte,1079,918,3,65
2026-05-15T17:00,Nordeste,1328,1118,5,90
2026-05-15T17:00,Sudeste,1786,1618,4,75
2026-05-15T17:00,Sul,1226,1018,2,55
2026-05-15T18:00,Norte,1044,900,3,65
2026-05-15T18:00,Nordeste,1281,1100,5,90
2026-05-15T18:00,Sudeste,1787,1600,4,75
2026-05-15T18:00,Sul,1191,1000,2,55
2026-05-15T19:00,Norte,1058,900,3,65
2026-05-15T19:00,Nordeste,1246,1100,5,90
2026-05-15T19:00,Sudeste,1770,1600,4,75
2026-05-15T19:00,Sul,1110,1000,2,55
2026-05-15T20:00,Norte,973,900,3,65
2026-05-15T20:00,Nordeste,1224,1100,5,90
2026-05-15T20:00,Sudeste,1693,1600,4,75
2026-05-15T20:00,Sul,1089,1000,2,55
2026-05-15T21:00,Norte,997,900,3,65
2026-05-15T21:00,Nordeste,1195,1100,5,90
2026-05-15T21:00,Sudeste,1652,1600,4,75
2026-05-15T21:00,Sul,1055,1000,2,55
2026-05-15T22:00,Norte,966,900,3,65
2026-05-15T22:00,Nordeste,1118,1100,5,90
2026-05-15T22:00,Sudeste,1670,1600,4,75
2026-05-15T22:00,Sul,1073,1000,2,55
2026-05-15T23:00,Norte,921,900,3,65
2026-05-15T23:00,Nordeste,1134,1100,5,90
2026-05-15T23:00,Sudeste,1622,1600,4,75
2026-05-15T23:00,Sul,1045,1000,2,55
2026-05-16T00:00,Norte,921,900,3,65
2026-05-16T00:00,Nordeste,1149,1100,5,90
2026-05-16T00:00,Sudeste,1640,1600,4,75
2026-05-16T00:00,Sul,1042,1000,2,55
2026-05-16T01:00,Norte,921,900,3,65
2026-05-16T01:00,Nordeste,1136,1100,5,90
2026-05-16T01:00,Sudeste,1595,1600,4,75
2026-05-16T01:00,Sul,1036,1000,2,55
2026-05-16T02:00,Norte,881,900,3,65
2026-05-16T02:00,Nordeste,1126,1100,5,90
2026-05-16T02:00,Sudeste,1620,1600,4,75
2026-05-16T02:00,Sul,1033,1000,2,55
2026-05-16T03:00,Norte,899,900,3,65
2026-05-16T03:00,Nordeste,1136,1100,5,90
2026-05-16T03:00,Sudeste,1599,1600,4,75
2026-05-16T03:00,Sul,1048,1000,2,55
2026-05-16T04:00,Norte,929,900,3,65
2026-05-16T04:00,Nordeste,1143,1100,5,90
2026-05-16T04:00,Sudeste,1641,1600,4,75
2026-05-16T04:00,Sul,1043,1000,2,55
2026-05-16T05:00,Norte,1009,900,3,65
2026-05-16T05:00,Nordeste,1183,1100,5,90
2026-05-16T05:00,Sudeste,1681,1600,4,75
2026-05-16T05:00,Sul,1109,1000,2,55
2026-05-16T06:00,Norte,1035,900,3,65
2026-05-16T06:00,Nordeste,1218,1100,5,90
2026-05-16T06:00,Sudeste,1719,1600,4,75
2026-05-16T06:00,Sul,1083,1000,2,55
2026-05-16T07:00,Norte,1023,918,3,65
2026-05-16T07:00,Nordeste,1267,1118,5,90
2026-05-16T07:00,Sudeste,1744,1618,4,75
2026-05-16T07:00,Sul,1170,1018,2,55
2026-05-16T08:00,Norte,1064,934,3,65
2026-05-16T08:00,Nordeste,1298,1134,5,90
2026-05-16T08:00,Sudeste,1759,1634,4,75
2026-05-16T08:00,Sul,1168,1034,2,55
2026-05-16T09:00,Norte,1106,949,3,65
2026-05-16T09:00,Nordeste,1281,1149,5,90
2026-05-16T09:00,Sudeste,1805,1649,4,75
2026-05-16T09:00,Sul,1195,1049,2,55
2026-05-16T10:00,Norte,1125,960,3,65
2026-05-16T10:00,Nordeste,1313,1160,5,90
2026-05-16T10:00,Sudeste,1864,1660,4,75
2026-05-16T10:00,Sul,1255,1060,2,55
2026-05-16T11:00,Norte,1184,967,3,65
2026-05-16T11:00,Nordeste,1361,1167,5,90
2026-05-16T11:00,Sudeste,1832,1667,4,75
2026-05-16T11:00,Sul,1224,1067,2,55
2026-05-16T12:00,Norte,1179,970,3,65
2026-05-16T12:00,Nordeste,1357,1170,5,90
2026-05-16T12:00,Sudeste,1835,1670,4,75
2026-05-16T12:00,Sul,1240,1070,2,55
2026-05-16T13:00,Norte,1203,967,3,65
2026-05-16T13:00,Nordeste,1352,1167,5,90
2026-05-16T13:00,Sudeste,1863,1667,4,75
2026-05-16T13:00,Sul,1281,1067,2,55
2026-05-16T14:00,Norte,1174,960,3,65
2026-05-16T14:00,Nordeste,1400,1160,5,90
2026-05-16T14:00,Sudeste,1850,1660,4,75
2026-05-16T14:00,Sul,1300,1060,2,55
2026-05-16T15:00,Norte,1120,949,3,65
2026-05-16T15:00,Nordeste,1375,1149,5,90
2026-05-16T15:00,Sudeste,1877,1649,4,75
2026-05-16T15:00,Sul,1257,1049,2,55
2026-05-16T16:00,Norte,1131,934,3,65
2026-05-16T16:00,Nordeste,1327,1134,5,90
2026-05-16T16:00,Sudeste,1863,1634,4,75
2026-05-16T16:00,Sul,1199,1034,2,55
2026-05-16T17:00,Norte,1124,918,3,65
2026-05-16T17:00,Nordeste,1307,1118,5,90
2026-05-16T17:00,Sudeste,1836,1618,4,75
2026-05-16T17:00,Sul,1197,1018,2,55
2026-05-16T18:00,Norte,1075,900,3,65
2026-05-16T18:00,Nordeste,1253,1100,5,90
2026-05-16T18:00,Sudeste,1794,1600,4,75
2026-05-16T18:00,Sul,1165,1000,2,55
2026-05-16T19:00,Norte,1044,900,3,65
2026-05-16T19:00,Nordeste,1249,1100,5,90
2026-05-16T19:00,Sudeste,1706,1600,4,75
2026-05-16T19:00,Sul,1117,1000,2,55
2026-05-16T20:00,Norte,999,900,3,65
2026-05-16T20:00,Nordeste,1237,1100,5,90
2026-05-16T20:00,Sudeste,1734,1600,4,75
2026-05-16T20:00,Sul,1139,1000,2,55
2026-05-16T21:00,Norte,950,900,3,65
2026-05-16T21:00,Nordeste,1155,1100,5,90
2026-05-16T21:00,Sudeste,1655,1600,4,75
2026-05-16T21:00,Sul,1102,1000,2,55
2026-05-16T22:00,Norte,927,900,3,65
2026-05-16T22:00,Nordeste,1147,1100,5,90
2026-05-16T22:00,Sudeste,1666,1600,4,75
2026-05-16T22:00,Sul,1023,1000,2,55
2026-05-16T23:00,Norte,913,900,3,65
2026-05-16T23:00,Nordeste,1139,1100,5,90
2026-05-16T23:00,Sudeste,1623,1600,4,75
2026-05-16T23:00,Sul,1051,1000,2,55
2026-05-17T00:00,Norte,896,900,3,65
2026-05-17T00:00,Nordeste,1119,1100,5,90
2026-05-17T00:00,Sudeste,1640,1600,4,75
2026-05-17T00:00,Sul,1006,1000,2,55
2026-05-17T01:00,Norte,939,900,3,65
2026-05-17T01:00,Nordeste,1128,1100,5,90
2026-05-17T01:00,Sudeste,1643,1600,4,75
2026-05-17T01:00,Sul,991,1000,2,55
2026-05-17T02:00,Norte,899,900,3,65
2026-05-17T02:00,Nordeste,1093,1100,5,90
2026-05-17T02:00,Sudeste,1636,1600,4,75
2026-05-17T02:00,Sul,1050,1000,2,55
2026-05-17T03:00,Norte,905,900,3,65
2026-05-17T03:00,Nordeste,1157,1100,5,90
2026-05-17T03:00,Sudeste,1619,1600,4,75
2026-05-17T03:00,Sul,994,1000,2,55
2026-05-17T04:00,Norte,959,900,3,65
2026-05-17T04:00,Nordeste,1121,1100,5,90
2026-05-17T04:00,Sudeste,1682,1600,4,75
2026-05-17T04:00,Sul,1066,1000,2,55
2026-05-17T05:00,Norte,981,900,3,65
2026-05-17T05:00,Nordeste,1199,1100,5,90
2026-05-17T05:00,Sudeste,1675,1600,4,75
2026-05-17T05:00,Sul,1070,1000,2,55
2026-05-17T06:00,Norte,1034,900,3,65
2026-05-17T06:00,Nordeste,1219,1100,5,90
2026-05-17T06:00,Sudeste,1708,1600,4,75
2026-05-17T06:00,Sul,1103,1000,2,55
2026-05-17T07:00,Norte,1019,918,3,65
2026-05-17T07:00,Nordeste,1219,1118,5,90
2026-05-17T07:00,Sudeste,1741,1618,4,75
2026-05-17T07:00,Sul,1113,1018,2,55
2026-05-17T08:00,Norte,1102,934,3,65
2026-05-17T08:00,Nordeste,1263,1134,5,90
2026-05-17T08:00,Sudeste,1797,1634,4,75
2026-05-17T08:00,Sul,1189,1034,2,55
2026-05-17T09:00,Norte,1084,949,3,65
2026-05-17T09:00,Nordeste,1270,1149,5,90
2026-05-17T09:00,Sudeste,1811,1649,4,75
2026-05-17T09:00,Sul,1212,1049,2,55
2026-05-17T10:00,Norte,1138,960,3,65
2026-05-17T10:00,Nordeste,1366,1160,5,90
2026-05-17T10:00,Sudeste,1842,1660,4,75
2026-05-17T10:00,Sul,1263,1060,2,55
2026-05-17T11:00,Norte,1145,967,3,65
2026-05-17T11:00,Nordeste,1362,1167,5,90
2026-05-17T11:00,Sudeste,1881,1667,4,75
2026-05-17T11:00,Sul,1261,1067,2,55
2026-05-17T12:00,Norte,1188,970,3,65
2026-05-17T12:00,Nordeste,1377,1170,5,90
2026-05-17T12:00,Sudeste,1852,1670,4,75
2026-05-17T12:00,Sul,1243,1070,2,55
2026-05-17T13:00,Norte,1150,967,3,65
2026-05-17T13:00,Nordeste,1354,1167,5,90
2026-05-17T13:00,Sudeste,1859,1667,4,75
2026-05-17T13:00,Sul,1237,1067,2,55
2026-05-17T14:00,Norte,1180,960,3,65
2026-05-17T14:00,Nordeste,1330,1160,5,90
2026-05-17T14:00,Sudeste,1862,1660,4,75
2026-05-17T14:00,Sul,1235,1060,2,55
2026-05-17T15:00,Norte,1169,949,3,65
2026-05-17T15:00,Nordeste,1376,1149,5,90
2026-05-17T15:00,Sudeste,1845,1649,4,75
2026-05-17T15:00,Sul,1281,1049,2,55
2026-05-17T16:00,Norte,1098,934,3,65
2026-05-17T16:00,Nordeste,1334,1134,5,90
2026-05-17T16:00,Sudeste,1838,1634,4,75
2026-05-17T16:00,Sul,1229,1034,2,55
2026-05-17T17:00,Norte,1078,918,3,65
2026-05-17T17:00,Nordeste,1327,1118,5,90
2026-05-17T17:00,Sudeste,1774,1618,4,75
2026-05-17T17:00,Sul,1216,1018,2,55
2026-05-17T18:00,Norte,1058,900,3,65
2026-05-17T18:00,Nordeste,1274,1100,5,90
2026-05-17T18:00,Sudeste,1762,1600,4,75
2026-05-17T18:00,Sul,1205,1000,2,55
2026-05-17T19:00,Norte,1005,900,3,65
2026-05-17T19:00,Nordeste,1248,1100,5,90
2026-05-17T19:00,Sudeste,1725,1600,4,75
2026-05-17T19:00,Sul,1106,1000,2,55
2026-05-17T20:00,Norte,1004,900,3,65
2026-05-17T20:00,Nordeste,1221,1100,5,90
2026-05-17T20:00,Sudeste,1672,1600,4,75
2026-05-17T20:00,Sul,1092,1000,2,55
2026-05-17T21:00,Norte,999,900,3,65
2026-05-17T21:00,Nordeste,1188,1100,5,90
2026-05-17T21:00,Sudeste,1658,1600,4,75
2026-05-17T21:00,Sul,1085,1000,2,55
2026-05-17T22:00,Norte,924,900,3,65
2026-05-17T22:00,Nordeste,1118,1100,5,90
2026-05-17T22:00,Sudeste,1647,1600,4,75
2026-05-17T22:00,Sul,1015,1000,2,55
2026-05-17T23:00,Norte,927,900,3,65
2026-05-17T23:00,Nordeste,1159,1100,5,90
2026-05-17T23:00,Sudeste,1624,1600,4,75
2026-05-17T23:00,Sul,1060,1000,2,55
2026-05-18T00:00,Norte,911,900,3,65
2026-05-18T00:00,Nordeste,1110,1100,5,90
2026-05-18T00:00,Sudeste,1620,1600,4,75
2026-05-18T00:00,Sul,1034,1000,2,55
2026-05-18T01:00,Norte,924,900,3,65
2026-05-18T01:00,Nordeste,1108,1100,5,90
2026-05-18T01:00,Sudeste,1597,1600,4,75
2026-05-18T01:00,Sul,975,1000,2,55
2026-05-18T02:00,Norte,920,900,3,65
2026-05-18T02:00,Nordeste,1085,1100,5,90
2026-05-18T02:00,Sudeste,1585,1600,4,75
2026-05-18T02:00,Sul,1036,1000,2,55
2026-05-18T03:00,Norte,931,900,3,65
2026-05-18T03:00,Nordeste,1116,1100,5,90
2026-05-18T03:00,Sudeste,1611,1600,4,75
2026-05-18T03:00,Sul,1026,1000,2,55
2026-05-18T04:00,Norte,935,900,3,65
2026-05-18T04:00,Nordeste,1158,1100,5,90
2026-05-18T04:00,Sudeste,1671,1600,4,75
2026-05-18T04:00,Sul,1059,1000,2,55
2026-05-18T05:00,Norte,953,900,3,65
2026-05-18T05:00,Nordeste,1197,1100,5,90
2026-05-18T05:00,Sudeste,1707,1600,4,75
2026-05-18T05:00,Sul,1107,1000,2,55
2026-05-18T06:00,Norte,974,900,3,65
2026-05-18T06:00,Nordeste,1197,1100,5,90
2026-05-18T06:00,Sudeste,1736,1600,4,75
2026-05-18T06:00,Sul,1105,1000,2,55
2026-05-18T07:00,Norte,1039,918,3,65
2026-05-18T07:00,Nordeste,1241,1118,5,90
2026-05-18T07:00,Sudeste,1761,1618,4,75
2026-05-18T07:00,Sul,1171,1018,2,55
2026-05-18T08:00,Norte,1065,934,3,65
2026-05-18T08:00,Nordeste,1258,1134,5,90
2026-05-18T08:00,Sudeste,1741,1634,4,75
2026-05-18T08:00,Sul,1187,1034,2,55
2026-05-18T09:00,Norte,1127,949,3,65
2026-05-18T09:00,Nordeste,1276,1149,5,90
2026-05-18T09:00,Sudeste,1811,1649,4,75
2026-05-18T09:00,Sul,1183,1049,2,55
2026-05-18T10:00,Norte,1101,960,3,65
2026-05-18T10:00,Nordeste,1349,1160,5,90
2026-05-18T10:00,Sudeste,1859,1660,4,75
2026-05-18T10:00,Sul,1221,1060,2,55
2026-05-18T11:00,Norte,1145,967,3,65
2026-05-18T11:00,Nordeste,1378,1167,5,90
2026-05-18T11:00,Sudeste,1842,1667,4,75
2026-05-18T11:00,Sul,1232,1067,2,55
2026-05-18T12:00,Norte,1162,970,3,65
2026-05-18T12:00,Nordeste,1377,1170,5,90
2026-05-18T12:00,Sudeste,1857,1670,4,75
2026-05-18T12:00,Sul,1286,1070,2,55
2026-05-18T13:00,Norte,1159,967,3,65
2026-05-18T13:00,Nordeste,1340,1167,5,90
2026-05-18T13:00,Sudeste,1872,1667,4,75
2026-05-18T13:00,Sul,1291,1067,2,55
2026-05-18T14:00,Norte,1131,960,3,65
2026-05-18T14:00,Nordeste,1344,1160,5,90
2026-05-18T14:00,Sudeste,1851,1660,4,75
2026-05-18T14:00,Sul,1283,1060,2,55
2026-05-18T15:00,Norte,1134,949,3,65
2026-05-18T15:00,Nordeste,1339,1149,5,90
2026-05-18T15:00,Sudeste,1848,1649,4,75
2026-05-18T15:00,Sul,1275,1049,2,55
2026-05-18T16:00,Norte,1121,934,3,65
2026-05-18T16:00,Nordeste,1360,1134,5,90
2026-05-18T16:00,Sudeste,1837,1634,4,75
2026-05-18T16:00,Sul,1256,1034,2,55
2026-05-18T17:00,Norte,1128,918,3,65
2026-05-18T17:00,Nordeste,1299,1118,5,90
2026-05-18T17:00,Sudeste,1814,1618,4,75
2026-05-18T17:00,Sul,1231,1018,2,55
2026-05-18T18:00,Norte,1073,900,3,65
2026-05-18T18:00,Nordeste,1305,1100,5,90
2026-05-18T18:00,Sudeste,1770,1600,4,75
2026-05-18T18:00,Sul,1197,1000,2,55
2026-05-18T19:00,Norte,1063,900,3,65
2026-05-18T19:00,Nordeste,1219,1100,5,90
2026-05-18T19:00,Sudeste,1721,1600,4,75
2026-05-18T19:00,Sul,1134,1000,2,55
2026-05-18T20:00,Norte,1023,900,3,65
2026-05-18T20:00,Nordeste,1182,1100,5,90
2026-05-18T20:00,Sudeste,1737,1600,4,75
2026-05-18T20:00,Sul,1080,1000,2,55
2026-05-18T21:00,Norte,946,900,3,65
2026-05-18T21:00,Nordeste,1176,1100,5,90
2026-05-18T21:00,Sudeste,1694,1600,4,75
2026-05-18T21:00,Sul,1068,1000,2,55
2026-05-18T22:00,Norte,956,900,3,65
2026-05-18T22:00,Nordeste,1164,1100,5,90
2026-05-18T22:00,Sudeste,1649,1600,4,75
2026-05-18T22:00,Sul,1057,1000,2,55
2026-05-18T23:00,Norte,930,900,3,65
2026-05-18T23:00,Nordeste,1124,1100,5,90
2026-05-18T23:00,Sudeste,1657,1600,4,75
2026-05-18T23:00,Sul,1058,1000,2,55
2026-05-19T00:00,Norte,913,900,3,65
2026-05-19T00:00,Nordeste,1121,1100,5,90
2026-05-19T00:00,Sudeste,1640,1600,4,75
2026-05-19T00:00,Sul,1003,1000,2,55
2026-05-19T01:00,Norte,918,900,3,65
2026-05-19T01:00,Nordeste,1126,1100,5,90
2026-05-19T01:00,Sudeste,1592,1600,4,75
2026-05-19T01:00,Sul,1026,1000,2,55
2026-05-19T02:00,Norte,886,900,3,65
2026-05-19T02:00,Nordeste,1095,1100,5,90
2026-05-19T02:00,Sudeste,1610,1600,4,75
2026-05-19T02:00,Sul,1031,1000,2,55
2026-05-19T03:00,Norte,940,900,3,65
2026-05-19T03:00,Nordeste,1097,1100,5,90
2026-05-19T03:00,Sudeste,1654,1600,4,75
2026-05-19T03:00,Sul,1020,1000,2,55
2026-05-19T04:00,Norte,949,900,3,65
2026-05-19T04:00,Nordeste,1169,1100,5,90
2026-05-19T04:00,Sudeste,1670,1600,4,75
2026-05-19T04:00,Sul,1061,1000,2,55
2026-05-19T05:00,Norte,986,900,3,65
2026-05-19T05:00,Nordeste,1181,1100,5,90
2026-05-19T05:00,Sudeste,1683,1600,4,75
2026-05-19T05:00,Sul,1085,1000,2,55
2026-05-19T06:00,Norte,996,900,3,65
2026-05-19T06:00,Nordeste,1209,1100,5,90
2026-05-19T06:00,Sudeste,1717,1600,4,75
2026-05-19T06:00,Sul,1094,1000,2,55
2026-05-19T07:00,Norte,1056,918,3,65
2026-05-19T07:00,Nordeste,1245,1118,5,90
2026-05-19T07:00,Sudeste,1735,1618,4,75
2026-05-19T07:00,Sul,1139,1018,2,55
2026-05-19T08:00,Norte,1044,934,3,65
2026-05-19T08:00,Nordeste,1295,1134,5,90
2026-05-19T08:00,Sudeste,1773,1634,4,75
2026-05-19T08:00,Sul,1163,1034,2,55
2026-05-19T09:00,Norte,1112,949,3,65
2026-05-19T09:00,Nordeste,1295,1149,5,90
2026-05-19T09:00,Sudeste,1785,1649,4,75
2026-05-19T09:00,Sul,1191,1049,2,55
2026-05-19T10:00,Norte,1157,960,3,65
2026-05-19T10:00,Nordeste,1363,1160,5,90
2026-05-19T10:00,Sudeste,1846,1660,4,75
2026-05-19T10:00,Sul,1213,1060,2,55
2026-05-19T11:00,Norte,1173,967,3,65
2026-05-19T11:00,Nordeste,1370,1167,5,90
2026-05-19T11:00,Sudeste,1871,1667,4,75
2026-05-19T11:00,Sul,1222,1067,2,55
2026-05-19T12:00,Norte,1150,970,3,65
2026-05-19T12:00,Nordeste,1399,1170,5,90
2026-05-19T12:00,Sudeste,1882,1670,4,75
2026-05-19T12:00,Sul,1291,1070,2,55
2026-05-19T13:00,Norte,1160,967,3,65
2026-05-19T13:00,Nordeste,1375,1167,5,90
2026-05-19T13:00,Sudeste,1889,1667,4,75
2026-05-19T13:00,Sul,1299,1067,2,55
2026-05-19T14:00,Norte,1183,960,3,65
2026-05-19T14:00,Nordeste,1351,1160,5,90
2026-05-19T14:00,Sudeste,1845,1660,4,75
2026-05-19T14:00,Sul,1240,1060,2,55
2026-05-19T15:00,Norte,1160,949,3,65
2026-05-19T15:00,Nordeste,1356,1149,5,90
2026-05-19T15:00,Sudeste,1823,1649,4,75
2026-05-19T15:00,Sul,1273,1049,2,55
2026-05-19T16:00,Norte,1154,934,3,65
2026-05-19T16:00,Nordeste,1357,1134,5,90
2026-05-19T16:00,Sudeste,1861,1634,4,75
2026-05-19T16:00,Sul,1228,1034,2,55
2026-05-19T17:00,Norte,1113,918,3,65
2026-05-19T17:00,Nordeste,1293,1118,5,90
2026-05-19T17:00,Sudeste,1799,1618,4,75
2026-05-19T17:00,Sul,1234,1018,2,55
2026-05-19T18:00,Norte,1082,900,3,65
2026-05-19T18:00,Nordeste,1275,1100,5,90
2026-05-19T18:00,Sudeste,1769,1600,4,75
2026-05-19T18:00,Sul,1174,1000,2,55
2026-05-19T19:00,Norte,1018,900,3,65
2026-05-19T19:00,Nordeste,1212,1100,5,90
2026-05-19T19:00,Sudeste,1762,1600,4,75
2026-05-19T19:00,Sul,1169,1000,2,55
2026-05-19T20:00,Norte,1001,900,3,65
2026-05-19T20:00,Nordeste,1222,1100,5,90
2026-05-19T20:00,Sudeste,1672,1600,4,75
2026-05-19T20:00,Sul,1127,1000,2,55
2026-05-19T21:00,Norte,999,900,3,65
2026-05-19T21:00,Nordeste,1163,1100,5,90
2026-05-19T21:00,Sudeste,1705,1600,4,75
2026-05-19T21:00,Sul,1076,1000,2,55
2026-05-19T22:00,Norte,974,900,3,65
2026-05-19T22:00,Nordeste,1153,1100,5,90
2026-05-19T22:00,Sudeste,1621,1600,4,75
2026-05-19T22:00,Sul,1054,1000,2,55
2026-05-19T23:00,Norte,919,900,3,65
2026-05-19T23:00,Nordeste,1113,1100,5,90
2026-05-19T23:00,Sudeste,1608,1600,4,75
2026-05-19T23:00,Sul,1000,1000,2,55
2026-05-20T00:00,Norte,947,900,3,65
2026-05-20T00:00,Nordeste,1144,1100,5,90
2026-05-20T00:00,Sudeste,1641,1600,4,75
2026-05-20T00:00,Sul,1015,1000,2,55
2026-05-20T01:00,Norte,883,900,3,65
2026-05-20T01:00,Nordeste,1141,1100,5,90
2026-05-20T01:00,Sudeste,1600,1600,4,75
2026-05-20T01:00,Sul,998,1000,2,55
2026-05-20T02:00,Norte,896,900,3,65
2026-05-20T02:00,Nordeste,1082,1100,5,90
2026-05-20T02:00,Sudeste,1605,1600,4,75
2026-05-20T02:00,Sul,1019,1000,2,55
2026-05-20T03:00,Norte,958,900,3,65
2026-05-20T03:00,Nordeste,1130,1100,5,90
2026-05-20T03:00,Sudeste,1647,1600,4,75
2026-05-20T03:00,Sul,1042,1000,2,55
2026-05-20T04:00,Norte,937,900,3,65
2026-05-20T04:00,Nordeste,1156,1100,5,90
2026-05-20T04:00,Sudeste,1624,1600,4,75
2026-05-20T04:00,Sul,1049,1000,2,55
2026-05-20T05:00,Norte,987,900,3,65
2026-05-20T05:00,Nordeste,1189,1100,5,90
2026-05-20T05:00,Sudeste,1693,1600,4,75
2026-05-20T05:00,Sul,1060,1000,2,55
2026-05-20T06:00,Norte,1010,900,3,65
2026-05-20T06:00,Nordeste,1196,1100,5,90
2026-05-20T06:00,Sudeste,1676,1600,4,75
2026-05-20T06:00,Sul,1094,1000,2,55
2026-05-20T07:00,Norte,1072,918,3,65
2026-05-20T07:00,Nordeste,1261,1118,5,90
2026-05-20T07:00,Sudeste,1707,1618,4,75
2026-05-20T07:00,Sul,1153,1018,2,55
2026-05-20T08:00,Norte,1096,934,3,65
2026-05-20T08:00,Nordeste,1265,1134,5,90
2026-05-20T08:00,Sudeste,1751,1634,4,75
2026-05-20T08:00,Sul,1171,1034,2,55
2026-05-20T09:00,Norte,1080,949,3,65
2026-05-20T09:00,Nordeste,1283,1149,5,90
2026-05-20T09:00,Sudeste,1838,1649,4,75
2026-05-20T09:00,Sul,1208,1049,2,55
2026-05-20T10:00,Norte,1126,960,3,65
2026-05-20T10:00,Nordeste,1343,1160,5,90
2026-05-20T10:00,Sudeste,1862,1660,4,75
2026-05-20T10:00,Sul,1254,1060,2,55
2026-05-20T11:00,Norte,1151,967,3,65
2026-05-20T11:00,Nordeste,1383,1167,5,90
2026-05-20T11:00,Sudeste,1860,1667,4,75
2026-05-20T11:00,Sul,1253,1067,2,55
2026-05-20T12:00,Norte,1166,970,3,65
2026-05-20T12:00,Nordeste,1365,1170,5,90
2026-05-20T12:00,Sudeste,1833,1670,4,75
2026-05-20T12:00,Sul,1272,1070,2,55
2026-05-20T13:00,Norte,1153,967,3,65
2026-05-20T13:00,Nordeste,1351,1167,5,90
2026-05-20T13:00,Sudeste,1870,1667,4,75
2026-05-20T13:00,Sul,1300,1067,2,55
2026-05-20T14:00,Norte,1147,960,3,65
2026-05-20T14:00,Nordeste,1386,1160,5,90
2026-05-20T14:00,Sudeste,1895,1660,4,75
2026-05-20T14:00,Sul,1263,1060,2,55
2026-05-20T15:00,Norte,1122,949,3,65
2026-05-20T15:00,Nordeste,1321,1149,5,90
2026-05-20T15:00,Sudeste,1839,1649,4,75
2026-05-20T15:00,Sul,1260,1049,2,55
2026-05-20T16:00,Norte,1115,934,3,65
2026-05-20T16:00,Nordeste,1346,1134,5,90
2026-05-20T16:00,Sudeste,1838,1634,4,75
2026-05-20T16:00,Sul,1209,1034,2,55
2026-05-20T17:00,Norte,1085,918,3,65
2026-05-20T17:00,Nordeste,1332,1118,5,90
2026-05-20T17:00,Sudeste,1821,1618,4,75
2026-05-20T17:00,Sul,1223,1018,2,55
2026-05-20T18:00,Norte,1099,900,3,65
2026-05-20T18:00,Nordeste,1293,1100,5,90
2026-05-20T18:00,Sudeste,1757,1600,4,75
2026-05-20T18:00,Sul,1168,1000,2,55
2026-05-20T19:00,Norte,1015,900,3,65
2026-05-20T19:00,Nordeste,1213,1100,5,90
2026-05-20T19:00,Sudeste,1773,1600,4,75
2026-05-20T19:00,Sul,1109,1000,2,55
2026-05-20T20:00,Norte,981,900,3,65
2026-05-20T20:00,Nordeste,1174,1100,5,90
2026-05-20T20:00,Sudeste,1727,1600,4,75
2026-05-20T20:00,Sul,1121,1000,2,55
2026-05-20T21:00,Norte,956,900,3,65
2026-05-20T21:00,Nordeste,1162,1100,5,90
2026-05-20T21:00,Sudeste,1697,1600,4,75
2026-05-20T21:00,Sul,1082,1000,2,55
2026-05-20T22:00,Norte,978,900,3,65
2026-05-20T22:00,Nordeste,1139,1100,5,90
2026-05-20T22:00,Sudeste,1683,1600,4,75
2026-05-20T22:00,Sul,1076,1000,2,55
2026-05-20T23:00,Norte,913,900,3,65
2026-05-20T23:00,Nordeste,1114,1100,5,90
2026-05-20T23:00,Sudeste,1635,1600,4,75
2026-05-20T23:00,Sul,1039,1000,2,55
2026-05-21T00:00,Norte,950,900,3,65
2026-05-21T00:00,Nordeste,1125,1100,5,90
2026-05-21T00:00,Sudeste,1649,1600,4,75
2026-05-21T00:00,Sul,1015,1000,2,55
2026-05-21T01:00,Norte,877,900,3,65
2026-05-21T01:00,Nordeste,1103,1100,5,90
2026-05-21T01:00,Sudeste,1593,1600,4,75
2026-05-21T01:00,Sul,1009,1000,2,55
2026-05-21T02:00,Norte,892,900,3,65
2026-05-21T02:00,Nordeste,1099,1100,5,90
2026-05-21T02:00,Sudeste,1625,1600,4,75
2026-05-21T02:00,Sul,985,1000,2,55
2026-05-21T03:00,Norte,923,900,3,65
2026-05-21T03:00,Nordeste,1101,1100,5,90
2026-05-21T03:00,Sudeste,1635,1600,4,75
2026-05-21T03:00,Sul,1007,1000,2,55
2026-05-21T04:00,Norte,973,900,3,65
2026-05-21T04:00,Nordeste,1128,1100,5,90
2026-05-21T04:00,Sudeste,1644,1600,4,75
2026-05-21T04:00,Sul,1064,1000,2,55
2026-05-21T05:00,Norte,1005,900,3,65
2026-05-21T05:00,Nordeste,1146,1100,5,90
2026-05-21T05:00,Sudeste,1669,1600,4,75
2026-05-21T05:00,Sul,1108,1000,2,55
2026-05-21T06:00,Norte,995,900,3,65
2026-05-21T06:00,Nordeste,1198,1100,5,90
2026-05-21T06:00,Sudeste,1674,1600,4,75
2026-05-21T06:00,Sul,1112,1000,2,55
2026-05-21T07:00,Norte,1007,918,3,65
2026-05-21T07:00,Nordeste,1208,1118,5,90
2026-05-21T07:00,Sudeste,1758,1618,4,75
2026-05-21T07:00,Sul,1126,1018,2,55
2026-05-21T08:00,Norte,1104,934,3,65
2026-05-21T08:00,Nordeste,1240,1134,5,90
2026-05-21T08:00,Sudeste,1791,1634,4,75
2026-05-21T08:00,Sul,1140,1034,2,55
2026-05-21T09:00,Norte,1090,949,3,65
2026-05-21T09:00,Nordeste,1297,1149,5,90
2026-05-21T09:00,Sudeste,1815,1649,4,75
2026-05-21T09:00,Sul,1237,1049,2,55
2026-05-21T10:00,Norte,1139,960,3,65
2026-05-21T10:00,Nordeste,1345,1160,5,90
2026-05-21T10:00,Sudeste,1861,1660,4,75
2026-05-21T10:00,Sul,1220,1060,2,55
2026-05-21T11:00,Norte,1161,967,3,65
2026-05-21T11:00,Nordeste,1331,1167,5,90
2026-05-21T11:00,Sudeste,1850,1667,4,75
2026-05-21T11:00,Sul,1230,1067,2,55
2026-05-21T12:00,Norte,1145,970,3,65
2026-05-21T12:00,Nordeste,1385,1170,5,90
2026-05-21T12:00,Sudeste,1888,1670,4,75
2026-05-21T12:00,Sul,1261,1070,2,55
2026-05-21T13:00,Norte,1184,967,3,65
2026-05-21T13:00,Nordeste,1391,1167,5,90
2026-05-21T13:00,Sudeste,1850,1667,4,75
2026-05-21T13:00,Sul,1265,1067,2,55
2026-05-21T14:00,Norte,1176,960,3,65
2026-05-21T14:00,Nordeste,1373,1160,5,90
2026-05-21T14:00,Sudeste,1884,1660,4,75
2026-05-21T14:00,Sul,1282,1060,2,55
2026-05-21T15:00,Norte,1130,949,3,65
2026-05-21T15:00,Nordeste,1354,1149,5,90
2026-05-21T15:00,Sudeste,1840,1649,4,75
2026-05-21T15:00,Sul,1235,1049,2,55
2026-05-21T16:00,Norte,1157,934,3,65
2026-05-21T16:00,Nordeste,1358,1134,5,90
2026-05-21T16:00,Sudeste,1812,1634,4,75
2026-05-21T16:00,Sul,1237,1034,2,55
2026-05-21T17:00,Norte,1121,918,3,65
2026-05-21T17:00,Nordeste,1314,1118,5,90
2026-05-21T17:00,Sudeste,1813,1618,4,75
2026-05-21T17:00,Sul,1229,1018,2,55
2026-05-21T18:00,Norte,1046,900,3,65
2026-05-21T18:00,Nordeste,1239,1100,5,90
2026-05-21T18:00,Sudeste,1787,1600,4,75
2026-05-21T18:00,Sul,1195,1000,2,55
2026-05-21T19:00,Norte,1062,900,3,65
2026-05-21T19:00,Nordeste,1243,1100,5,90
2026-05-21T19:00,Sudeste,1714,1600,4,75
2026-05-21T19:00,Sul,1138,1000,2,55
2026-05-21T20:00,Norte,987,900,3,65
2026-05-21T20:00,Nordeste,1242,1100,5,90
2026-05-21T20:00,Sudeste,1693,1600,4,75
2026-05-21T20:00,Sul,1111,1000,2,55
2026-05-21T21:00,Norte,994,900,3,65
2026-05-21T21:00,Nordeste,1211,1100,5,90
2026-05-21T21:00,Sudeste,1661,1600,4,75
2026-05-21T21:00,Sul,1110,1000,2,55
2026-05-21T22:00,Norte,938,900,3,65
2026-05-21T22:00,Nordeste,1184,1100,5,90
2026-05-21T22:00,Sudeste,1666,1600,4,75
2026-05-21T22:00,Sul,1053,1000,2,55
2026-05-21T23:00,Norte,920,900,3,65
2026-05-21T23:00,Nordeste,1158,1100,5,90
2026-05-21T23:00,Sudeste,1601,1600,4,75
2026-05-21T23:00,Sul,1043,1000,2,55
2026-05-22T00:00,Norte,937,900,3,65
2026-05-22T00:00,Nordeste,1113,1100,5,90
2026-05-22T00:00,Sudeste,1634,1600,4,75
2026-05-22T00:00,Sul,1030,1000,2,55
2026-05-22T01:00,Norte,904,900,3,65
2026-05-22T01:00,Nordeste,1100,1100,5,90
2026-05-22T01:00,Sudeste,1619,1600,4,75
2026-05-22T01:00,Sul,1012,1000,2,55
2026-05-22T02:00,Norte,930,900,3,65
2026-05-22T02:00,Nordeste,1082,1100,5,90
2026-05-22T02:00,Sudeste,1601,1600,4,75
2026-05-22T02:00,Sul,1034,1000,2,55
2026-05-22T03:00,Norte,915,900,3,65
2026-05-22T03:00,Nordeste,1131,1100,5,90
2026-05-22T03:00,Sudeste,1607,1600,4,75
2026-05-22T03:00,Sul,1019,1000,2,55
2026-05-22T04:00,Norte,974,900,3,65
2026-05-22T04:00,Nordeste,1135,1100,5,90
2026-05-22T04:00,Sudeste,1652,1600,4,75
2026-05-22T04:00,Sul,1080,1000,2,55
2026-05-22T05:00,Norte,971,900,3,65
2026-05-22T05:00,Nordeste,1154,1100,5,90
2026-05-22T05:00,Sudeste,1654,1600,4,75
2026-05-22T05:00,Sul,1106,1000,2,55
2026-05-22T06:00,Norte,1017,900,3,65
2026-05-22T06:00,Nordeste,1177,1100,5,90
2026-05-22T06:00,Sudeste,1709,1600,4,75
2026-05-22T06:00,Sul,1141,1000,2,55
2026-05-22T07:00,Norte,1034,918,3,65
2026-05-22T07:00,Nordeste,1246,1118,5,90
2026-05-22T07:00,Sudeste,1728,1618,4,75
2026-05-22T07:00,Sul,1149,1018,2,55
2026-05-22T08:00,Norte,1051,934,3,65
2026-05-22T08:00,Nordeste,1281,1134,5,90
2026-05-22T08:00,Sudeste,1781,1634,4,75
2026-05-22T08:00,Sul,1197,1034,2,55
2026-05-22T09:00,Norte,1109,949,3,65
2026-05-22T09:00,Nordeste,1289,1149,5,90
2026-05-22T09:00,Sudeste,1808,1649,4,75
2026-05-22T09:00,Sul,1176,1049,2,55
2026-05-22T10:00,Norte,1151,960,3,65
2026-05-22T10:00,Nordeste,1359,1160,5,90
2026-05-22T10:00,Sudeste,1797,1660,4,75
2026-05-22T10:00,Sul,1214,1060,2,55
2026-05-22T11:00,Norte,1162,967,3,65
2026-05-22T11:00,Nordeste,1321,1167,5,90
2026-05-22T11:00,Sudeste,1882,1667,4,75
2026-05-22T11:00,Sul,1285,1067,2,55
2026-05-22T12:00,Norte,1138,970,3,65
2026-05-22T12:00,Nordeste,1399,1170,5,90
2026-05-22T12:00,Sudeste,1851,1670,4,75
2026-05-22T12:00,Sul,1294,1070,2,55
2026-05-22T13:00,Norte,1174,967,3,65
2026-05-22T13:00,Nordeste,1372,1167,5,90
2026-05-22T13:00,Sudeste,1876,1667,4,75
2026-05-22T13:00,Sul,1266,1067,2,55
2026-05-22T14:00,Norte,1171,960,3,65
2026-05-22T14:00,Nordeste,1369,1160,5,90
2026-05-22T14:00,Sudeste,1866,1660,4,75
2026-05-22T14:00,Sul,1292,1060,2,55
2026-05-22T15:00,Norte,1171,949,3,65
2026-05-22T15:00,Nordeste,1320,1149,5,90
2026-05-22T15:00,Sudeste,1849,1649,4,75
2026-05-22T15:00,Sul,1270,1049,2,55
2026-05-22T16:00,Norte,1145,934,3,65
2026-05-22T16:00,Nordeste,1348,1134,5,90
2026-05-22T16:00,Sudeste,1859,1634,4,75
2026-05-22T16:00,Sul,1243,1034,2,55
2026-05-22T17:00,Norte,1132,918,3,65
2026-05-22T17:00,Nordeste,1275,1118,5,90
2026-05-22T17:00,Sudeste,1834,1618,4,75
2026-05-22T17:00,Sul,1222,1018,2,55
2026-05-22T18:00,Norte,1038,900,3,65
2026-05-22T18:00,Nordeste,1267,1100,5,90
2026-05-22T18:00,Sudeste,1746,1600,4,75
2026-05-22T18:00,Sul,1138,1000,2,55
2026-05-22T19:00,Norte,1016,900,3,65
2026-05-22T19:00,Nordeste,1265,1100,5,90
2026-05-22T19:00,Sudeste,1710,1600,4,75
2026-05-22T19:00,Sul,1164,1000,2,55
2026-05-22T20:00,Norte,1041,900,3,65
2026-05-22T20:00,Nordeste,1192,1100,5,90
2026-05-22T20:00,Sudeste,1724,1600,4,75
2026-05-22T20:00,Sul,1080,1000,2,55
2026-05-22T21:00,Norte,951,900,3,65
2026-05-22T21:00,Nordeste,1209,1100,5,90
2026-05-22T21:00,Sudeste,1708,1600,4,75
2026-05-22T21:00,Sul,1045,1000,2,55
2026-05-22T22:00,Norte,926,900,3,65
2026-05-22T22:00,Nordeste,1123,1100,5,90
2026-05-22T22:00,Sudeste,1641,1600,4,75
2026-05-22T22:00,Sul,1064,1000,2,55
2026-05-22T23:00,Norte,901,900,3,65
2026-05-22T23:00,Nordeste,1144,1100,5,90
2026-05-22T23:00,Sudeste,1646,1600,4,75
2026-05-22T23:00,Sul,1061,1000,2,55
2026-05-23T00:00,Norte,912,900,3,65
2026-05-23T00:00,Nordeste,1148,1100,5,90
2026-05-23T00:00,Sudeste,1589,1600,4,75
2026-05-23T00:00,Sul,1014,1000,2,55
2026-05-23T01:00,Norte,910,900,3,65
2026-05-23T01:00,Nordeste,1080,1100,5,90
2026-05-23T01:00,Sudeste,1618,1600,4,75
2026-05-23T01:00,Sul,1023,1000,2,55
2026-05-23T02:00,Norte,924,900,3,65
2026-05-23T02:00,Nordeste,1106,1100,5,90
2026-05-23T02:00,Sudeste,1640,1600,4,75
2026-05-23T02:00,Sul,998,1000,2,55
2026-05-23T03:00,Norte,917,900,3,65
2026-05-23T03:00,Nordeste,1103,1100,5,90
2026-05-23T03:00,Sudeste,1651,1600,4,75
2026-05-23T03:00,Sul,1002,1000,2,55
2026-05-23T04:00,Norte,934,900,3,65
2026-05-23T04:00,Nordeste,1169,1100,5,90
2026-05-23T04:00,Sudeste,1615,1600,4,75
2026-05-23T04:00,Sul,1083,1000,2,55
2026-05-23T05:00,Norte,991,900,3,65
2026-05-23T05:00,Nordeste,1189,1100,5,90
2026-05-23T05:00,Sudeste,1657,1600,4,75
2026-05-23T05:00,Sul,1079,1000,2,55
2026-05-23T06:00,Norte,1021,900,3,65
2026-05-23T06:00,Nordeste,1214,1100,5,90
2026-05-23T06:00,Sudeste,1711,1600,4,75
2026-05-23T06:00,Sul,1126,1000,2,55
2026-05-23T07:00,Norte,1061,918,3,65
2026-05-23T07:00,Nordeste,1216,1118,5,90
2026-05-23T07:00,Sudeste,1705,1618,4,75
2026-05-23T07:00,Sul,1118,1018,2,55
2026-05-23T08:00,Norte,1062,934,3,65
2026-05-23T08:00,Nordeste,1243,1134,5,90
2026-05-23T08:00,Sudeste,1807,1634,4,75
2026-05-23T08:00,Sul,1187,1034,2,55
2026-05-23T09:00,Norte,1083,949,3,65
2026-05-23T09:00,Nordeste,1289,1149,5,90
2026-05-23T09:00,Sudeste,1832,1649,4,75
2026-05-23T09:00,Sul,1228,1049,2,55
2026-05-23T10:00,Norte,1140,960,3,65
2026-05-23T10:00,Nordeste,1338,1160,5,90
2026-05-23T10:00,Sudeste,1831,1660,4,75
2026-05-23T10:00,Sul,1254,1060,2,55
2026-05-23T11:00,Norte,1124,967,3,65
2026-05-23T11:00,Nordeste,1329,1167,5,90
2026-05-23T11:00,Sudeste,1873,1667,4,75
2026-05-23T11:00,Sul,1255,1067,2,55
2026-05-23T12:00,Norte,1170,970,3,65
2026-05-23T12:00,Nordeste,1364,1170,5,90
2026-05-23T12:00,Sudeste,1856,1670,4,75
2026-05-23T12:00,Sul,1266,1070,2,55
2026-05-23T13:00,Norte,1164,967,3,65
2026-05-23T13:00,Nordeste,1365,1167,5,90
2026-05-23T13:00,Sudeste,1896,1667,4,75
2026-05-23T13:00,Sul,1246,1067,2,55
2026-05-23T14:00,Norte,1194,960,3,65
2026-05-23T14:00,Nordeste,1330,1160,5,90
2026-05-23T14:00,Sudeste,1881,1660,4,75
2026-05-23T14:00,Sul,1238,1060,2,55
2026-05-23T15:00,Norte,1178,949,3,65
2026-05-23T15:00,Nordeste,1368,1149,5,90
2026-05-23T15:00,Sudeste,1861,1649,4,75
2026-05-23T15:00,Sul,1274,1049,2,55
2026-05-23T16:00,Norte,1119,934,3,65
2026-05-23T16:00,Nordeste,1342,1134,5,90
2026-05-23T16:00,Sudeste,1808,1634,4,75
2026-05-23T16:00,Sul,1238,1034,2,55
2026-05-23T17:00,Norte,1091,918,3,65
2026-05-23T17:00,Nordeste,1320,1118,5,90
2026-05-23T17:00,Sudeste,1774,1618,4,75
2026-05-23T17:00,Sul,1232,1018,2,55
2026-05-23T18:00,Norte,1063,900,3,65
2026-05-23T18:00,Nordeste,1289,1100,5,90
2026-05-23T18:00,Sudeste,1759,1600,4,75
2026-05-23T18:00,Sul,1190,1000,2,55
2026-05-23T19:00,Norte,1039,900,3,65
2026-05-23T19:00,Nordeste,1239,1100,5,90
2026-05-23T19:00,Sudeste,1725,1600,4,75
2026-05-23T19:00,Sul,1135,1000,2,55
2026-05-23T20:00,Norte,1000,900,3,65
2026-05-23T20:00,Nordeste,1203,1100,5,90
2026-05-23T20:00,Sudeste,1686,1600,4,75
2026-05-23T20:00,Sul,1104,1000,2,55
2026-05-23T21:00,Norte,965,900,3,65
2026-05-23T21:00,Nordeste,1149,1100,5,90
2026-05-23T21:00,Sudeste,1677,1600,4,75
2026-05-23T21:00,Sul,1068,1000,2,55
2026-05-23T22:00,Norte,967,900,3,65
2026-05-23T22:00,Nordeste,1128,1100,5,90
2026-05-23T22:00,Sudeste,1670,1600,4,75
2026-05-23T22:00,Sul,1083,1000,2,55
2026-05-23T23:00,Norte,957,900,3,65
2026-05-23T23:00,Nordeste,1163,1100,5,90
2026-05-23T23:00,Sudeste,1599,1600,4,75
2026-05-23T23:00,Sul,1060,1000,2,55
2026-05-24T00:00,Norte,919,900,3,65
2026-05-24T00:00,Nordeste,1135,1100,5,90
2026-05-24T00:00,Sudeste,1587,1600,4,75
2026-05-24T00:00,Sul,1007,1000,2,55
2026-05-24T01:00,Norte,931,900,3,65
2026-05-24T01:00,Nordeste,1122,1100,5,90
2026-05-24T01:00,Sudeste,1609,1600,4,75
2026-05-24T01:00,Sul,1045,1000,2,55
2026-05-24T02:00,Norte,926,900,3,65
2026-05-24T02:00,Nordeste,1109,1100,5,90
2026-05-24T02:00,Sudeste,1604,1600,4,75
2026-05-24T02:00,Sul,1006,1000,2,55
2026-05-24T03:00,Norte,933,900,3,65
2026-05-24T03:00,Nordeste,1122,1100,5,90
2026-05-24T03:00,Sudeste,1639,1600,4,75
2026-05-24T03:00,Sul,1034,1000,2,55
2026-05-24T04:00,Norte,923,900,3,65
2026-05-24T04:00,Nordeste,1148,1100,5,90
2026-05-24T04:00,Sudeste,1672,1600,4,75
2026-05-24T04:00,Sul,1073,1000,2,55
2026-05-24T05:00,Norte,1008,900,3,65
2026-05-24T05:00,Nordeste,1208,1100,5,90
2026-05-24T05:00,Sudeste,1703,1600,4,75
2026-05-24T05:00,Sul,1092,1000,2,55
2026-05-24T06:00,Norte,978,900,3,65
2026-05-24T06:00,Nordeste,1210,1100,5,90
2026-05-24T06:00,Sudeste,1742,1600,4,75
2026-05-24T06:00,Sul,1120,1000,2,55
2026-05-24T07:00,Norte,1011,918,3,65
2026-05-24T07:00,Nordeste,1253,1118,5,90
2026-05-24T07:00,Sudeste,1764,1618,4,75
2026-05-24T07:00,Sul,1106,1018,2,55
2026-05-24T08:00,Norte,1103,934,3,65
2026-05-24T08:00,Nordeste,1250,1134,5,90
2026-05-24T08:00,Sudeste,1775,1634,4,75
2026-05-24T08:00,Sul,1140,1034,2,55
2026-05-24T09:00,Norte,1136,949,3,65
2026-05-24T09:00,Nordeste,1289,1149,5,90
2026-05-24T09:00,Sudeste,1779,1649,4,75
2026-05-24T09:00,Sul,1239,1049,2,55
2026-05-24T10:00,Norte,1154,960,3,65
2026-05-24T10:00,Nordeste,1327,1160,5,90
2026-05-24T10:00,Sudeste,1852,1660,4,75
2026-05-24T10:00,Sul,1214,1060,2,55
2026-05-24T11:00,Norte,1148,967,3,65
2026-05-24T11:00,Nordeste,1324,1167,5,90
2026-05-24T11:00,Sudeste,1820,1667,4,75
2026-05-24T11:00,Sul,1251,1067,2,55
2026-05-24T12:00,Norte,1156,970,3,65
2026-05-24T12:00,Nordeste,1379,1170,5,90
2026-05-24T12:00,Sudeste,1858,1670,4,75
2026-05-24T12:00,Sul,1242,1070,2,55
2026-05-24T13:00,Norte,1194,967,3,65
2026-05-24T13:00,Nordeste,1336,1167,5,90
2026-05-24T13:00,Sudeste,1885,1667,4,75
2026-05-24T13:00,Sul,1237,1067,2,55
2026-05-24T14:00,Norte,1185,960,3,65
2026-05-24T14:00,Nordeste,1341,1160,5,90
2026-05-24T14:00,Sudeste,1868,1660,4,75
2026-05-24T14:00,Sul,1237,1060,2,55
2026-05-24T15:00,Norte,1154,949,3,65
2026-05-24T15:00,Nordeste,1365,1149,5,90
2026-05-24T15:00,Sudeste,1851,1649,4,75
2026-05-24T15:00,Sul,1276,1049,2,55
2026-05-24T16:00,Norte,1147,934,3,65
2026-05-24T16:00,Nordeste,1338,1134,5,90
2026-05-24T16:00,Sudeste,1805,1634,4,75
2026-05-24T16:00,Sul,1262,1034,2,55
2026-05-24T17:00,Norte,1089,918,3,65
2026-05-24T17:00,Nordeste,1289,1118,5,90
2026-05-24T17:00,Sudeste,1781,1618,4,75
2026-05-24T17:00,Sul,1223,1018,2,55
2026-05-24T18:00,Norte,1064,900,3,65
2026-05-24T18:00,Nordeste,1282,1100,5,90
2026-05-24T18:00,Sudeste,1796,1600,4,75
2026-05-24T18:00,Sul,1200,1000,2,55
2026-05-24T19:00,Norte,1039,900,3,65
2026-05-24T19:00,Nordeste,1264,1100,5,90
2026-05-24T19:00,Sudeste,1759,1600,4,75
2026-05-24T19:00,Sul,1154,1000,2,55
2026-05-24T20:00,Norte,975,900,3,65
2026-05-24T20:00,Nordeste,1235,1100,5,90
2026-05-24T20:00,Sudeste,1710,1600,4,75
2026-05-24T20:00,Sul,1133,1000,2,55
2026-05-24T21:00,Norte,981,900,3,65
2026-05-24T21:00,Nordeste,1192,1100,5,90
2026-05-24T21:00,Sudeste,1686,1600,4,75
2026-05-24T21:00,Sul,1083,1000,2,55
2026-05-24T22:00,Norte,914,900,3,65
2026-05-24T22:00,Nordeste,1116,1100,5,90
2026-05-24T22:00,Sudeste,1617,1600,4,75
2026-05-24T22:00,Sul,1075,1000,2,55
2026-05-24T23:00,Norte,929,900,3,65
2026-05-24T23:00,Nordeste,1127,1100,5,90
2026-05-24T23:00,Sudeste,1637,1600,4,75
2026-05-24T23:00,Sul,1056,1000,2,55
2026-05-25T00:00,Norte,924,900,3,65
2026-05-25T00:00,Nordeste,1124,1100,5,90
2026-05-25T00:00,Sudeste,1609,1600,4,75
2026-05-25T00:00,Sul,987,1000,2,55
2026-05-25T01:00,Norte,899,900,3,65
2026-05-25T01:00,Nordeste,1088,1100,5,90
2026-05-25T01:00,Sudeste,1616,1600,4,75
2026-05-25T01:00,Sul,976,1000,2,55
2026-05-25T02:00,Norte,948,900,3,65
2026-05-25T02:00,Nordeste,1127,1100,5,90
2026-05-25T02:00,Sudeste,1620,1600,4,75
2026-05-25T02:00,Sul,1022,1000,2,55
2026-05-25T03:00,Norte,904,900,3,65
2026-05-25T03:00,Nordeste,1132,1100,5,90
2026-05-25T03:00,Sudeste,1659,1600,4,75
2026-05-25T03:00,Sul,1056,1000,2,55
2026-05-25T04:00,Norte,929,900,3,65
2026-05-25T04:00,Nordeste,1161,1100,5,90
2026-05-25T04:00,Sudeste,1680,1600,4,75
2026-05-25T04:00,Sul,1052,1000,2,55
2026-05-25T05:00,Norte,976,900,3,65
2026-05-25T05:00,Nordeste,1142,1100,5,90
2026-05-25T05:00,Sudeste,1689,1600,4,75
2026-05-25T05:00,Sul,1056,1000,2,55
2026-05-25T06:00,Norte,1042,900,3,65
2026-05-25T06:00,Nordeste,1223,1100,5,90
2026-05-25T06:00,Sudeste,1709,1600,4,75
2026-05-25T06:00,Sul,1081,1000,2,55
2026-05-25T07:00,Norte,1041,918,3,65
2026-05-25T07:00,Nordeste,1237,1118,5,90
2026-05-25T07:00,Sudeste,1737,1618,4,75
2026-05-25T07:00,Sul,1157,1018,2,55
2026-05-25T08:00,Norte,1100,934,3,65
2026-05-25T08:00,Nordeste,1247,1134,5,90
2026-05-25T08:00,Sudeste,1806,1634,4,75
2026-05-25T08:00,Sul,1182,1034,2,55
2026-05-25T09:00,Norte,1086,949,3,65
2026-05-25T09:00,Nordeste,1331,1149,5,90
2026-05-25T09:00,Sudeste,1827,1649,4,75
2026-05-25T09:00,Sul,1234,1049,2,55
2026-05-25T10:00,Norte,1126,960,3,65
2026-05-25T10:00,Nordeste,1301,1160,5,90
2026-05-25T10:00,Sudeste,1864,1660,4,75
2026-05-25T10:00,Sul,1250,1060,2,55
2026-05-25T11:00,Norte,1164,967,3,65
2026-05-25T11:00,Nordeste,1320,1167,5,90
2026-05-25T11:00,Sudeste,1879,1667,4,75
2026-05-25T11:00,Sul,1262,1067,2,55
2026-05-25T12:00,Norte,1132,970,3,65
2026-05-25T12:00,Nordeste,1334,1170,5,90
2026-05-25T12:00,Sudeste,1856,1670,4,75
2026-05-25T12:00,Sul,1280,1070,2,55
2026-05-25T13:00,Norte,1193,967,3,65
2026-05-25T13:00,Nordeste,1391,1167,5,90
2026-05-25T13:00,Sudeste,1886,1667,4,75
2026-05-25T13:00,Sul,1245,1067,2,55
2026-05-25T14:00,Norte,1152,960,3,65
2026-05-25T14:00,Nordeste,1363,1160,5,90
2026-05-25T14:00,Sudeste,1857,1660,4,75
2026-05-25T14:00,Sul,1279,1060,2,55
2026-05-25T15:00,Norte,1178,949,3,65
2026-05-25T15:00,Nordeste,1318,1149,5,90
2026-05-25T15:00,Sudeste,1826,1649,4,75
2026-05-25T15:00,Sul,1270,1049,2,55
2026-05-25T16:00,Norte,1125,934,3,65
2026-05-25T16:00,Nordeste,1364,1134,5,90
2026-05-25T16:00,Sudeste,1798,1634,4,75
2026-05-25T16:00,Sul,1222,1034,2,55
2026-05-25T17:00,Norte,1073,918,3,65
2026-05-25T17:00,Nordeste,1286,1118,5,90
2026-05-25T17:00,Sudeste,1786,1618,4,75
2026-05-25T17:00,Sul,1200,1018,2,55
2026-05-25T18:00,Norte,1046,900,3,65
2026-05-25T18:00,Nordeste,1262,1100,5,90
2026-05-25T18:00,Sudeste,1776,1600,4,75
2026-05-25T18:00,Sul,1160,1000,2,55
2026-05-25T19:00,Norte,1056,900,3,65
2026-05-25T19:00,Nordeste,1250,1100,5,90
2026-05-25T19:00,Sudeste,1738,1600,4,75
2026-05-25T19:00,Sul,1108,1000,2,55
2026-05-25T20:00,Norte,995,900,3,65
2026-05-25T20:00,Nordeste,1205,1100,5,90
2026-05-25T20:00,Sudeste,1679,1600,4,75
2026-05-25T20:00,Sul,1130,1000,2,55
2026-05-25T21:00,Norte,986,900,3,65
2026-05-25T21:00,Nordeste,1156,1100,5,90
2026-05-25T21:00,Sudeste,1665,1600,4,75
2026-05-25T21:00,Sul,1103,1000,2,55
2026-05-25T22:00,Norte,974,900,3,65
2026-05-25T22:00,Nordeste,1131,1100,5,90
2026-05-25T22:00,Sudeste,1663,1600,4,75
2026-05-25T22:00,Sul,1049,1000,2,55
2026-05-25T23:00,Norte,956,900,3,65
2026-05-25T23:00,Nordeste,1144,1100,5,90
2026-05-25T23:00,Sudeste,1609,1600,4,75
2026-05-25T23:00,Sul,1023,1000,2,55
2026-05-26T00:00,Norte,942,900,3,65
2026-05-26T00:00,Nordeste,1132,1100,5,90
2026-05-26T00:00,Sudeste,1604,1600,4,75
2026-05-26T00:00,Sul,1033,1000,2,55
2026-05-26T01:00,Norte,945,900,3,65
2026-05-26T01:00,Nordeste,1081,1100,5,90
2026-05-26T01:00,Sudeste,1593,1600,4,75
2026-05-26T01:00,Sul,987,1000,2,55
2026-05-26T02:00,Norte,927,900,3,65
2026-05-26T02:00,Nordeste,1098,1100,5,90
2026-05-26T02:00,Sudeste,1597,1600,4,75
2026-05-26T02:00,Sul,1023,1000,2,55
2026-05-26T03:00,Norte,931,900,3,65
2026-05-26T03:00,Nordeste,1111,1100,5,90
2026-05-26T03:00,Sudeste,1631,1600,4,75
2026-05-26T03:00,Sul,1030,1000,2,55
2026-05-26T04:00,Norte,969,900,3,65
2026-05-26T04:00,Nordeste,1179,1100,5,90
2026-05-26T04:00,Sudeste,1679,1600,4,75
2026-05-26T04:00,Sul,1062,1000,2,55
2026-05-26T05:00,Norte,953,900,3,65
2026-05-26T05:00,Nordeste,1144,1100,5,90
2026-05-26T05:00,Sudeste,1691,1600,4,75
2026-05-26T05:00,Sul,1095,1000,2,55
2026-05-26T06:00,Norte,1032,900,3,65
2026-05-26T06:00,Nordeste,1181,1100,5,90
2026-05-26T06:00,Sudeste,1678,1600,4,75
2026-05-26T06:00,Sul,1136,1000,2,55
2026-05-26T07:00,Norte,1066,918,3,65
2026-05-26T07:00,Nordeste,1248,1118,5,90
2026-05-26T07:00,Sudeste,1739,1618,4,75
2026-05-26T07:00,Sul,1162,1018,2,55
2026-05-26T08:00,Norte,1098,934,3,65
2026-05-26T08:00,Nordeste,1241,1134,5,90
2026-05-26T08:00,Sudeste,1750,1634,4,75
2026-05-26T08:00,Sul,1155,1034,2,55
2026-05-26T09:00,Norte,1120,949,3,65
2026-05-26T09:00,Nordeste,1279,1149,5,90
2026-05-26T09:00,Sudeste,1778,1649,4,75
2026-05-26T09:00,Sul,1175,1049,2,55
2026-05-26T10:00,Norte,1105,960,3,65
2026-05-26T10:00,Nordeste,1345,1160,5,90
2026-05-26T10:00,Sudeste,1865,1660,4,75
2026-05-26T10:00,Sul,1229,1060,2,55
2026-05-26T11:00,Norte,1178,967,3,65
2026-05-26T11:00,Nordeste,1333,1167,5,90
2026-05-26T11:00,Sudeste,1819,1667,4,75
2026-05-26T11:00,Sul,1248,1067,2,55
2026-05-26T12:00,Norte,1131,970,3,65
2026-05-26T12:00,Nordeste,1379,1170,5,90
2026-05-26T12:00,Sudeste,1892,1670,4,75
2026-05-26T12:00,Sul,1261,1070,2,55
2026-05-26T13:00,Norte,1139,967,3,65
2026-05-26T13:00,Nordeste,1350,1167,5,90
2026-05-26T13:00,Sudeste,1869,1667,4,75
2026-05-26T13:00,Sul,1249,1067,2,55
2026-05-26T14:00,Norte,1169,960,3,65
2026-05-26T14:00,Nordeste,1379,1160,5,90
2026-05-26T14:00,Sudeste,1880,1660,4,75
2026-05-26T14:00,Sul,1288,1060,2,55
2026-05-26T15:00,Norte,1187,949,3,65
2026-05-26T15:00,Nordeste,1325,1149,5,90
2026-05-26T15:00,Sudeste,1858,1649,4,75
2026-05-26T15:00,Sul,1270,1049,2,55
2026-05-26T16:00,Norte,1109,934,3,65
2026-05-26T16:00,Nordeste,1327,1134,5,90
2026-05-26T16:00,Sudeste,1827,1634,4,75
2026-05-26T16:00,Sul,1262,1034,2,55
2026-05-26T17:00,Norte,1070,918,3,65
2026-05-26T17:00,Nordeste,1272,1118,5,90
2026-05-26T17:00,Sudeste,1785,1618,4,75
2026-05-26T17:00,Sul,1181,1018,2,55
2026-05-26T18:00,Norte,1066,900,3,65
2026-05-26T18:00,Nordeste,1296,1100,5,90
2026-05-26T18:00,Sudeste,1768,1600,4,75
2026-05-26T18:00,Sul,1190,1000,2,55
2026-05-26T19:00,Norte,1029,900,3,65
2026-05-26T19:00,Nordeste,1208,1100,5,90
2026-05-26T19:00,Sudeste,1735,1600,4,75
2026-05-26T19:00,Sul,1111,1000,2,55
2026-05-26T20:00,Norte,781,900,3,65
2026-05-26T20:00,Nordeste,1014,1100,5,90
2026-05-26T20:00,Sudeste,1513,1600,4,75
2026-05-26T20:00,Sul,888,1000,2,55
2026-05-26T21:00,Norte,758,900,3,65
2026-05-26T21:00,Nordeste,977,1100,5,90
2026-05-26T21:00,Sudeste,1486,1600,4,75
2026-05-26T21:00,Sul,873,1000,2,55
2026-05-26T22:00,Norte,729,900,3,65
2026-05-26T22:00,Nordeste,962,1100,5,90
2026-05-26T22:00,Sudeste,1436,1600,4,75
2026-05-26T22:00,Sul,857,1000,2,55
2026-05-26T23:00,Norte,675,900,3,65
2026-05-26T23:00,Nordeste,881,1100,5,90
2026-05-26T23:00,Sudeste,1418,1600,4,75
2026-05-26T23:00,Sul,778,1000,2,55
2026-05-27T00:00,Norte,679,900,3,65
2026-05-27T00:00,Nordeste,893,1100,5,90
2026-05-27T00:00,Sudeste,1407,1600,4,75
2026-05-27T00:00,Sul,767,1000,2,55
2026-05-27T01:00,Norte,659,900,3,65
2026-05-27T01:00,Nordeste,893,1100,5,90
2026-05-27T01:00,Sudeste,1367,1600,4,75
2026-05-27T01:00,Sul,774,1000,2,55
2026-05-27T02:00,Norte,660,900,3,65
2026-05-27T02:00,Nordeste,880,1100,5,90
2026-05-27T02:00,Sudeste,1398,1600,4,75
2026-05-27T02:00,Sul,771,1000,2,55
2026-05-27T03:00,Norte,722,900,3,65
2026-05-27T03:00,Nordeste,936,1100,5,90
2026-05-27T03:00,Sudeste,1389,1600,4,75
2026-05-27T03:00,Sul,827,1000,2,55
2026-05-27T04:00,Norte,703,900,3,65
2026-05-27T04:00,Nordeste,958,1100,5,90
2026-05-27T04:00,Sudeste,1413,1600,4,75
2026-05-27T04:00,Sul,815,1000,2,55
2026-05-27T05:00,Norte,731,900,3,65
2026-05-27T05:00,Nordeste,937,1100,5,90
2026-05-27T05:00,Sudeste,1428,1600,4,75
2026-05-27T05:00,Sul,891,1000,2,55
2026-05-27T06:00,Norte,761,900,3,65
2026-05-27T06:00,Nordeste,988,1100,5,90
2026-05-27T06:00,Sudeste,1470,1600,4,75
2026-05-27T06:00,Sul,908,1000,2,55
2026-05-27T07:00,Norte,796,918,3,65
2026-05-27T07:00,Nordeste,1045,1118,5,90
2026-05-27T07:00,Sudeste,1528,1618,4,75
2026-05-27T07:00,Sul,917,1018,2,55
2026-05-27T08:00,Norte,852,934,3,65
2026-05-27T08:00,Nordeste,1049,1134,5,90
2026-05-27T08:00,Sudeste,1542,1634,4,75
2026-05-27T08:00,Sul,985,1034,2,55
2026-05-27T09:00,Norte,856,949,3,65
2026-05-27T09:00,Nordeste,1081,1149,5,90
2026-05-27T09:00,Sudeste,1582,1649,4,75
2026-05-27T09:00,Sul,954,1049,2,55
2026-05-27T10:00,Norte,922,960,3,65
2026-05-27T10:00,Nordeste,1081,1160,5,90
2026-05-27T10:00,Sudeste,1623,1660,4,75
2026-05-27T10:00,Sul,1017,1060,2,55
2026-05-27T11:00,Norte,949,967,3,65
2026-05-27T11:00,Nordeste,1156,1167,5,90
2026-05-27T11:00,Sudeste,1610,1667,4,75
2026-05-27T11:00,Sul,1025,1067,2,55
2026-05-27T12:00,Norte,911,970,3,65
2026-05-27T12:00,Nordeste,1173,1170,5,90
2026-05-27T12:00,Sudeste,1663,1670,4,75
2026-05-27T12:00,Sul,1059,1070,2,55
2026-05-27T13:00,Norte,927,967,3,65
2026-05-27T13:00,Nordeste,1161,1167,5,90
2026-05-27T13:00,Sudeste,1655,1667,4,75
2026-05-27T13:00,Sul,1017,1067,2,55
2026-05-27T14:00,Norte,930,960,3,65
2026-05-27T14:00,Nordeste,1177,1160,5,90
2026-05-27T14:00,Sudeste,1652,1660,4,75
2026-05-27T14:00,Sul,1048,1060,2,55
2026-05-27T15:00,Norte,942,949,3,65
2026-05-27T15:00,Nordeste,1162,1149,5,90
2026-05-27T15:00,Sudeste,1623,1649,4,75
2026-05-27T15:00,Sul,1002,1049,2,55
2026-05-27T16:00,Norte,883,934,3,65
2026-05-27T16:00,Nordeste,1116,1134,5,90
2026-05-27T16:00,Sudeste,1631,1634,4,75
2026-05-27T16:00,Sul,1005,1034,2,55
2026-05-27T17:00,Norte,886,918,3,65
2026-05-27T17:00,Nordeste,1065,1118,5,90
2026-05-27T17:00,Sudeste,1581,1618,4,75
2026-05-27T17:00,Sul,1013,1018,2,55
2026-05-27T18:00,Norte,872,900,3,65
2026-05-27T18:00,Nordeste,1061,1100,5,90
2026-05-27T18:00,Sudeste,1552,1600,4,75
2026-05-27T18:00,Sul,972,1000,2,55
2026-05-27T19:00,Norte,791,900,3,65
2026-05-27T19:00,Nordeste,1042,1100,5,90
2026-05-27T19:00,Sudeste,1512,1600,4,75
2026-05-27T19:00,Sul,917,1000,2,55
2026-05-27T20:00,Norte,809,900,3,65
2026-05-27T20:00,Nordeste,995,1100,5,90
2026-05-27T20:00,Sudeste,1510,1600,4,75
2026-05-27T20:00,Sul,910,1000,2,55
2026-05-27T21:00,Norte,756,900,3,65
2026-05-27T21:00,Nordeste,983,1100,5,90
2026-05-27T21:00,Sudeste,1436,1600,4,75
2026-05-27T21:00,Sul,883,1000,2,55
2026-05-27T22:00,Norte,720,900,3,65
2026-05-27T22:00,Nordeste,954,1100,5,90
2026-05-27T22:00,Sudeste,1408,1600,4,75
2026-05-27T22:00,Sul,822,1000,2,55
2026-05-27T23:00,Norte,694,900,3,65
2026-05-27T23:00,Nordeste,910,1100,5,90
2026-05-27T23:00,Sudeste,1380,1600,4,75
2026-05-27T23:00,Sul,822,1000,2,55
2026-05-28T00:00,Norte,684,900,3,65
2026-05-28T00:00,Nordeste,868,1100,5,90
2026-05-28T00:00,Sudeste,1373,1600,4,75
2026-05-28T00:00,Sul,804,1000,2,55
2026-05-28T01:00,Norte,686,900,3,65
2026-05-28T01:00,Nordeste,888,1100,5,90
2026-05-28T01:00,Sudeste,1425,1600,4,75
2026-05-28T01:00,Sul,810,1000,2,55
2026-05-28T02:00,Norte,687,900,3,65
2026-05-28T02:00,Nordeste,890,1100,5,90
2026-05-28T02:00,Sudeste,1430,1600,4,75
2026-05-28T02:00,Sul,790,1000,2,55
2026-05-28T03:00,Norte,706,900,3,65
2026-05-28T03:00,Nordeste,943,1100,5,90
2026-05-28T03:00,Sudeste,1378,1600,4,75
2026-05-28T03:00,Sul,784,1000,2,55
2026-05-28T04:00,Norte,729,900,3,65
2026-05-28T04:00,Nordeste,935,1100,5,90
2026-05-28T04:00,Sudeste,1423,1600,4,75
2026-05-28T04:00,Sul,804,1000,2,55
2026-05-28T05:00,Norte,729,900,3,65
2026-05-28T05:00,Nordeste,967,1100,5,90
2026-05-28T05:00,Sudeste,1422,1600,4,75
2026-05-28T05:00,Sul,845,1000,2,55
2026-05-28T06:00,Norte,817,900,3,65
2026-05-28T06:00,Nordeste,995,1100,5,90
2026-05-28T06:00,Sudeste,1491,1600,4,75
2026-05-28T06:00,Sul,895,1000,2,55
2026-05-28T07:00,Norte,850,918,3,65
2026-05-28T07:00,Nordeste,1050,1118,5,90
2026-05-28T07:00,Sudeste,1487,1618,4,75
2026-05-28T07:00,Sul,910,1018,2,55
2026-05-28T08:00,Norte,835,934,3,65
2026-05-28T08:00,Nordeste,1028,1134,5,90
2026-05-28T08:00,Sudeste,1569,1634,4,75
2026-05-28T08:00,Sul,951,1034,2,55
2026-05-28T09:00,Norte,860,949,3,65
2026-05-28T09:00,Nordeste,1102,1149,5,90
2026-05-28T09:00,Sudeste,1581,1649,4,75
2026-05-28T09:00,Sul,955,1049,2,55
2026-05-28T10:00,Norte,888,960,3,65
2026-05-28T10:00,Nordeste,1133,1160,5,90
2026-05-28T10:00,Sudeste,1589,1660,4,75
2026-05-28T10:00,Sul,997,1060,2,55
2026-05-28T11:00,Norte,909,967,3,65
2026-05-28T11:00,Nordeste,1131,1167,5,90
2026-05-28T11:00,Sudeste,1621,1667,4,75
2026-05-28T11:00,Sul,1041,1067,2,55
2026-05-28T12:00,Norte,972,970,3,65
2026-05-28T12:00,Nordeste,1158,1170,5,90
2026-05-28T12:00,Sudeste,1634,1670,4,75
2026-05-28T12:00,Sul,1061,1070,2,55
2026-05-28T13:00,Norte,931,967,3,65
2026-05-28T13:00,Nordeste,1182,1167,5,90
2026-05-28T13:00,Sudeste,1642,1667,4,75
2026-05-28T13:00,Sul,1027,1067,2,55
2026-05-28T14:00,Norte,948,960,3,65
2026-05-28T14:00,Nordeste,1179,1160,5,90
2026-05-28T14:00,Sudeste,1679,1660,4,75
2026-05-28T14:00,Sul,1035,1060,2,55
2026-05-28T15:00,Norte,961,949,3,65
2026-05-28T15:00,Nordeste,1124,1149,5,90
2026-05-28T15:00,Sudeste,1616,1649,4,75
2026-05-28T15:00,Sul,998,1049,2,55
2026-05-28T16:00,Norte,908,934,3,65
2026-05-28T16:00,Nordeste,1136,1134,5,90
2026-05-28T16:00,Sudeste,1626,1634,4,75
2026-05-28T16:00,Sul,1010,1034,2,55
2026-05-28T17:00,Norte,888,918,3,65
2026-05-28T17:00,Nordeste,1102,1118,5,90
2026-05-28T17:00,Sudeste,1570,1618,4,75
2026-05-28T17:00,Sul,1002,1018,2,55
2026-05-28T18:00,Norte,820,900,3,65
2026-05-28T18:00,Nordeste,1068,1100,5,90
2026-05-28T18:00,Sudeste,1559,1600,4,75
2026-05-28T18:00,Sul,987,1000,2,55
2026-05-28T19:00,Norte,790,900,3,65
2026-05-28T19:00,Nordeste,1046,1100,5,90
2026-05-28T19:00,Sudeste,1553,1600,4,75
2026-05-28T19:00,Sul,899,1000,2,55
2026-05-28T20:00,Norte,762,900,3,65
2026-05-28T20:00,Nordeste,956,1100,5,90
2026-05-28T20:00,Sudeste,1487,1600,4,75
2026-05-28T20:00,Sul,918,1000,2,55
2026-05-28T21:00,Norte,731,900,3,65
2026-05-28T21:00,Nordeste,930,1100,5,90
2026-05-28T21:00,Sudeste,1476,1600,4,75
2026-05-28T21:00,Sul,863,1000,2,55
2026-05-28T22:00,Norte,697,900,3,65
2026-05-28T22:00,Nordeste,907,1100,5,90
2026-05-28T22:00,Sudeste,1394,1600,4,75
2026-05-28T22:00,Sul,812,1000,2,55
2026-05-28T23:00,Norte,710,900,3,65
2026-05-28T23:00,Nordeste,873,1100,5,90
2026-05-28T23:00,Sudeste,1381,1600,4,75
2026-05-28T23:00,Sul,793,1000,2,55
2026-05-29T00:00,Norte,722,900,3,65
2026-05-29T00:00,Nordeste,906,1100,5,90
2026-05-29T00:00,Sudeste,1391,1600,4,75
2026-05-29T00:00,Sul,792,1000,2,55
2026-05-29T01:00,Norte,696,900,3,65
2026-05-29T01:00,Nordeste,869,1100,5,90
2026-05-29T01:00,Sudeste,1402,1600,4,75
2026-05-29T01:00,Sul,825,1000,2,55
2026-05-29T02:00,Norte,699,900,3,65
2026-05-29T02:00,Nordeste,901,1100,5,90
2026-05-29T02:00,Sudeste,1391,1600,4,75
2026-05-29T02:00,Sul,776,1000,2,55
2026-05-29T03:00,Norte,704,900,3,65
2026-05-29T03:00,Nordeste,915,1100,5,90
2026-05-29T03:00,Sudeste,1389,1600,4,75
2026-05-29T03:00,Sul,793,1000,2,55
2026-05-29T04:00,Norte,728,900,3,65
2026-05-29T04:00,Nordeste,908,1100,5,90
2026-05-29T04:00,Sudeste,1437,1600,4,75
2026-05-29T04:00,Sul,818,1000,2,55
2026-05-29T05:00,Norte,748,900,3,65
2026-05-29T05:00,Nordeste,971,1100,5,90
2026-05-29T05:00,Sudeste,1487,1600,4,75
2026-05-29T05:00,Sul,891,1000,2,55
2026-05-29T06:00,Norte,821,900,3,65
2026-05-29T06:00,Nordeste,1022,1100,5,90
2026-05-29T06:00,Sudeste,1473,1600,4,75
2026-05-29T06:00,Sul,905,1000,2,55
2026-05-29T07:00,Norte,811,918,3,65
2026-05-29T07:00,Nordeste,1001,1118,5,90
2026-05-29T07:00,Sudeste,1532,1618,4,75
2026-05-29T07:00,Sul,899,1018,2,55
2026-05-29T08:00,Norte,826,934,3,65
2026-05-29T08:00,Nordeste,1045,1134,5,90
2026-05-29T08:00,Sudeste,1526,1634,4,75
2026-05-29T08:00,Sul,933,1034,2,55
2026-05-29T09:00,Norte,861,949,3,65
2026-05-29T09:00,Nordeste,1102,1149,5,90
2026-05-29T09:00,Sudeste,1582,1649,4,75
2026-05-29T09:00,Sul,966,1049,2,55
2026-05-29T10:00,Norte,932,960,3,65
2026-05-29T10:00,Nordeste,1134,1160,5,90
2026-05-29T10:00,Sudeste,1628,1660,4,75
2026-05-29T10:00,Sul,1000,1060,2,55
2026-05-29T11:00,Norte,924,967,3,65
2026-05-29T11:00,Nordeste,1127,1167,5,90
2026-05-29T11:00,Sudeste,1648,1667,4,75
2026-05-29T11:00,Sul,1066,1067,2,55
2026-05-29T12:00,Norte,966,970,3,65
2026-05-29T12:00,Nordeste,1121,1170,5,90
2026-05-29T12:00,Sudeste,1612,1670,4,75
2026-05-29T12:00,Sul,1049,1070,2,55
2026-05-29T13:00,Norte,979,967,3,65
2026-05-29T13:00,Nordeste,1140,1167,5,90
2026-05-29T13:00,Sudeste,1624,1667,4,75
2026-05-29T13:00,Sul,1034,1067,2,55
2026-05-29T14:00,Norte,961,960,3,65
2026-05-29T14:00,Nordeste,1151,1160,5,90
2026-05-29T14:00,Sudeste,1648,1660,4,75
2026-05-29T14:00,Sul,1013,1060,2,55
2026-05-29T15:00,Norte,934,949,3,65
2026-05-29T15:00,Nordeste,1103,1149,5,90
2026-05-29T15:00,Sudeste,1617,1649,4,75
2026-05-29T15:00,Sul,1001,1049,2,55
2026-05-29T16:00,Norte,878,934,3,65
2026-05-29T16:00,Nordeste,1092,1134,5,90
2026-05-29T16:00,Sudeste,1634,1634,4,75
2026-05-29T16:00,Sul,988,1034,2,55
2026-05-29T17:00,Norte,851,918,3,65
2026-05-29T17:00,Nordeste,1058,1118,5,90
2026-05-29T17:00,Sudeste,1572,1618,4,75
2026-05-29T17:00,Sul,975,1018,2,55
2026-05-29T18:00,Norte,860,900,3,65
2026-05-29T18:00,Nordeste,1040,1100,5,90
2026-05-29T18:00,Sudeste,1526,1600,4,75
2026-05-29T18:00,Sul,965,1000,2,55
2026-05-29T19:00,Norte,796,900,3,65
2026-05-29T19:00,Nordeste,1028,1100,5,90
2026-05-29T19:00,Sudeste,1508,1600,4,75
2026-05-29T19:00,Sul,904,1000,2,55
2026-05-29T20:00,Norte,818,900,3,65
2026-05-29T20:00,Nordeste,1002,1100,5,90
2026-05-29T20:00,Sudeste,1504,1600,4,75
2026-05-29T20:00,Sul,895,1000,2,55
2026-05-29T21:00,Norte,729,900,3,65
2026-05-29T21:00,Nordeste,966,1100,5,90
2026-05-29T21:00,Sudeste,1444,1600,4,75
2026-05-29T21:00,Sul,870,1000,2,55
2026-05-29T22:00,Norte,734,900,3,65
2026-05-29T22:00,Nordeste,944,1100,5,90
2026-05-29T22:00,Sudeste,1428,1600,4,75
2026-05-29T22:00,Sul,830,1000,2,55
2026-05-29T23:00,Norte,678,900,3,65
2026-05-29T23:00,Nordeste,942,1100,5,90
2026-05-29T23:00,Sudeste,1436,1600,4,75
2026-05-29T23:00,Sul,777,1000,2,55
2026-05-30T00:00,Norte,727,900,3,65
2026-05-30T00:00,Nordeste,928,1100,5,90
2026-05-30T00:00,Sudeste,1409,1600,4,75
2026-05-30T00:00,Sul,769,1000,2,55
2026-05-30T01:00,Norte,715,900,3,65
2026-05-30T01:00,Nordeste,871,1100,5,90
2026-05-30T01:00,Sudeste,1406,1600,4,75
2026-05-30T01:00,Sul,821,1000,2,55
2026-05-30T02:00,Norte,713,900,3,65
2026-05-30T02:00,Nordeste,860,1100,5,90
2026-05-30T02:00,Sudeste,1417,1600,4,75
2026-05-30T02:00,Sul,781,1000,2,55
2026-05-30T03:00,Norte,710,900,3,65
2026-05-30T03:00,Nordeste,908,1100,5,90
2026-05-30T03:00,Sudeste,1422,1600,4,75
2026-05-30T03:00,Sul,820,1000,2,55
2026-05-30T04:00,Norte,718,900,3,65
2026-05-30T04:00,Nordeste,929,1100,5,90
2026-05-30T04:00,Sudeste,1399,1600,4,75
2026-05-30T04:00,Sul,832,1000,2,55
2026-05-30T05:00,Norte,731,900,3,65
2026-05-30T05:00,Nordeste,948,1100,5,90
2026-05-30T05:00,Sudeste,1466,1600,4,75
2026-05-30T05:00,Sul,850,1000,2,55
2026-05-30T06:00,Norte,763,900,3,65
2026-05-30T06:00,Nordeste,1018,1100,5,90
2026-05-30T06:00,Sudeste,1473,1600,4,75
2026-05-30T06:00,Sul,867,1000,2,55
2026-05-30T07:00,Norte,794,918,3,65
2026-05-30T07:00,Nordeste,1040,1118,5,90
2026-05-30T07:00,Sudeste,1489,1618,4,75
2026-05-30T07:00,Sul,908,1018,2,55
2026-05-30T08:00,Norte,868,934,3,65
2026-05-30T08:00,Nordeste,1079,1134,5,90
2026-05-30T08:00,Sudeste,1544,1634,4,75
2026-05-30T08:00,Sul,923,1034,2,55
2026-05-30T09:00,Norte,857,949,3,65
2026-05-30T09:00,Nordeste,1104,1149,5,90
2026-05-30T09:00,Sudeste,1615,1649,4,75
2026-05-30T09:00,Sul,1001,1049,2,55
2026-05-30T10:00,Norte,885,960,3,65
2026-05-30T10:00,Nordeste,1141,1160,5,90
2026-05-30T10:00,Sudeste,1628,1660,4,75
2026-05-30T10:00,Sul,1021,1060,2,55
2026-05-30T11:00,Norte,925,967,3,65
2026-05-30T11:00,Nordeste,1142,1167,5,90
2026-05-30T11:00,Sudeste,1637,1667,4,75
2026-05-30T11:00,Sul,1019,1067,2,55
2026-05-30T12:00,Norte,937,970,3,65
2026-05-30T12:00,Nordeste,1114,1170,5,90
2026-05-30T12:00,Sudeste,1664,1670,4,75
2026-05-30T12:00,Sul,1034,1070,2,55
2026-05-30T13:00,Norte,977,967,3,65
2026-05-30T13:00,Nordeste,1156,1167,5,90
2026-05-30T13:00,Sudeste,1615,1667,4,75
2026-05-30T13:00,Sul,1044,1067,2,55
2026-05-30T14:00,Norte,931,960,3,65
2026-05-30T14:00,Nordeste,1142,1160,5,90
2026-05-30T14:00,Sudeste,1620,1660,4,75
2026-05-30T14:00,Sul,1058,1060,2,55
2026-05-30T15:00,Norte,918,949,3,65
2026-05-30T15:00,Nordeste,1133,1149,5,90
2026-05-30T15:00,Sudeste,1603,1649,4,75
2026-05-30T15:00,Sul,1017,1049,2,55
2026-05-30T16:00,Norte,906,934,3,65
2026-05-30T16:00,Nordeste,1140,1134,5,90
2026-05-30T16:00,Sudeste,1611,1634,4,75
2026-05-30T16:00,Sul,1016,1034,2,55
2026-05-30T17:00,Norte,899,918,3,65
2026-05-30T17:00,Nordeste,1059,1118,5,90
2026-05-30T17:00,Sudeste,1609,1618,4,75
2026-05-30T17:00,Sul,958,1018,2,55
2026-05-30T18:00,Norte,818,900,3,65
2026-05-30T18:00,Nordeste,1025,1100,5,90
2026-05-30T18:00,Sudeste,1581,1600,4,75
2026-05-30T18:00,Sul,938,1000,2,55
2026-05-30T19:00,Norte,839,900,3,65
2026-05-30T19:00,Nordeste,1023,1100,5,90
2026-05-30T19:00,Sudeste,1512,1600,4,75
2026-05-30T19:00,Sul,905,1000,2,55
2026-05-30T20:00,Norte,784,900,3,65
2026-05-30T20:00,Nordeste,1003,1100,5,90
2026-05-30T20:00,Sudeste,1491,1600,4,75
2026-05-30T20:00,Sul,864,1000,2,55
2026-05-30T21:00,Norte,732,900,3,65
2026-05-30T21:00,Nordeste,922,1100,5,90
2026-05-30T21:00,Sudeste,1424,1600,4,75
2026-05-30T21:00,Sul,821,1000,2,55
2026-05-30T22:00,Norte,757,900,3,65
2026-05-30T22:00,Nordeste,940,1100,5,90
2026-05-30T22:00,Sudeste,1455,1600,4,75
2026-05-30T22:00,Sul,835,1000,2,55
2026-05-30T23:00,Norte,688,900,3,65
2026-05-30T23:00,Nordeste,927,1100,5,90
2026-05-30T23:00,Sudeste,1428,1600,4,75
2026-05-30T23:00,Sul,836,1000,2,55
2026-05-31T00:00,Norte,667,900,3,65
2026-05-31T00:00,Nordeste,917,1100,5,90
2026-05-31T00:00,Sudeste,1402,1600,4,75
2026-05-31T00:00,Sul,774,1000,2,55
2026-05-31T01:00,Norte,706,900,3,65
2026-05-31T01:00,Nordeste,879,1100,5,90
2026-05-31T01:00,Sudeste,1383,1600,4,75
2026-05-31T01:00,Sul,795,1000,2,55
2026-05-31T02:00,Norte,666,900,3,65
2026-05-31T02:00,Nordeste,921,1100,5,90
2026-05-31T02:00,Sudeste,1376,1600,4,75
2026-05-31T02:00,Sul,809,1000,2,55
2026-05-31T03:00,Norte,732,900,3,65
2026-05-31T03:00,Nordeste,892,1100,5,90
2026-05-31T03:00,Sudeste,1403,1600,4,75
2026-05-31T03:00,Sul,777,1000,2,55
2026-05-31T04:00,Norte,758,900,3,65
2026-05-31T04:00,Nordeste,905,1100,5,90
2026-05-31T04:00,Sudeste,1462,1600,4,75
2026-05-31T04:00,Sul,829,1000,2,55
2026-05-31T05:00,Norte,759,900,3,65
2026-05-31T05:00,Nordeste,944,1100,5,90
2026-05-31T05:00,Sudeste,1438,1600,4,75
2026-05-31T05:00,Sul,866,1000,2,55
2026-05-31T06:00,Norte,809,900,3,65
2026-05-31T06:00,Nordeste,985,1100,5,90
2026-05-31T06:00,Sudeste,1508,1600,4,75
2026-05-31T06:00,Sul,869,1000,2,55
2026-05-31T07:00,Norte,798,918,3,65
2026-05-31T07:00,Nordeste,1033,1118,5,90
2026-05-31T07:00,Sudeste,1540,1618,4,75
2026-05-31T07:00,Sul,891,1018,2,55
2026-05-31T08:00,Norte,824,934,3,65
2026-05-31T08:00,Nordeste,1026,1134,5,90
2026-05-31T08:00,Sudeste,1530,1634,4,75
2026-05-31T08:00,Sul,923,1034,2,55
2026-05-31T09:00,Norte,894,949,3,65
2026-05-31T09:00,Nordeste,1053,1149,5,90
2026-05-31T09:00,Sudeste,1596,1649,4,75
2026-05-31T09:00,Sul,981,1049,2,55
2026-05-31T10:00,Norte,890,960,3,65
2026-05-31T10:00,Nordeste,1081,1160,5,90
2026-05-31T10:00,Sudeste,1610,1660,4,75
2026-05-31T10:00,Sul,1003,1060,2,55
2026-05-31T11:00,Norte,960,967,3,65
2026-05-31T11:00,Nordeste,1124,1167,5,90
2026-05-31T11:00,Sudeste,1615,1667,4,75
2026-05-31T11:00,Sul,1057,1067,2,55
2026-05-31T12:00,Norte,936,970,3,65
2026-05-31T12:00,Nordeste,1141,1170,5,90
2026-05-31T12:00,Sudeste,1643,1670,4,75
2026-05-31T12:00,Sul,1065,1070,2,55
2026-05-31T13:00,Norte,980,967,3,65
2026-05-31T13:00,Nordeste,1173,1167,5,90
2026-05-31T13:00,Sudeste,1661,1667,4,75
2026-05-31T13:00,Sul,1057,1067,2,55
2026-05-31T14:00,Norte,917,960,3,65
2026-05-31T14:00,Nordeste,1154,1160,5,90
2026-05-31T14:00,Sudeste,1642,1660,4,75
2026-05-31T14:00,Sul,1071,1060,2,55
2026-05-31T15:00,Norte,935,949,3,65
2026-05-31T15:00,Nordeste,1151,1149,5,90
2026-05-31T15:00,Sudeste,1602,1649,4,75
2026-05-31T15:00,Sul,1007,1049,2,55
2026-05-31T16:00,Norte,916,934,3,65
2026-05-31T16:00,Nordeste,1079,1134,5,90
2026-05-31T16:00,Sudeste,1594,1634,4,75
2026-05-31T16:00,Sul,1030,1034,2,55
2026-05-31T17:00,Norte,850,918,3,65
2026-05-31T17:00,Nordeste,1057,1118,5,90
2026-05-31T17:00,Sudeste,1583,1618,4,75
2026-05-31T17:00,Sul,991,1018,2,55
2026-05-31T18:00,Norte,826,900,3,65
2026-05-31T18:00,Nordeste,1047,1100,5,90
2026-05-31T18:00,Sudeste,1556,1600,4,75
2026-05-31T18:00,Sul,948,1000,2,55
2026-05-31T19:00,Norte,814,900,3,65
2026-05-31T19:00,Nordeste,1025,1100,5,90
2026-05-31T19:00,Sudeste,1524,1600,4,75
2026-05-31T19:00,Sul,933,1000,2,55
2026-05-31T20:00,Norte,819,900,3,65
2026-05-31T20:00,Nordeste,995,1100,5,90
2026-05-31T20:00,Sudeste,1458,1600,4,75
2026-05-31T20:00,Sul,902,1000,2,55
2026-05-31T21:00,Norte,754,900,3,65
2026-05-31T21:00,Nordeste,975,1100,5,90
2026-05-31T21:00,Sudeste,1427,1600,4,75
2026-05-31T21:00,Sul,889,1000,2,55
2026-05-31T22:00,Norte,717,900,3,65
2026-05-31T22:00,Nordeste,939,1100,5,90
2026-05-31T22:00,Sudeste,1459,1600,4,75
2026-05-31T22:00,Sul,813,1000,2,55
2026-05-31T23:00,Norte,687,900,3,65
2026-05-31T23:00,Nordeste,914,1100,5,90
2026-05-31T23:00,Sudeste,1403,1600,4,75
2026-05-31T23:00,Sul,808,1000,2,55
2026-06-01T00:00,Norte,715,900,3,65
2026-06-01T00:00,Nordeste,866,1100,5,90
2026-06-01T00:00,Sudeste,1369,1600,4,75
2026-06-01T00:00,Sul,770,1000,2,55
2026-06-01T01:00,Norte,687,900,3,65
2026-06-01T01:00,Nordeste,884,1100,5,90
2026-06-01T01:00,Sudeste,1384,1600,4,75
2026-06-01T01:00,Sul,801,1000,2,55
2026-06-01T02:00,Norte,717,900,3,65
2026-06-01T02:00,Nordeste,923,1100,5,90
2026-06-01T02:00,Sudeste,1421,1600,4,75
2026-06-01T02:00,Sul,784,1000,2,55
2026-06-01T03:00,Norte,738,900,3,65
2026-06-01T03:00,Nordeste,886,1100,5,90
2026-06-01T03:00,Sudeste,1401,1600,4,75
2026-06-01T03:00,Sul,774,1000,2,55
2026-06-01T04:00,Norte,743,900,3,65
2026-06-01T04:00,Nordeste,919,1100,5,90
2026-06-01T04:00,Sudeste,1455,1600,4,75
2026-06-01T04:00,Sul,796,1000,2,55
2026-06-01T05:00,Norte,767,900,3,65
2026-06-01T05:00,Nordeste,970,1100,5,90
2026-06-01T05:00,Sudeste,1431,1600,4,75
2026-06-01T05:00,Sul,822,1000,2,55
2026-06-01T06:00,Norte,802,900,3,65
2026-06-01T06:00,Nordeste,977,1100,5,90
2026-06-01T06:00,Sudeste,1509,1600,4,75
2026-06-01T06:00,Sul,912,1000,2,55
2026-06-01T07:00,Norte,812,918,3,65
2026-06-01T07:00,Nordeste,1001,1118,5,90
2026-06-01T07:00,Sudeste,1522,1618,4,75
2026-06-01T07:00,Sul,910,1018,2,55
2026-06-01T08:00,Norte,843,934,3,65
2026-06-01T08:00,Nordeste,1062,1134,5,90
2026-06-01T08:00,Sudeste,1558,1634,4,75
2026-06-01T08:00,Sul,981,1034,2,55
2026-06-01T09:00,Norte,855,949,3,65
2026-06-01T09:00,Nordeste,1083,1149,5,90
2026-06-01T09:00,Sudeste,1606,1649,4,75
2026-06-01T09:00,Sul,1005,1049,2,55
2026-06-01T10:00,Norte,909,960,3,65
2026-06-01T10:00,Nordeste,1115,1160,5,90
2026-06-01T10:00,Sudeste,1580,1660,4,75
2026-06-01T10:00,Sul,1010,1060,2,55
2026-06-01T11:00,Norte,940,967,3,65
2026-06-01T11:00,Nordeste,1123,1167,5,90
2026-06-01T11:00,Sudeste,1617,1667,4,75
2026-06-01T11:00,Sul,1015,1067,2,55
2026-06-01T12:00,Norte,978,970,3,65
2026-06-01T12:00,Nordeste,1179,1170,5,90
2026-06-01T12:00,Sudeste,1671,1670,4,75
2026-06-01T12:00,Sul,1049,1070,2,55
2026-06-01T13:00,Norte,972,967,3,65
2026-06-01T13:00,Nordeste,1181,1167,5,90
2026-06-01T13:00,Sudeste,1684,1667,4,75
2026-06-01T13:00,Sul,1039,1067,2,55
2026-06-01T14:00,Norte,912,960,3,65
2026-06-01T14:00,Nordeste,1137,1160,5,90
2026-06-01T14:00,Sudeste,1672,1660,4,75
2026-06-01T14:00,Sul,1020,1060,2,55
2026-06-01T15:00,Norte,957,949,3,65
2026-06-01T15:00,Nordeste,1127,1149,5,90
2026-06-01T15:00,Sudeste,1599,1649,4,75
2026-06-01T15:00,Sul,1033,1049,2,55
2026-06-01T16:00,Norte,891,934,3,65
2026-06-01T16:00,Nordeste,1135,1134,5,90
2026-06-01T16:00,Sudeste,1637,1634,4,75
2026-06-01T16:00,Sul,996,1034,2,55
2026-06-01T17:00,Norte,867,918,3,65
2026-06-01T17:00,Nordeste,1090,1118,5,90
2026-06-01T17:00,Sudeste,1564,1618,4,75
2026-06-01T17:00,Sul,960,1018,2,55
2026-06-01T18:00,Norte,835,900,3,65
2026-06-01T18:00,Nordeste,1044,1100,5,90
2026-06-01T18:00,Sudeste,1545,1600,4,75
2026-06-01T18:00,Sul,932,1000,2,55
2026-06-01T19:00,Norte,846,900,3,65
2026-06-01T19:00,Nordeste,1009,1100,5,90
2026-06-01T19:00,Sudeste,1515,1600,4,75
2026-06-01T19:00,Sul,902,1000,2,55
2026-06-01T20:00,Norte,778,900,3,65
2026-06-01T20:00,Nordeste,1002,1100,5,90
2026-06-01T20:00,Sudeste,1476,1600,4,75
2026-06-01T20:00,Sul,853,1000,2,55
2026-06-01T21:00,Norte,745,900,3,65
2026-06-01T21:00,Nordeste,961,1100,5,90
2026-06-01T21:00,Sudeste,1487,1600,4,75
2026-06-01T21:00,Sul,856,1000,2,55
2026-06-01T22:00,Norte,719,900,3,65
2026-06-01T22:00,Nordeste,952,1100,5,90
2026-06-01T22:00,Sudeste,1418,1600,4,75
2026-06-01T22:00,Sul,840,1000,2,55
2026-06-01T23:00,Norte,704,900,3,65
2026-06-01T23:00,Nordeste,913,1100,5,90
2026-06-01T23:00,Sudeste,1374,1600,4,75
2026-06-01T23:00,Sul,802,1000,2,55
2026-06-02T00:00,Norte,702,900,3,65
2026-06-02T00:00,Nordeste,875,1100,5,90
2026-06-02T00:00,Sudeste,1402,1600,4,75
2026-06-02T00:00,Sul,816,1000,2,55
2026-06-02T01:00,Norte,688,900,3,65
2026-06-02T01:00,Nordeste,866,1100,5,90
2026-06-02T01:00,Sudeste,1386,1600,4,75
2026-06-02T01:00,Sul,762,1000,2,55
2026-06-02T02:00,Norte,714,900,3,65
2026-06-02T02:00,Nordeste,905,1100,5,90
2026-06-02T02:00,Sudeste,1393,1600,4,75
2026-06-02T02:00,Sul,767,1000,2,55
2026-06-02T03:00,Norte,694,900,3,65
2026-06-02T03:00,Nordeste,909,1100,5,90
2026-06-02T03:00,Sudeste,1390,1600,4,75
2026-06-02T03:00,Sul,832,1000,2,55
2026-06-02T04:00,Norte,749,900,3,65
2026-06-02T04:00,Nordeste,917,1100,5,90
2026-06-02T04:00,Sudeste,1422,1600,4,75
2026-06-02T04:00,Sul,841,1000,2,55
2026-06-02T05:00,Norte,782,900,3,65
2026-06-02T05:00,Nordeste,942,1100,5,90
2026-06-02T05:00,Sudeste,1491,1600,4,75
2026-06-02T05:00,Sul,891,1000,2,55
2026-06-02T06:00,Norte,800,900,3,65
2026-06-02T06:00,Nordeste,1000,1100,5,90
2026-06-02T06:00,Sudeste,1493,1600,4,75
2026-06-02T06:00,Sul,913,1000,2,55
2026-06-02T07:00,Norte,785,918,3,65
2026-06-02T07:00,Nordeste,1043,1118,5,90
2026-06-02T07:00,Sudeste,1494,1618,4,75
2026-06-02T07:00,Sul,955,1018,2,55
2026-06-02T08:00,Norte,859,934,3,65
2026-06-02T08:00,Nordeste,1088,1134,5,90
2026-06-02T08:00,Sudeste,1564,1634,4,75
2026-06-02T08:00,Sul,937,1034,2,55
2026-06-02T09:00,Norte,869,949,3,65
2026-06-02T09:00,Nordeste,1086,1149,5,90
2026-06-02T09:00,Sudeste,1553,1649,4,75
2026-06-02T09:00,Sul,986,1049,2,55
2026-06-02T10:00,Norte,920,960,3,65
2026-06-02T10:00,Nordeste,1114,1160,5,90
2026-06-02T10:00,Sudeste,1625,1660,4,75
2026-06-02T10:00,Sul,1029,1060,2,55
2026-06-02T11:00,Norte,957,967,3,65
2026-06-02T11:00,Nordeste,1104,1167,5,90
2026-06-02T11:00,Sudeste,1600,1667,4,75
2026-06-02T11:00,Sul,1059,1067,2,55
2026-06-02T12:00,Norte,936,970,3,65
2026-06-02T12:00,Nordeste,1151,1170,5,90
2026-06-02T12:00,Sudeste,1671,1670,4,75
2026-06-02T12:00,Sul,1011,1070,2,55
2026-06-02T13:00,Norte,962,967,3,65
2026-06-02T13:00,Nordeste,1146,1167,5,90
2026-06-02T13:00,Sudeste,1674,1667,4,75
2026-06-02T13:00,Sul,1015,1067,2,55
2026-06-02T14:00,Norte,973,960,3,65
2026-06-02T14:00,Nordeste,1170,1160,5,90
2026-06-02T14:00,Sudeste,1637,1660,4,75
2026-06-02T14:00,Sul,1042,1060,2,55
2026-06-02T15:00,Norte,960,949,3,65
2026-06-02T15:00,Nordeste,1150,1149,5,90
2026-06-02T15:00,Sudeste,1649,1649,4,75
2026-06-02T15:00,Sul,1001,1049,2,55
2026-06-02T16:00,Norte,926,934,3,65
2026-06-02T16:00,Nordeste,1134,1134,5,90
2026-06-02T16:00,Sudeste,1618,1634,4,75
2026-06-02T16:00,Sul,1045,1034,2,55
2026-06-02T17:00,Norte,851,918,3,65
2026-06-02T17:00,Nordeste,1098,1118,5,90
2026-06-02T17:00,Sudeste,1589,1618,4,75
2026-06-02T17:00,Sul,1018,1018,2,55
2026-06-02T18:00,Norte,876,900,3,65
2026-06-02T18:00,Nordeste,1024,1100,5,90
2026-06-02T18:00,Sudeste,1524,1600,4,75
2026-06-02T18:00,Sul,959,1000,2,55
2026-06-02T19:00,Norte,785,900,3,65
2026-06-02T19:00,Nordeste,1049,1100,5,90
2026-06-02T19:00,Sudeste,1519,1600,4,75
2026-06-02T19:00,Sul,931,1000,2,55
2026-06-02T20:00,Norte,808,900,3,65
2026-06-02T20:00,Nordeste,1013,1100,5,90
2026-06-02T20:00,Sudeste,1512,1600,4,75
2026-06-02T20:00,Sul,919,1000,2,55
2026-06-02T21:00,Norte,771,900,3,65
2026-06-02T21:00,Nordeste,923,1100,5,90
2026-06-02T21:00,Sudeste,1423,1600,4,75
2026-06-02T21:00,Sul,852,1000,2,55
2026-06-02T22:00,Norte,762,900,3,65
2026-06-02T22:00,Nordeste,936,1100,5,90
2026-06-02T22:00,Sudeste,1456,1600,4,75
2026-06-02T22:00,Sul,858,1000,2,55
2026-06-02T23:00,Norte,679,900,3,65
2026-06-02T23:00,Nordeste,890,1100,5,90
2026-06-02T23:00,Sudeste,1432,1600,4,75
2026-06-02T23:00,Sul,789,1000,2,55
2026-06-03T00:00,Norte,671,900,3,65
2026-06-03T00:00,Nordeste,883,1100,5,90
2026-06-03T00:00,Sudeste,1414,1600,4,75
2026-06-03T00:00,Sul,795,1000,2,55
2026-06-03T01:00,Norte,689,900,3,65
2026-06-03T01:00,Nordeste,886,1100,5,90
2026-06-03T01:00,Sudeste,1420,1600,4,75
2026-06-03T01:00,Sul,787,1000,2,55
2026-06-03T02:00,Norte,680,900,3,65
2026-06-03T02:00,Nordeste,892,1100,5,90
2026-06-03T02:00,Sudeste,1427,1600,4,75
2026-06-03T02:00,Sul,781,1000,2,55
2026-06-03T03:00,Norte,705,900,3,65
2026-06-03T03:00,Nordeste,926,1100,5,90
2026-06-03T03:00,Sudeste,1418,1600,4,75
2026-06-03T03:00,Sul,797,1000,2,55
2026-06-03T04:00,Norte,760,900,3,65
2026-06-03T04:00,Nordeste,922,1100,5,90
2026-06-03T04:00,Sudeste,1446,1600,4,75
2026-06-03T04:00,Sul,840,1000,2,55
2026-06-03T05:00,Norte,725,900,3,65
2026-06-03T05:00,Nordeste,967,1100,5,90
2026-06-03T05:00,Sudeste,1447,1600,4,75
2026-06-03T05:00,Sul,868,1000,2,55
2026-06-03T06:00,Norte,760,900,3,65
2026-06-03T06:00,Nordeste,996,1100,5,90
2026-06-03T06:00,Sudeste,1491,1600,4,75
2026-06-03T06:00,Sul,922,1000,2,55
2026-06-03T07:00,Norte,808,918,3,65
2026-06-03T07:00,Nordeste,1029,1118,5,90
2026-06-03T07:00,Sudeste,1485,1618,4,75
2026-06-03T07:00,Sul,942,1018,2,55
2026-06-03T08:00,Norte,852,934,3,65
2026-06-03T08:00,Nordeste,1035,1134,5,90
2026-06-03T08:00,Sudeste,1528,1634,4,75
2026-06-03T08:00,Sul,934,1034,2,55
2026-06-03T09:00,Norte,850,949,3,65
2026-06-03T09:00,Nordeste,1079,1149,5,90
2026-06-03T09:00,Sudeste,1609,1649,4,75
2026-06-03T09:00,Sul,955,1049,2,55
2026-06-03T10:00,Norte,881,960,3,65
2026-06-03T10:00,Nordeste,1124,1160,5,90
2026-06-03T10:00,Sudeste,1622,1660,4,75
2026-06-03T10:00,Sul,1046,1060,2,55
2026-06-03T11:00,Norte,920,967,3,65
2026-06-03T11:00,Nordeste,1151,1167,5,90
2026-06-03T11:00,Sudeste,1600,1667,4,75
2026-06-03T11:00,Sul,1027,1067,2,55
2026-06-03T12:00,Norte,942,970,3,65
2026-06-03T12:00,Nordeste,1117,1170,5,90
2026-06-03T12:00,Sudeste,1637,1670,4,75
2026-06-03T12:00,Sul,1063,1070,2,55
2026-06-03T13:00,Norte,934,967,3,65
2026-06-03T13:00,Nordeste,1147,1167,5,90
2026-06-03T13:00,Sudeste,1617,1667,4,75
2026-06-03T13:00,Sul,1044,1067,2,55
2026-06-03T14:00,Norte,949,960,3,65
2026-06-03T14:00,Nordeste,1160,1160,5,90
2026-06-03T14:00,Sudeste,1655,1660,4,75
2026-06-03T14:00,Sul,1073,1060,2,55
2026-06-03T15:00,Norte,914,949,3,65
2026-06-03T15:00,Nordeste,1137,1149,5,90
2026-06-03T15:00,Sudeste,1618,1649,4,75
2026-06-03T15:00,Sul,1055,1049,2,55
2026-06-03T16:00,Norte,929,934,3,65
2026-06-03T16:00,Nordeste,1089,1134,5,90
2026-06-03T16:00,Sudeste,1609,1634,4,75
2026-06-03T16:00,Sul,999,1034,2,55
2026-06-03T17:00,Norte,857,918,3,65
2026-06-03T17:00,Nordeste,1063,1118,5,90
2026-06-03T17:00,Sudeste,1585,1618,4,75
2026-06-03T17:00,Sul,997,1018,2,55
2026-06-03T18:00,Norte,882,900,3,65
2026-06-03T18:00,Nordeste,1033,1100,5,90
2026-06-03T18:00,Sudeste,1538,1600,4,75
2026-06-03T18:00,Sul,962,1000,2,55
2026-06-03T19:00,Norte,843,900,3,65
2026-06-03T19:00,Nordeste,1044,1100,5,90
2026-06-03T19:00,Sudeste,1491,1600,4,75
2026-06-03T19:00,Sul,918,1000,2,55
2026-06-03T20:00,Norte,788,900,3,65
2026-06-03T20:00,Nordeste,977,1100,5,90
2026-06-03T20:00,Sudeste,1480,1600,4,75
2026-06-03T20:00,Sul,904,1000,2,55
2026-06-03T21:00,Norte,722,900,3,65
2026-06-03T21:00,Nordeste,963,1100,5,90
2026-06-03T21:00,Sudeste,1445,1600,4,75
2026-06-03T21:00,Sul,846,1000,2,55
2026-06-03T22:00,Norte,755,900,3,65
2026-06-03T22:00,Nordeste,963,1100,5,90
2026-06-03T22:00,Sudeste,1399,1600,4,75
2026-06-03T22:00,Sul,847,1000,2,55
2026-06-03T23:00,Norte,687,900,3,65
2026-06-03T23:00,Nordeste,874,1100,5,90
2026-06-03T23:00,Sudeste,1378,1600,4,75
2026-06-03T23:00,Sul,819,1000,2,55
2026-06-04T00:00,Norte,686,900,3,65
2026-06-04T00:00,Nordeste,880,1100,5,90
2026-06-04T00:00,Sudeste,1379,1600,4,75
2026-06-04T00:00,Sul,762,1000,2,55
2026-06-04T01:00,Norte,720,900,3,65
2026-06-04T01:00,Nordeste,889,1100,5,90
2026-06-04T01:00,Sudeste,1370,1600,4,75
2026-06-04T01:00,Sul,791,1000,2,55
2026-06-04T02:00,Norte,666,900,3,65
2026-06-04T02:00,Nordeste,875,1100,5,90
2026-06-04T02:00,Sudeste,1377,1600,4,75
2026-06-04T02:00,Sul,797,1000,2,55
2026-06-04T03:00,Norte,682,900,3,65
2026-06-04T03:00,Nordeste,893,1100,5,90
2026-06-04T03:00,Sudeste,1377,1600,4,75
2026-06-04T03:00,Sul,840,1000,2,55
2026-06-04T04:00,Norte,702,900,3,65
2026-06-04T04:00,Nordeste,923,1100,5,90
2026-06-04T04:00,Sudeste,1408,1600,4,75
2026-06-04T04:00,Sul,852,1000,2,55
2026-06-04T05:00,Norte,769,900,3,65
2026-06-04T05:00,Nordeste,979,1100,5,90
2026-06-04T05:00,Sudeste,1436,1600,4,75
2026-06-04T05:00,Sul,856,1000,2,55
2026-06-04T06:00,Norte,788,900,3,65
2026-06-04T06:00,Nordeste,952,1100,5,90
2026-06-04T06:00,Sudeste,1498,1600,4,75
2026-06-04T06:00,Sul,900,1000,2,55
2026-06-04T07:00,Norte,853,918,3,65
2026-06-04T07:00,Nordeste,1001,1118,5,90
2026-06-04T07:00,Sudeste,1552,1618,4,75
2026-06-04T07:00,Sul,937,1018,2,55
2026-06-04T08:00,Norte,857,934,3,65
2026-06-04T08:00,Nordeste,1077,1134,5,90
2026-06-04T08:00,Sudeste,1586,1634,4,75
2026-06-04T08:00,Sul,928,1034,2,55
2026-06-04T09:00,Norte,897,949,3,65
2026-06-04T09:00,Nordeste,1095,1149,5,90
2026-06-04T09:00,Sudeste,1607,1649,4,75
2026-06-04T09:00,Sul,1008,1049,2,55
2026-06-04T10:00,Norte,923,960,3,65
2026-06-04T10:00,Nordeste,1100,1160,5,90
2026-06-04T10:00,Sudeste,1612,1660,4,75
2026-06-04T10:00,Sul,996,1060,2,55
2026-06-04T11:00,Norte,961,967,3,65
2026-06-04T11:00,Nordeste,1127,1167,5,90
2026-06-04T11:00,Sudeste,1640,1667,4,75
2026-06-04T11:00,Sul,998,1067,2,55
2026-06-04T12:00,Norte,916,970,3,65
2026-06-04T12:00,Nordeste,1112,1170,5,90
2026-06-04T12:00,Sudeste,1654,1670,4,75
2026-06-04T12:00,Sul,1060,1070,2,55
2026-06-04T13:00,Norte,948,967,3,65
2026-06-04T13:00,Nordeste,1167,1167,5,90
2026-06-04T13:00,Sudeste,1654,1667,4,75
2026-06-04T13:00,Sul,1079,1067,2,55
2026-06-04T14:00,Norte,942,960,3,65
2026-06-04T14:00,Nordeste,1155,1160,5,90
2026-06-04T14:00,Sudeste,1624,1660,4,75
2026-06-04T14:00,Sul,1057,1060,2,55
2026-06-04T15:00,Norte,920,949,3,65
2026-06-04T15:00,Nordeste,1098,1149,5,90
2026-06-04T15:00,Sudeste,1637,1649,4,75
2026-06-04T15:00,Sul,1028,1049,2,55
2026-06-04T16:00,Norte,907,934,3,65
2026-06-04T16:00,Nordeste,1091,1134,5,90
2026-06-04T16:00,Sudeste,1643,1634,4,75
2026-06-04T16:00,Sul,1016,1034,2,55
2026-06-04T17:00,Norte,911,918,3,65
2026-06-04T17:00,Nordeste,1101,1118,5,90
2026-06-04T17:00,Sudeste,1576,1618,4,75
2026-06-04T17:00,Sul,966,1018,2,55
2026-06-04T18:00,Norte,823,900,3,65
2026-06-04T18:00,Nordeste,1036,1100,5,90
2026-06-04T18:00,Sudeste,1581,1600,4,75
2026-06-04T18:00,Sul,949,1000,2,55
2026-06-04T19:00,Norte,799,900,3,65
2026-06-04T19:00,Nordeste,995,1100,5,90
2026-06-04T19:00,Sudeste,1548,1600,4,75
2026-06-04T19:00,Sul,933,1000,2,55
2026-06-04T20:00,Norte,797,900,3,65
2026-06-04T20:00,Nordeste,975,1100,5,90
2026-06-04T20:00,Sudeste,1481,1600,4,75
2026-06-04T20:00,Sul,878,1000,2,55
2026-06-04T21:00,Norte,785,900,3,65
2026-06-04T21:00,Nordeste,925,1100,5,90
2026-06-04T21:00,Sudeste,1443,1600,4,75
2026-06-04T21:00,Sul,824,1000,2,55
2026-06-04T22:00,Norte,705,900,3,65
2026-06-04T22:00,Nordeste,896,1100,5,90
2026-06-04T22:00,Sudeste,1435,1600,4,75
2026-06-04T22:00,Sul,858,1000,2,55
2026-06-04T23:00,Norte,734,900,3,65
2026-06-04T23:00,Nordeste,909,1100,5,90
2026-06-04T23:00,Sudeste,1408,1600,4,75
2026-06-04T23:00,Sul,798,1000,2,55
2026-06-05T00:00,Norte,712,900,3,65
2026-06-05T00:00,Nordeste,861,1100,5,90
2026-06-05T00:00,Sudeste,1375,1600,4,75
2026-06-05T00:00,Sul,786,1000,2,55
2026-06-05T01:00,Norte,658,900,3,65
2026-06-05T01:00,Nordeste,907,1100,5,90
2026-06-05T01:00,Sudeste,1370,1600,4,75
2026-06-05T01:00,Sul,825,1000,2,55
2026-06-05T02:00,Norte,675,900,3,65
2026-06-05T02:00,Nordeste,904,1100,5,90
2026-06-05T02:00,Sudeste,1404,1600,4,75
2026-06-05T02:00,Sul,813,1000,2,55
2026-06-05T03:00,Norte,722,900,3,65
2026-06-05T03:00,Nordeste,932,1100,5,90
2026-06-05T03:00,Sudeste,1410,1600,4,75
2026-06-05T03:00,Sul,779,1000,2,55
2026-06-05T04:00,Norte,734,900,3,65
2026-06-05T04:00,Nordeste,964,1100,5,90
2026-06-05T04:00,Sudeste,1455,1600,4,75
2026-06-05T04:00,Sul,794,1000,2,55
2026-06-05T05:00,Norte,762,900,3,65
2026-06-05T05:00,Nordeste,980,1100,5,90
2026-06-05T05:00,Sudeste,1423,1600,4,75
2026-06-05T05:00,Sul,851,1000,2,55
2026-06-05T06:00,Norte,791,900,3,65
2026-06-05T06:00,Nordeste,970,1100,5,90
2026-06-05T06:00,Sudeste,1500,1600,4,75
2026-06-05T06:00,Sul,895,1000,2,55
2026-06-05T07:00,Norte,792,918,3,65
2026-06-05T07:00,Nordeste,1028,1118,5,90
2026-06-05T07:00,Sudeste,1500,1618,4,75
2026-06-05T07:00,Sul,934,1018,2,55
2026-06-05T08:00,Norte,845,934,3,65
2026-06-05T08:00,Nordeste,1049,1134,5,90
2026-06-05T08:00,Sudeste,1533,1634,4,75
2026-06-05T08:00,Sul,959,1034,2,55
2026-06-05T09:00,Norte,911,949,3,65
2026-06-05T09:00,Nordeste,1080,1149,5,90
2026-06-05T09:00,Sudeste,1553,1649,4,75
2026-06-05T09:00,Sul,1003,1049,2,55
2026-06-05T10:00,Norte,905,960,3,65
2026-06-05T10:00,Nordeste,1102,1160,5,90
2026-06-05T10:00,Sudeste,1582,1660,4,75
2026-06-05T10:00,Sul,979,1060,2,55
2026-06-05T11:00,Norte,936,967,3,65
2026-06-05T11:00,Nordeste,1120,1167,5,90
2026-06-05T11:00,Sudeste,1637,1667,4,75
2026-06-05T11:00,Sul,1002,1067,2,55
2026-06-05T12:00,Norte,954,970,3,65
2026-06-05T12:00,Nordeste,1151,1170,5,90
2026-06-05T12:00,Sudeste,1677,1670,4,75
2026-06-05T12:00,Sul,1059,1070,2,55
2026-06-05T13:00,Norte,946,967,3,65
2026-06-05T13:00,Nordeste,1177,1167,5,90
2026-06-05T13:00,Sudeste,1645,1667,4,75
2026-06-05T13:00,Sul,1056,1067,2,55
2026-06-05T14:00,Norte,941,960,3,65
2026-06-05T14:00,Nordeste,1125,1160,5,90
2026-06-05T14:00,Sudeste,1626,1660,4,75
2026-06-05T14:00,Sul,1031,1060,2,55
2026-06-05T15:00,Norte,913,949,3,65
2026-06-05T15:00,Nordeste,1146,1149,5,90
2026-06-05T15:00,Sudeste,1662,1649,4,75
2026-06-05T15:00,Sul,1062,1049,2,55
2026-06-05T16:00,Norte,919,934,3,65
2026-06-05T16:00,Nordeste,1111,1134,5,90
2026-06-05T16:00,Sudeste,1632,1634,4,75
2026-06-05T16:00,Sul,1039,1034,2,55
2026-06-05T17:00,Norte,879,918,3,65
2026-06-05T17:00,Nordeste,1082,1118,5,90
2026-06-05T17:00,Sudeste,1615,1618,4,75
2026-06-05T17:00,Sul,977,1018,2,55
2026-06-05T18:00,Norte,888,900,3,65
2026-06-05T18:00,Nordeste,1078,1100,5,90
2026-06-05T18:00,Sudeste,1521,1600,4,75
2026-06-05T18:00,Sul,920,1000,2,55
2026-06-05T19:00,Norte,817,900,3,65
2026-06-05T19:00,Nordeste,1003,1100,5,90
2026-06-05T19:00,Sudeste,1485,1600,4,75
2026-06-05T19:00,Sul,936,1000,2,55
2026-06-05T20:00,Norte,807,900,3,65
2026-06-05T20:00,Nordeste,971,1100,5,90
2026-06-05T20:00,Sudeste,1458,1600,4,75
2026-06-05T20:00,Sul,892,1000,2,55
2026-06-05T21:00,Norte,774,900,3,65
2026-06-05T21:00,Nordeste,928,1100,5,90
2026-06-05T21:00,Sudeste,1456,1600,4,75
2026-06-05T21:00,Sul,851,1000,2,55
2026-06-05T22:00,Norte,710,900,3,65
2026-06-05T22:00,Nordeste,946,1100,5,90
2026-06-05T22:00,Sudeste,1420,1600,4,75
2026-06-05T22:00,Sul,835,1000,2,55
2026-06-05T23:00,Norte,709,900,3,65
2026-06-05T23:00,Nordeste,936,1100,5,90
2026-06-05T23:00,Sudeste,1404,1600,4,75
2026-06-05T23:00,Sul,796,1000,2,55
2026-06-06T00:00,Norte,673,900,3,65
2026-06-06T00:00,Nordeste,885,1100,5,90
2026-06-06T00:00,Sudeste,1366,1600,4,75
2026-06-06T00:00,Sul,822,1000,2,55
2026-06-06T01:00,Norte,716,900,3,65
2026-06-06T01:00,Nordeste,901,1100,5,90
2026-06-06T01:00,Sudeste,1408,1600,4,75
2026-06-06T01:00,Sul,768,1000,2,55
2026-06-06T02:00,Norte,675,900,3,65
2026-06-06T02:00,Nordeste,885,1100,5,90
2026-06-06T02:00,Sudeste,1392,1600,4,75
2026-06-06T02:00,Sul,811,1000,2,55
2026-06-06T03:00,Norte,676,900,3,65
2026-06-06T03:00,Nordeste,907,1100,5,90
2026-06-06T03:00,Sudeste,1431,1600,4,75
2026-06-06T03:00,Sul,814,1000,2,55
2026-06-06T04:00,Norte,735,900,3,65
2026-06-06T04:00,Nordeste,939,1100,5,90
2026-06-06T04:00,Sudeste,1436,1600,4,75
2026-06-06T04:00,Sul,795,1000,2,55
2026-06-06T05:00,Norte,733,900,3,65
2026-06-06T05:00,Nordeste,971,1100,5,90
2026-06-06T05:00,Sudeste,1447,1600,4,75
2026-06-06T05:00,Sul,837,1000,2,55
2026-06-06T06:00,Norte,762,900,3,65
2026-06-06T06:00,Nordeste,992,1100,5,90
2026-06-06T06:00,Sudeste,1488,1600,4,75
2026-06-06T06:00,Sul,907,1000,2,55
2026-06-06T07:00,Norte,835,918,3,65
2026-06-06T07:00,Nordeste,986,1118,5,90
2026-06-06T07:00,Sudeste,1526,1618,4,75
2026-06-06T07:00,Sul,912,1018,2,55
2026-06-06T08:00,Norte,825,934,3,65
2026-06-06T08:00,Nordeste,1079,1134,5,90
2026-06-06T08:00,Sudeste,1567,1634,4,75
2026-06-06T08:00,Sul,924,1034,2,55
2026-06-06T09:00,Norte,866,949,3,65
2026-06-06T09:00,Nordeste,1104,1149,5,90
2026-06-06T09:00,Sudeste,1574,1649,4,75
2026-06-06T09:00,Sul,979,1049,2,55
2026-06-06T10:00,Norte,886,960,3,65
2026-06-06T10:00,Nordeste,1109,1160,5,90
2026-06-06T10:00,Sudeste,1601,1660,4,75
2026-06-06T10:00,Sul,1021,1060,2,55
2026-06-06T11:00,Norte,953,967,3,65
2026-06-06T11:00,Nordeste,1116,1167,5,90
2026-06-06T11:00,Sudeste,1637,1667,4,75
2026-06-06T11:00,Sul,1014,1067,2,55
2026-06-06T12:00,Norte,952,970,3,65
2026-06-06T12:00,Nordeste,1162,1170,5,90
2026-06-06T12:00,Sudeste,1676,1670,4,75
2026-06-06T12:00,Sul,1011,1070,2,55
2026-06-06T13:00,Norte,969,967,3,65
2026-06-06T13:00,Nordeste,1121,1167,5,90
2026-06-06T13:00,Sudeste,1652,1667,4,75
2026-06-06T13:00,Sul,1075,1067,2,55
2026-06-06T14:00,Norte,924,960,3,65
2026-06-06T14:00,Nordeste,1172,1160,5,90
2026-06-06T14:00,Sudeste,1680,1660,4,75
2026-06-06T14:00,Sul,1029,1060,2,55
2026-06-06T15:00,Norte,946,949,3,65
2026-06-06T15:00,Nordeste,1132,1149,5,90
2026-06-06T15:00,Sudeste,1637,1649,4,75
2026-06-06T15:00,Sul,1005,1049,2,55
2026-06-06T16:00,Norte,928,934,3,65
2026-06-06T16:00,Nordeste,1144,1134,5,90
2026-06-06T16:00,Sudeste,1606,1634,4,75
2026-06-06T16:00,Sul,1015,1034,2,55
2026-06-06T17:00,Norte,872,918,3,65
2026-06-06T17:00,Nordeste,1098,1118,5,90
2026-06-06T17:00,Sudeste,1602,1618,4,75
2026-06-06T17:00,Sul,972,1018,2,55
2026-06-06T18:00,Norte,861,900,3,65
2026-06-06T18:00,Nordeste,1050,1100,5,90
2026-06-06T18:00,Sudeste,1585,1600,4,75
2026-06-06T18:00,Sul,952,1000,2,55
2026-06-06T19:00,Norte,801,900,3,65
2026-06-06T19:00,Nordeste,1037,1100,5,90
2026-06-06T19:00,Sudeste,1506,1600,4,75
2026-06-06T19:00,Sul,920,1000,2,55
2026-06-06T20:00,Norte,811,900,3,65
2026-06-06T20:00,Nordeste,997,1100,5,90
2026-06-06T20:00,Sudeste,1513,1600,4,75
2026-06-06T20:00,Sul,902,1000,2,55
2026-06-06T21:00,Norte,741,900,3,65
2026-06-06T21:00,Nordeste,957,1100,5,90
2026-06-06T21:00,Sudeste,1456,1600,4,75
2026-06-06T21:00,Sul,853,1000,2,55
2026-06-06T22:00,Norte,733,900,3,65
2026-06-06T22:00,Nordeste,899,1100,5,90
2026-06-06T22:00,Sudeste,1463,1600,4,75
2026-06-06T22:00,Sul,799,1000,2,55
2026-06-06T23:00,Norte,733,900,3,65
2026-06-06T23:00,Nordeste,895,1100,5,90
2026-06-06T23:00,Sudeste,1436,1600,4,75
2026-06-06T23:00,Sul,806,1000,2,55
2026-06-07T00:00,Norte,686,900,3,65
2026-06-07T00:00,Nordeste,914,1100,5,90
2026-06-07T00:00,Sudeste,1420,1600,4,75
2026-06-07T00:00,Sul,813,1000,2,55
2026-06-07T01:00,Norte,667,900,3,65
2026-06-07T01:00,Nordeste,870,1100,5,90
2026-06-07T01:00,Sudeste,1410,1600,4,75
2026-06-07T01:00,Sul,757,1000,2,55
2026-06-07T02:00,Norte,720,900,3,65
2026-06-07T02:00,Nordeste,905,1100,5,90
2026-06-07T02:00,Sudeste,1386,1600,4,75
2026-06-07T02:00,Sul,784,1000,2,55
2026-06-07T03:00,Norte,740,900,3,65
2026-06-07T03:00,Nordeste,942,1100,5,90
2026-06-07T03:00,Sudeste,1399,1600,4,75
2026-06-07T03:00,Sul,782,1000,2,55
2026-06-07T04:00,Norte,711,900,3,65
2026-06-07T04:00,Nordeste,894,1100,5,90
2026-06-07T04:00,Sudeste,1425,1600,4,75
2026-06-07T04:00,Sul,844,1000,2,55
2026-06-07T05:00,Norte,740,900,3,65
2026-06-07T05:00,Nordeste,964,1100,5,90
2026-06-07T05:00,Sudeste,1427,1600,4,75
2026-06-07T05:00,Sul,891,1000,2,55
2026-06-07T06:00,Norte,752,900,3,65
2026-06-07T06:00,Nordeste,979,1100,5,90
2026-06-07T06:00,Sudeste,1500,1600,4,75
2026-06-07T06:00,Sul,904,1000,2,55
2026-06-07T07:00,Norte,819,918,3,65
2026-06-07T07:00,Nordeste,1021,1118,5,90
2026-06-07T07:00,Sudeste,1492,1618,4,75
2026-06-07T07:00,Sul,955,1018,2,55
2026-06-07T08:00,Norte,864,934,3,65
2026-06-07T08:00,Nordeste,1064,1134,5,90
2026-06-07T08:00,Sudeste,1532,1634,4,75
2026-06-07T08:00,Sul,988,1034,2,55
2026-06-07T09:00,Norte,893,949,3,65
2026-06-07T09:00,Nordeste,1059,1149,5,90
2026-06-07T09:00,Sudeste,1567,1649,4,75
2026-06-07T09:00,Sul,1000,1049,2,55
2026-06-07T10:00,Norte,910,960,3,65
2026-06-07T10:00,Nordeste,1091,1160,5,90
2026-06-07T10:00,Sudeste,1617,1660,4,75
2026-06-07T10:00,Sul,1040,1060,2,55
2026-06-07T11:00,Norte,944,967,3,65
2026-06-07T11:00,Nordeste,1135,1167,5,90
2026-06-07T11:00,Sudeste,1615,1667,4,75
2026-06-07T11:00,Sul,1044,1067,2,55
2026-06-07T12:00,Norte,953,970,3,65
2026-06-07T12:00,Nordeste,1157,1170,5,90
2026-06-07T12:00,Sudeste,1673,1670,4,75
2026-06-07T12:00,Sul,1042,1070,2,55
2026-06-07T13:00,Norte,930,967,3,65
2026-06-07T13:00,Nordeste,1173,1167,5,90
2026-06-07T13:00,Sudeste,1639,1667,4,75
2026-06-07T13:00,Sul,1057,1067,2,55
2026-06-07T14:00,Norte,927,960,3,65
2026-06-07T14:00,Nordeste,1144,1160,5,90
2026-06-07T14:00,Sudeste,1662,1660,4,75
2026-06-07T14:00,Sul,1056,1060,2,55
2026-06-07T15:00,Norte,905,949,3,65
2026-06-07T15:00,Nordeste,1138,1149,5,90
2026-06-07T15:00,Sudeste,1638,1649,4,75
2026-06-07T15:00,Sul,997,1049,2,55
2026-06-07T16:00,Norte,883,934,3,65
2026-06-07T16:00,Nordeste,1077,1134,5,90
2026-06-07T16:00,Sudeste,1634,1634,4,75
2026-06-07T16:00,Sul,980,1034,2,55
2026-06-07T17:00,Norte,852,918,3,65
2026-06-07T17:00,Nordeste,1067,1118,5,90
2026-06-07T17:00,Sudeste,1605,1618,4,75
2026-06-07T17:00,Sul,984,1018,2,55
2026-06-07T18:00,Norte,876,900,3,65
2026-06-07T18:00,Nordeste,1022,1100,5,90
2026-06-07T18:00,Sudeste,1587,1600,4,75
2026-06-07T18:00,Sul,961,1000,2,55
2026-06-07T19:00,Norte,798,900,3,65
2026-06-07T19:00,Nordeste,1001,1100,5,90
2026-06-07T19:00,Sudeste,1550,1600,4,75
2026-06-07T19:00,Sul,948,1000,2,55
2026-06-07T20:00,Norte,802,900,3,65
2026-06-07T20:00,Nordeste,1000,1100,5,90
2026-06-07T20:00,Sudeste,1481,1600,4,75
2026-06-07T20:00,Sul,857,1000,2,55
2026-06-07T21:00,Norte,738,900,3,65
2026-06-07T21:00,Nordeste,965,1100,5,90
2026-06-07T21:00,Sudeste,1434,1600,4,75
2026-06-07T21:00,Sul,889,1000,2,55
2026-06-07T22:00,Norte,738,900,3,65
2026-06-07T22:00,Nordeste,930,1100,5,90
2026-06-07T22:00,Sudeste,1404,1600,4,75
2026-06-07T22:00,Sul,851,1000,2,55
2026-06-07T23:00,Norte,729,900,3,65
2026-06-07T23:00,Nordeste,930,1100,5,90
2026-06-07T23:00,Sudeste,1406,1600,4,75
2026-06-07T23:00,Sul,802,1000,2,55
2026-06-08T00:00,Norte,674,900,3,65
2026-06-08T00:00,Nordeste,891,1100,5,90
2026-06-08T00:00,Sudeste,1386,1600,4,75
2026-06-08T00:00,Sul,814,1000,2,55
2026-06-08T01:00,Norte,669,900,3,65
2026-06-08T01:00,Nordeste,867,1100,5,90
2026-06-08T01:00,Sudeste,1383,1600,4,75
2026-06-08T01:00,Sul,810,1000,2,55
2026-06-08T02:00,Norte,696,900,3,65
2026-06-08T02:00,Nordeste,899,1100,5,90
2026-06-08T02:00,Sudeste,1414,1600,4,75
2026-06-08T02:00,Sul,775,1000,2,55
2026-06-08T03:00,Norte,726,900,3,65
2026-06-08T03:00,Nordeste,892,1100,5,90
2026-06-08T03:00,Sudeste,1426,1600,4,75
2026-06-08T03:00,Sul,820,1000,2,55
2026-06-08T04:00,Norte,732,900,3,65
2026-06-08T04:00,Nordeste,960,1100,5,90
2026-06-08T04:00,Sudeste,1461,1600,4,75
2026-06-08T04:00,Sul,808,1000,2,55
2026-06-08T05:00,Norte,755,900,3,65
2026-06-08T05:00,Nordeste,947,1100,5,90
2026-06-08T05:00,Sudeste,1443,1600,4,75
2026-06-08T05:00,Sul,867,1000,2,55
2026-06-08T06:00,Norte,752,900,3,65
2026-06-08T06:00,Nordeste,999,1100,5,90
2026-06-08T06:00,Sudeste,1462,1600,4,75
2026-06-08T06:00,Sul,898,1000,2,55
2026-06-08T07:00,Norte,789,918,3,65
2026-06-08T07:00,Nordeste,1008,1118,5,90
2026-06-08T07:00,Sudeste,1550,1618,4,75
2026-06-08T07:00,Sul,903,1018,2,55
2026-06-08T08:00,Norte,879,934,3,65
2026-06-08T08:00,Nordeste,1056,1134,5,90
2026-06-08T08:00,Sudeste,1576,1634,4,75
2026-06-08T08:00,Sul,935,1034,2,55
2026-06-08T09:00,Norte,905,949,3,65
2026-06-08T09:00,Nordeste,1096,1149,5,90
2026-06-08T09:00,Sudeste,1570,1649,4,75
2026-06-08T09:00,Sul,989,1049,2,55
2026-06-08T10:00,Norte,926,960,3,65
2026-06-08T10:00,Nordeste,1085,1160,5,90
2026-06-08T10:00,Sudeste,1646,1660,4,75
2026-06-08T10:00,Sul,1025,1060,2,55
2026-06-08T11:00,Norte,906,967,3,65
2026-06-08T11:00,Nordeste,1137,1167,5,90
2026-06-08T11:00,Sudeste,1651,1667,4,75
2026-06-08T11:00,Sul,1011,1067,2,55
2026-06-08T12:00,Norte,926,970,3,65
2026-06-08T12:00,Nordeste,1118,1170,5,90
2026-06-08T12:00,Sudeste,1614,1670,4,75
2026-06-08T12:00,Sul,1067,1070,2,55
2026-06-08T13:00,Norte,930,967,3,65
2026-06-08T13:00,Nordeste,1162,1167,5,90
2026-06-08T13:00,Sudeste,1635,1667,4,75
2026-06-08T13:00,Sul,1017,1067,2,55
2026-06-08T14:00,Norte,918,960,3,65
2026-06-08T14:00,Nordeste,1119,1160,5,90
2026-06-08T14:00,Sudeste,1659,1660,4,75
2026-06-08T14:00,Sul,1069,1060,2,55
2026-06-08T15:00,Norte,956,949,3,65
2026-06-08T15:00,Nordeste,1154,1149,5,90
2026-06-08T15:00,Sudeste,1650,1649,4,75
2026-06-08T15:00,Sul,999,1049,2,55
2026-06-08T16:00,Norte,932,934,3,65
2026-06-08T16:00,Nordeste,1093,1134,5,90
2026-06-08T16:00,Sudeste,1622,1634,4,75
2026-06-08T16:00,Sul,1007,1034,2,55
2026-06-08T17:00,Norte,913,918,3,65
2026-06-08T17:00,Nordeste,1085,1118,5,90
2026-06-08T17:00,Sudeste,1600,1618,4,75
2026-06-08T17:00,Sul,987,1018,2,55
2026-06-08T18:00,Norte,874,900,3,65
2026-06-08T18:00,Nordeste,1033,1100,5,90
2026-06-08T18:00,Sudeste,1552,1600,4,75
2026-06-08T18:00,Sul,976,1000,2,55
2026-06-08T19:00,Norte,842,900,3,65
2026-06-08T19:00,Nordeste,1020,1100,5,90
2026-06-08T19:00,Sudeste,1540,1600,4,75
2026-06-08T19:00,Sul,886,1000,2,55
2026-06-08T20:00,Norte,815,900,3,65
2026-06-08T20:00,Nordeste,992,1100,5,90
2026-06-08T20:00,Sudeste,1458,1600,4,75
2026-06-08T20:00,Sul,885,1000,2,55
2026-06-08T21:00,Norte,728,900,3,65
2026-06-08T21:00,Nordeste,945,1100,5,90
2026-06-08T21:00,Sudeste,1447,1600,4,75
2026-06-08T21:00,Sul,858,1000,2,55
2026-06-08T22:00,Norte,710,900,3,65
2026-06-08T22:00,Nordeste,962,1100,5,90
2026-06-08T22:00,Sudeste,1396,1600,4,75
2026-06-08T22:00,Sul,827,1000,2,55
2026-06-08T23:00,Norte,741,900,3,65
2026-06-08T23:00,Nordeste,940,1100,5,90
2026-06-08T23:00,Sudeste,1416,1600,4,75
2026-06-08T23:00,Sul,820,1000,2,55
2026-06-09T00:00,Norte,673,900,3,65
2026-06-09T00:00,Nordeste,920,1100,5,90
2026-06-09T00:00,Sudeste,1361,1600,4,75
2026-06-09T00:00,Sul,811,1000,2,55
2026-06-09T01:00,Norte,677,900,3,65
2026-06-09T01:00,Nordeste,880,1100,5,90
2026-06-09T01:00,Sudeste,1414,1600,4,75
2026-06-09T01:00,Sul,780,1000,2,55
2026-06-09T02:00,Norte,711,900,3,65
2026-06-09T02:00,Nordeste,861,1100,5,90
2026-06-09T02:00,Sudeste,1361,1600,4,75
2026-06-09T02:00,Sul,761,1000,2,55
2026-06-09T03:00,Norte,696,900,3,65
2026-06-09T03:00,Nordeste,921,1100,5,90
2026-06-09T03:00,Sudeste,1411,1600,4,75
2026-06-09T03:00,Sul,788,1000,2,55
2026-06-09T04:00,Norte,717,900,3,65
2026-06-09T04:00,Nordeste,899,1100,5,90
2026-06-09T04:00,Sudeste,1405,1600,4,75
2026-06-09T04:00,Sul,812,1000,2,55
2026-06-09T05:00,Norte,766,900,3,65
2026-06-09T05:00,Nordeste,929,1100,5,90
2026-06-09T05:00,Sudeste,1444,1600,4,75
2026-06-09T05:00,Sul,858,1000,2,55
2026-06-09T06:00,Norte,766,900,3,65
2026-06-09T06:00,Nordeste,995,1100,5,90
2026-06-09T06:00,Sudeste,1459,1600,4,75
2026-06-09T06:00,Sul,889,1000,2,55
2026-06-09T07:00,Norte,808,918,3,65
2026-06-09T07:00,Nordeste,1025,1118,5,90
2026-06-09T07:00,Sudeste,1492,1618,4,75
2026-06-09T07:00,Sul,948,1018,2,55
2026-06-09T08:00,Norte,856,934,3,65
2026-06-09T08:00,Nordeste,1027,1134,5,90
2026-06-09T08:00,Sudeste,1527,1634,4,75
2026-06-09T08:00,Sul,968,1034,2,55
2026-06-09T09:00,Norte,899,949,3,65
2026-06-09T09:00,Nordeste,1113,1149,5,90
2026-06-09T09:00,Sudeste,1586,1649,4,75
2026-06-09T09:00,Sul,1002,1049,2,55
2026-06-09T10:00,Norte,906,960,3,65
2026-06-09T10:00,Nordeste,1078,1160,5,90
2026-06-09T10:00,Sudeste,1580,1660,4,75
2026-06-09T10:00,Sul,1004,1060,2,55
2026-06-09T11:00,Norte,918,967,3,65
2026-06-09T11:00,Nordeste,1121,1167,5,90
2026-06-09T11:00,Sudeste,1648,1667,4,75
2026-06-09T11:00,Sul,1002,1067,2,55
2026-06-09T12:00,Norte,978,970,3,65
2026-06-09T12:00,Nordeste,1158,1170,5,90
2026-06-09T12:00,Sudeste,1679,1670,4,75
2026-06-09T12:00,Sul,1036,1070,2,55
2026-06-09T13:00,Norte,963,967,3,65
2026-06-09T13:00,Nordeste,1174,1167,5,90
2026-06-09T13:00,Sudeste,1683,1667,4,75
2026-06-09T13:00,Sul,1053,1067,2,55
2026-06-09T14:00,Norte,942,960,3,65
2026-06-09T14:00,Nordeste,1167,1160,5,90
2026-06-09T14:00,Sudeste,1642,1660,4,75
2026-06-09T14:00,Sul,1070,1060,2,55
2026-06-09T15:00,Norte,948,949,3,65
2026-06-09T15:00,Nordeste,1142,1149,5,90
2026-06-09T15:00,Sudeste,1665,1649,4,75
2026-06-09T15:00,Sul,1014,1049,2,55
2026-06-09T16:00,Norte,878,934,3,65
2026-06-09T16:00,Nordeste,1088,1134,5,90
2026-06-09T16:00,Sudeste,1598,1634,4,75
2026-06-09T16:00,Sul,1022,1034,2,55
2026-06-09T17:00,Norte,917,918,3,65
2026-06-09T17:00,Nordeste,1108,1118,5,90
2026-06-09T17:00,Sudeste,1575,1618,4,75
2026-06-09T17:00,Sul,974,1018,2,55
2026-06-09T18:00,Norte,837,900,3,65
2026-06-09T18:00,Nordeste,1075,1100,5,90
2026-06-09T18:00,Sudeste,1586,1600,4,75
2026-06-09T18:00,Sul,956,1000,2,55
2026-06-09T19:00,Norte,851,900,3,65
2026-06-09T19:00,Nordeste,1007,1100,5,90
2026-06-09T19:00,Sudeste,1488,1600,4,75
2026-06-09T19:00,Sul,904,1000,2,55
2026-06-09T20:00,Norte,798,900,3,65
2026-06-09T20:00,Nordeste,1013,1100,5,90
2026-06-09T20:00,Sudeste,1463,1600,4,75
2026-06-09T20:00,Sul,922,1000,2,55
2026-06-09T21:00,Norte,766,900,3,65
2026-06-09T21:00,Nordeste,974,1100,5,90
2026-06-09T21:00,Sudeste,1478,1600,4,75
2026-06-09T21:00,Sul,878,1000,2,55
2026-06-09T22:00,Norte,708,900,3,65
2026-06-09T22:00,Nordeste,898,1100,5,90
2026-06-09T22:00,Sudeste,1443,1600,4,75
2026-06-09T22:00,Sul,838,1000,2,55
2026-06-09T23:00,Norte,731,900,3,65
2026-06-09T23:00,Nordeste,918,1100,5,90
2026-06-09T23:00,Sudeste,1438,1600,4,75
2026-06-09T23:00,Sul,782,1000,2,55
2026-06-10T00:00,Norte,713,900,3,65
2026-06-10T00:00,Nordeste,862,1100,5,90
2026-06-10T00:00,Sudeste,1360,1600,4,75
2026-06-10T00:00,Sul,806,1000,2,55
2026-06-10T01:00,Norte,709,900,3,65
2026-06-10T01:00,Nordeste,863,1100,5,90
2026-06-10T01:00,Sudeste,1371,1600,4,75
2026-06-10T01:00,Sul,823,1000,2,55
2026-06-10T02:00,Norte,686,900,3,65
2026-06-10T02:00,Nordeste,893,1100,5,90
2026-06-10T02:00,Sudeste,1419,1600,4,75
2026-06-10T02:00,Sul,794,1000,2,55
2026-06-10T03:00,Norte,723,900,3,65
2026-06-10T03:00,Nordeste,913,1100,5,90
2026-06-10T03:00,Sudeste,1436,1600,4,75
2026-06-10T03:00,Sul,834,1000,2,55
2026-06-10T04:00,Norte,764,900,3,65
2026-06-10T04:00,Nordeste,925,1100,5,90
2026-06-10T04:00,Sudeste,1404,1600,4,75
2026-06-10T04:00,Sul,856,1000,2,55
2026-06-10T05:00,Norte,758,900,3,65
2026-06-10T05:00,Nordeste,940,1100,5,90
2026-06-10T05:00,Sudeste,1490,1600,4,75
2026-06-10T05:00,Sul,835,1000,2,55
2026-06-10T06:00,Norte,755,900,3,65
2026-06-10T06:00,Nordeste,977,1100,5,90
2026-06-10T06:00,Sudeste,1485,1600,4,75
2026-06-10T06:00,Sul,895,1000,2,55
2026-06-10T07:00,Norte,815,918,3,65
2026-06-10T07:00,Nordeste,1015,1118,5,90
2026-06-10T07:00,Sudeste,1522,1618,4,75
2026-06-10T07:00,Sul,931,1018,2,55
2026-06-10T08:00,Norte,844,934,3,65
2026-06-10T08:00,Nordeste,1019,1134,5,90
2026-06-10T08:00,Sudeste,1542,1634,4,75
2026-06-10T08:00,Sul,951,1034,2,55
2026-06-10T09:00,Norte,895,949,3,65
2026-06-10T09:00,Nordeste,1060,1149,5,90
2026-06-10T09:00,Sudeste,1549,1649,4,75
2026-06-10T09:00,Sul,1017,1049,2,55
2026-06-10T10:00,Norte,932,960,3,65
2026-06-10T10:00,Nordeste,1085,1160,5,90
2026-06-10T10:00,Sudeste,1604,1660,4,75
2026-06-10T10:00,Sul,987,1060,2,55
2026-06-10T11:00,Norte,948,967,3,65
2026-06-10T11:00,Nordeste,1140,1167,5,90
2026-06-10T11:00,Sudeste,1634,1667,4,75
2026-06-10T11:00,Sul,1059,1067,2,55
2026-06-10T12:00,Norte,938,970,3,65
2026-06-10T12:00,Nordeste,1150,1170,5,90
2026-06-10T12:00,Sudeste,1663,1670,4,75
2026-06-10T12:00,Sul,1055,1070,2,55
2026-06-10T13:00,Norte,917,967,3,65
2026-06-10T13:00,Nordeste,1120,1167,5,90
2026-06-10T13:00,Sudeste,1682,1667,4,75
2026-06-10T13:00,Sul,1046,1067,2,55
2026-06-10T14:00,Norte,918,960,3,65
2026-06-10T14:00,Nordeste,1150,1160,5,90
2026-06-10T14:00,Sudeste,1618,1660,4,75
2026-06-10T14:00,Sul,1042,1060,2,55
2026-06-10T15:00,Norte,898,949,3,65
2026-06-10T15:00,Nordeste,1133,1149,5,90
2026-06-10T15:00,Sudeste,1609,1649,4,75
2026-06-10T15:00,Sul,999,1049,2,55
2026-06-10T16:00,Norte,911,934,3,65
2026-06-10T16:00,Nordeste,1133,1134,5,90
2026-06-10T16:00,Sudeste,1638,1634,4,75
2026-06-10T16:00,Sul,980,1034,2,55
2026-06-10T17:00,Norte,883,918,3,65
2026-06-10T17:00,Nordeste,1053,1118,5,90
2026-06-10T17:00,Sudeste,1613,1618,4,75
2026-06-10T17:00,Sul,1017,1018,2,55
2026-06-10T18:00,Norte,877,900,3,65
2026-06-10T18:00,Nordeste,1058,1100,5,90
2026-06-10T18:00,Sudeste,1565,1600,4,75
2026-06-10T18:00,Sul,922,1000,2,55
2026-06-10T19:00,Norte,850,900,3,65
2026-06-10T19:00,Nordeste,1039,1100,5,90
2026-06-10T19:00,Sudeste,1515,1600,4,75
2026-06-10T19:00,Sul,922,1000,2,55
2026-06-10T20:00,Norte,752,900,3,65
2026-06-10T20:00,Nordeste,1019,1100,5,90
2026-06-10T20:00,Sudeste,1507,1600,4,75
2026-06-10T20:00,Sul,919,1000,2,55
2026-06-10T21:00,Norte,758,900,3,65
2026-06-10T21:00,Nordeste,925,1100,5,90
2026-06-10T21:00,Sudeste,1466,1600,4,75
2026-06-10T21:00,Sul,873,1000,2,55
2026-06-10T22:00,Norte,722,900,3,65
2026-06-10T22:00,Nordeste,949,1100,5,90
2026-06-10T22:00,Sudeste,1418,1600,4,75
2026-06-10T22:00,Sul,844,1000,2,55
2026-06-10T23:00,Norte,674,900,3,65
2026-06-10T23:00,Nordeste,921,1100,5,90
2026-06-10T23:00,Sudeste,1416,1600,4,75
2026-06-10T23:00,Sul,823,1000,2,55
2026-06-11T00:00,Norte,717,900,3,65
2026-06-11T00:00,Nordeste,880,1100,5,90
2026-06-11T00:00,Sudeste,1364,1600,4,75
2026-06-11T00:00,Sul,782,1000,2,55
2026-06-11T01:00,Norte,686,900,3,65
2026-06-11T01:00,Nordeste,888,1100,5,90
2026-06-11T01:00,Sudeste,1403,1600,4,75
2026-06-11T01:00,Sul,758,1000,2,55
2026-06-11T02:00,Norte,701,900,3,65
2026-06-11T02:00,Nordeste,886,1100,5,90
2026-06-11T02:00,Sudeste,1380,1600,4,75
2026-06-11T02:00,Sul,804,1000,2,55
2026-06-11T03:00,Norte,740,900,3,65
2026-06-11T03:00,Nordeste,886,1100,5,90
2026-06-11T03:00,Sudeste,1388,1600,4,75
2026-06-11T03:00,Sul,811,1000,2,55
2026-06-11T04:00,Norte,758,900,3,65
2026-06-11T04:00,Nordeste,916,1100,5,90
2026-06-11T04:00,Sudeste,1404,1600,4,75
2026-06-11T04:00,Sul,836,1000,2,55
2026-06-11T05:00,Norte,737,900,3,65
2026-06-11T05:00,Nordeste,946,1100,5,90
2026-06-11T05:00,Sudeste,1488,1600,4,75
2026-06-11T05:00,Sul,862,1000,2,55
2026-06-11T06:00,Norte,819,900,3,65
2026-06-11T06:00,Nordeste,996,1100,5,90
2026-06-11T06:00,Sudeste,1510,1600,4,75
2026-06-11T06:00,Sul,859,1000,2,55
2026-06-11T07:00,Norte,838,918,3,65
2026-06-11T07:00,Nordeste,1002,1118,5,90
2026-06-11T07:00,Sudeste,1509,1618,4,75
2026-06-11T07:00,Sul,936,1018,2,55
2026-06-11T08:00,Norte,865,934,3,65
2026-06-11T08:00,Nordeste,1018,1134,5,90
2026-06-11T08:00,Sudeste,1542,1634,4,75
2026-06-11T08:00,Sul,987,1034,2,55
2026-06-11T09:00,Norte,909,949,3,65
2026-06-11T09:00,Nordeste,1069,1149,5,90
2026-06-11T09:00,Sudeste,1575,1649,4,75
2026-06-11T09:00,Sul,982,1049,2,55
2026-06-11T10:00,Norte,883,960,3,65
2026-06-11T10:00,Nordeste,1095,1160,5,90
2026-06-11T10:00,Sudeste,1586,1660,4,75
2026-06-11T10:00,Sul,1024,1060,2,55
2026-06-11T11:00,Norte,967,967,3,65
2026-06-11T11:00,Nordeste,1115,1167,5,90
2026-06-11T11:00,Sudeste,1604,1667,4,75
2026-06-11T11:00,Sul,1060,1067,2,55
2026-06-11T12:00,Norte,921,970,3,65
2026-06-11T12:00,Nordeste,1173,1170,5,90
2026-06-11T12:00,Sudeste,1669,1670,4,75
2026-06-11T12:00,Sul,1029,1070,2,55
2026-06-11T13:00,Norte,925,967,3,65
2026-06-11T13:00,Nordeste,1120,1167,5,90
2026-06-11T13:00,Sudeste,1682,1667,4,75
2026-06-11T13:00,Sul,1078,1067,2,55
2026-06-11T14:00,Norte,944,960,3,65
2026-06-11T14:00,Nordeste,1162,1160,5,90
2026-06-11T14:00,Sudeste,1672,1660,4,75
2026-06-11T14:00,Sul,1020,1060,2,55
2026-06-11T15:00,Norte,926,949,3,65
2026-06-11T15:00,Nordeste,1115,1149,5,90
2026-06-11T15:00,Sudeste,1640,1649,4,75
2026-06-11T15:00,Sul,1056,1049,2,55
2026-06-11T16:00,Norte,917,934,3,65
2026-06-11T16:00,Nordeste,1104,1134,5,90
2026-06-11T16:00,Sudeste,1590,1634,4,75
2026-06-11T16:00,Sul,977,1034,2,55
2026-06-11T17:00,Norte,919,918,3,65
2026-06-11T17:00,Nordeste,1093,1118,5,90
2026-06-11T17:00,Sudeste,1612,1618,4,75
2026-06-11T17:00,Sul,954,1018,2,55
2026-06-11T18:00,Norte,880,900,3,65
2026-06-11T18:00,Nordeste,1046,1100,5,90
2026-06-11T18:00,Sudeste,1522,1600,4,75
2026-06-11T18:00,Sul,986,1000,2,55
2026-06-11T19:00,Norte,840,900,3,65
2026-06-11T19:00,Nordeste,990,1100,5,90
2026-06-11T19:00,Sudeste,1494,1600,4,75
2026-06-11T19:00,Sul,943,1000,2,55
2026-06-11T20:00,Norte,767,900,3,65
2026-06-11T20:00,Nordeste,1007,1100,5,90
2026-06-11T20:00,Sudeste,1464,1600,4,75
2026-06-11T20:00,Sul,870,1000,2,55
2026-06-11T21:00,Norte,725,900,3,65
2026-06-11T21:00,Nordeste,961,1100,5,90
2026-06-11T21:00,Sudeste,1477,1600,4,75
2026-06-11T21:00,Sul,831,1000,2,55
2026-06-11T22:00,Norte,736,900,3,65
2026-06-11T22:00,Nordeste,941,1100,5,90
2026-06-11T22:00,Sudeste,1424,1600,4,75
2026-06-11T22:00,Sul,835,1000,2,55
2026-06-11T23:00,Norte,678,900,3,65
2026-06-11T23:00,Nordeste,886,1100,5,90
2026-06-11T23:00,Sudeste,1377,1600,4,75
2026-06-11T23:00,Sul,783,1000,2,55
2026-06-12T00:00,Norte,679,900,3,65
2026-06-12T00:00,Nordeste,881,1100,5,90
2026-06-12T00:00,Sudeste,1418,1600,4,75
2026-06-12T00:00,Sul,825,1000,2,55
2026-06-12T01:00,Norte,683,900,3,65
2026-06-12T01:00,Nordeste,874,1100,5,90
2026-06-12T01:00,Sudeste,1356,1600,4,75
2026-06-12T01:00,Sul,797,1000,2,55
2026-06-12T02:00,Norte,692,900,3,65
2026-06-12T02:00,Nordeste,912,1100,5,90
2026-06-12T02:00,Sudeste,1413,1600,4,75
2026-06-12T02:00,Sul,782,1000,2,55
2026-06-12T03:00,Norte,694,900,3,65
2026-06-12T03:00,Nordeste,879,1100,5,90
2026-06-12T03:00,Sudeste,1405,1600,4,75
2026-06-12T03:00,Sul,804,1000,2,55
2026-06-12T04:00,Norte,759,900,3,65
2026-06-12T04:00,Nordeste,955,1100,5,90
2026-06-12T04:00,Sudeste,1444,1600,4,75
2026-06-12T04:00,Sul,863,1000,2,55
2026-06-12T05:00,Norte,742,900,3,65
2026-06-12T05:00,Nordeste,951,1100,5,90
2026-06-12T05:00,Sudeste,1430,1600,4,75
2026-06-12T05:00,Sul,862,1000,2,55
2026-06-12T06:00,Norte,774,900,3,65
2026-06-12T06:00,Nordeste,995,1100,5,90
2026-06-12T06:00,Sudeste,1511,1600,4,75
2026-06-12T06:00,Sul,904,1000,2,55
2026-06-12T07:00,Norte,823,918,3,65
2026-06-12T07:00,Nordeste,1018,1118,5,90
2026-06-12T07:00,Sudeste,1514,1618,4,75
2026-06-12T07:00,Sul,951,1018,2,55
2026-06-12T08:00,Norte,829,934,3,65
2026-06-12T08:00,Nordeste,1024,1134,5,90
2026-06-12T08:00,Sudeste,1539,1634,4,75
2026-06-12T08:00,Sul,987,1034,2,55
2026-06-12T09:00,Norte,913,949,3,65
2026-06-12T09:00,Nordeste,1108,1149,5,90
2026-06-12T09:00,Sudeste,1606,1649,4,75
2026-06-12T09:00,Sul,991,1049,2,55
2026-06-12T10:00,Norte,877,960,3,65
2026-06-12T10:00,Nordeste,1143,1160,5,90
2026-06-12T10:00,Sudeste,1634,1660,4,75
2026-06-12T10:00,Sul,1045,1060,2,55
2026-06-12T11:00,Norte,915,967,3,65
2026-06-12T11:00,Nordeste,1121,1167,5,90
2026-06-12T11:00,Sudeste,1660,1667,4,75
2026-06-12T11:00,Sul,1036,1067,2,55
2026-06-12T12:00,Norte,931,970,3,65
2026-06-12T12:00,Nordeste,1116,1170,5,90
2026-06-12T12:00,Sudeste,1613,1670,4,75
2026-06-12T12:00,Sul,1079,1070,2,55
2026-06-12T13:00,Norte,979,967,3,65
2026-06-12T13:00,Nordeste,1150,1167,5,90
2026-06-12T13:00,Sudeste,1617,1667,4,75
2026-06-12T13:00,Sul,1026,1067,2,55
2026-06-12T14:00,Norte,963,960,3,65
2026-06-12T14:00,Nordeste,1150,1160,5,90
2026-06-12T14:00,Sudeste,1625,1660,4,75
2026-06-12T14:00,Sul,1068,1060,2,55
2026-06-12T15:00,Norte,944,949,3,65
2026-06-12T15:00,Nordeste,1132,1149,5,90
2026-06-12T15:00,Sudeste,1604,1649,4,75
2026-06-12T15:00,Sul,1058,1049,2,55
2026-06-12T16:00,Norte,942,934,3,65
2026-06-12T16:00,Nordeste,1129,1134,5,90
2026-06-12T16:00,Sudeste,1613,1634,4,75
2026-06-12T16:00,Sul,1033,1034,2,55
2026-06-12T17:00,Norte,880,918,3,65
2026-06-12T17:00,Nordeste,1108,1118,5,90
2026-06-12T17:00,Sudeste,1555,1618,4,75
2026-06-12T17:00,Sul,976,1018,2,55
2026-06-12T18:00,Norte,838,900,3,65
2026-06-12T18:00,Nordeste,1044,1100,5,90
2026-06-12T18:00,Sudeste,1521,1600,4,75
2026-06-12T18:00,Sul,925,1000,2,55
2026-06-12T19:00,Norte,846,900,3,65
2026-06-12T19:00,Nordeste,1028,1100,5,90
2026-06-12T19:00,Sudeste,1515,1600,4,75
2026-06-12T19:00,Sul,920,1000,2,55
2026-06-12T20:00,Norte,787,900,3,65
2026-06-12T20:00,Nordeste,1002,1100,5,90
2026-06-12T20:00,Sudeste,1498,1600,4,75
2026-06-12T20:00,Sul,868,1000,2,55
2026-06-12T21:00,Norte,748,900,3,65
2026-06-12T21:00,Nordeste,954,1100,5,90
2026-06-12T21:00,Sudeste,1440,1600,4,75
2026-06-12T21:00,Sul,842,1000,2,55
2026-06-12T22:00,Norte,715,900,3,65
2026-06-12T22:00,Nordeste,927,1100,5,90
2026-06-12T22:00,Sudeste,1455,1600,4,75
2026-06-12T22:00,Sul,838,1000,2,55
2026-06-12T23:00,Norte,675,900,3,65
2026-06-12T23:00,Nordeste,890,1100,5,90
2026-06-12T23:00,Sudeste,1436,1600,4,75
2026-06-12T23:00,Sul,802,1000,2,55
2026-06-13T00:00,Norte,702,900,3,65
2026-06-13T00:00,Nordeste,907,1100,5,90
2026-06-13T00:00,Sudeste,1395,1600,4,75
2026-06-13T00:00,Sul,813,1000,2,55
2026-06-13T01:00,Norte,704,900,3,65
2026-06-13T01:00,Nordeste,918,1100,5,90
2026-06-13T01:00,Sudeste,1378,1600,4,75
2026-06-13T01:00,Sul,783,1000,2,55
2026-06-13T02:00,Norte,674,900,3,65
2026-06-13T02:00,Nordeste,912,1100,5,90
2026-06-13T02:00,Sudeste,1367,1600,4,75
2026-06-13T02:00,Sul,798,1000,2,55
2026-06-13T03:00,Norte,698,900,3,65
2026-06-13T03:00,Nordeste,917,1100,5,90
2026-06-13T03:00,Sudeste,1377,1600,4,75
2026-06-13T03:00,Sul,807,1000,2,55
2026-06-13T04:00,Norte,743,900,3,65
2026-06-13T04:00,Nordeste,948,1100,5,90
2026-06-13T04:00,Sudeste,1412,1600,4,75
2026-06-13T04:00,Sul,851,1000,2,55
2026-06-13T05:00,Norte,750,900,3,65
2026-06-13T05:00,Nordeste,953,1100,5,90
2026-06-13T05:00,Sudeste,1455,1600,4,75
2026-06-13T05:00,Sul,821,1000,2,55
2026-06-13T06:00,Norte,767,900,3,65
2026-06-13T06:00,Nordeste,976,1100,5,90
2026-06-13T06:00,Sudeste,1506,1600,4,75
2026-06-13T06:00,Sul,881,1000,2,55
2026-06-13T07:00,Norte,822,918,3,65
2026-06-13T07:00,Nordeste,1035,1118,5,90
2026-06-13T07:00,Sudeste,1516,1618,4,75
2026-06-13T07:00,Sul,885,1018,2,55
2026-06-13T08:00,Norte,839,934,3,65
2026-06-13T08:00,Nordeste,1025,1134,5,90
2026-06-13T08:00,Sudeste,1535,1634,4,75
2026-06-13T08:00,Sul,965,1034,2,55
2026-06-13T09:00,Norte,914,949,3,65
2026-06-13T09:00,Nordeste,1107,1149,5,90
2026-06-13T09:00,Sudeste,1557,1649,4,75
2026-06-13T09:00,Sul,1004,1049,2,55
2026-06-13T10:00,Norte,890,960,3,65
2026-06-13T10:00,Nordeste,1077,1160,5,90
2026-06-13T10:00,Sudeste,1628,1660,4,75
2026-06-13T10:00,Sul,1035,1060,2,55
2026-06-13T11:00,Norte,947,967,3,65
2026-06-13T11:00,Nordeste,1149,1167,5,90
2026-06-13T11:00,Sudeste,1613,1667,4,75
2026-06-13T11:00,Sul,1035,1067,2,55
2026-06-13T12:00,Norte,943,970,3,65
2026-06-13T12:00,Nordeste,1136,1170,5,90
2026-06-13T12:00,Sudeste,1649,1670,4,75
2026-06-13T12:00,Sul,1037,1070,2,55
2026-06-13T13:00,Norte,961,967,3,65
2026-06-13T13:00,Nordeste,1136,1167,5,90
2026-06-13T13:00,Sudeste,1663,1667,4,75
2026-06-13T13:00,Sul,1083,1067,2,55
2026-06-13T14:00,Norte,937,960,3,65
2026-06-13T14:00,Nordeste,1114,1160,5,90
2026-06-13T14:00,Sudeste,1628,1660,4,75
2026-06-13T14:00,Sul,1047,1060,2,55
2026-06-13T15:00,Norte,934,949,3,65
2026-06-13T15:00,Nordeste,1132,1149,5,90
2026-06-13T15:00,Sudeste,1623,1649,4,75
2026-06-13T15:00,Sul,1020,1049,2,55
2026-06-13T16:00,Norte,941,934,3,65
2026-06-13T16:00,Nordeste,1141,1134,5,90
2026-06-13T16:00,Sudeste,1588,1634,4,75
2026-06-13T16:00,Sul,1043,1034,2,55
2026-06-13T17:00,Norte,897,918,3,65
2026-06-13T17:00,Nordeste,1066,1118,5,90
2026-06-13T17:00,Sudeste,1549,1618,4,75
2026-06-13T17:00,Sul,1007,1018,2,55
2026-06-13T18:00,Norte,887,900,3,65
2026-06-13T18:00,Nordeste,1044,1100,5,90
2026-06-13T18:00,Sudeste,1532,1600,4,75
2026-06-13T18:00,Sul,967,1000,2,55
2026-06-13T19:00,Norte,824,900,3,65
2026-06-13T19:00,Nordeste,1035,1100,5,90
2026-06-13T19:00,Sudeste,1538,1600,4,75
2026-06-13T19:00,Sul,889,1000,2,55
2026-06-13T20:00,Norte,777,900,3,65
2026-06-13T20:00,Nordeste,956,1100,5,90
2026-06-13T20:00,Sudeste,1517,1600,4,75
2026-06-13T20:00,Sul,914,1000,2,55
2026-06-13T21:00,Norte,772,900,3,65
2026-06-13T21:00,Nordeste,977,1100,5,90
2026-06-13T21:00,Sudeste,1459,1600,4,75
2026-06-13T21:00,Sul,831,1000,2,55
2026-06-13T22:00,Norte,763,900,3,65
2026-06-13T22:00,Nordeste,900,1100,5,90
2026-06-13T22:00,Sudeste,1441,1600,4,75
2026-06-13T22:00,Sul,818,1000,2,55
2026-06-13T23:00,Norte,691,900,3,65
2026-06-13T23:00,Nordeste,880,1100,5,90
2026-06-13T23:00,Sudeste,1401,1600,4,75
2026-06-13T23:00,Sul,814,1000,2,55
2026-06-14T00:00,Norte,679,900,3,65
2026-06-14T00:00,Nordeste,874,1100,5,90
2026-06-14T00:00,Sudeste,1426,1600,4,75
2026-06-14T00:00,Sul,766,1000,2,55
2026-06-14T01:00,Norte,665,900,3,65
2026-06-14T01:00,Nordeste,858,1100,5,90
2026-06-14T01:00,Sudeste,1355,1600,4,75
2026-06-14T01:00,Sul,795,1000,2,55
2026-06-14T02:00,Norte,673,900,3,65
2026-06-14T02:00,Nordeste,912,1100,5,90
2026-06-14T02:00,Sudeste,1370,1600,4,75
2026-06-14T02:00,Sul,821,1000,2,55
2026-06-14T03:00,Norte,694,900,3,65
2026-06-14T03:00,Nordeste,890,1100,5,90
2026-06-14T03:00,Sudeste,1385,1600,4,75
2026-06-14T03:00,Sul,831,1000,2,55
2026-06-14T04:00,Norte,706,900,3,65
2026-06-14T04:00,Nordeste,926,1100,5,90
2026-06-14T04:00,Sudeste,1454,1600,4,75
2026-06-14T04:00,Sul,840,1000,2,55
2026-06-14T05:00,Norte,741,900,3,65
2026-06-14T05:00,Nordeste,932,1100,5,90
2026-06-14T05:00,Sudeste,1485,1600,4,75
2026-06-14T05:00,Sul,863,1000,2,55
2026-06-14T06:00,Norte,767,900,3,65
2026-06-14T06:00,Nordeste,1008,1100,5,90
2026-06-14T06:00,Sudeste,1513,1600,4,75
2026-06-14T06:00,Sul,874,1000,2,55
2026-06-14T07:00,Norte,840,918,3,65
2026-06-14T07:00,Nordeste,1039,1118,5,90
2026-06-14T07:00,Sudeste,1537,1618,4,75
2026-06-14T07:00,Sul,907,1018,2,55
2026-06-14T08:00,Norte,832,934,3,65
2026-06-14T08:00,Nordeste,1060,1134,5,90
2026-06-14T08:00,Sudeste,1520,1634,4,75
2026-06-14T08:00,Sul,967,1034,2,55
2026-06-14T09:00,Norte,860,949,3,65
2026-06-14T09:00,Nordeste,1068,1149,5,90
2026-06-14T09:00,Sudeste,1596,1649,4,75
2026-06-14T09:00,Sul,1010,1049,2,55
2026-06-14T10:00,Norte,892,960,3,65
2026-06-14T10:00,Nordeste,1108,1160,5,90
2026-06-14T10:00,Sudeste,1609,1660,4,75
2026-06-14T10:00,Sul,1025,1060,2,55
2026-06-14T11:00,Norte,957,967,3,65
2026-06-14T11:00,Nordeste,1132,1167,5,90
2026-06-14T11:00,Sudeste,1662,1667,4,75
2026-06-14T11:00,Sul,1038,1067,2,55
2026-06-14T12:00,Norte,951,970,3,65
2026-06-14T12:00,Nordeste,1138,1170,5,90
2026-06-14T12:00,Sudeste,1672,1670,4,75
2026-06-14T12:00,Sul,1052,1070,2,55
2026-06-14T13:00,Norte,950,967,3,65
2026-06-14T13:00,Nordeste,1181,1167,5,90
2026-06-14T13:00,Sudeste,1679,1667,4,75
2026-06-14T13:00,Sul,1063,1067,2,55
2026-06-14T14:00,Norte,971,960,3,65
2026-06-14T14:00,Nordeste,1146,1160,5,90
2026-06-14T14:00,Sudeste,1677,1660,4,75
2026-06-14T14:00,Sul,1078,1060,2,55
2026-06-14T15:00,Norte,939,949,3,65
2026-06-14T15:00,Nordeste,1102,1149,5,90
2026-06-14T15:00,Sudeste,1621,1649,4,75
2026-06-14T15:00,Sul,1041,1049,2,55
2026-06-14T16:00,Norte,878,934,3,65
2026-06-14T16:00,Nordeste,1122,1134,5,90
2026-06-14T16:00,Sudeste,1622,1634,4,75
2026-06-14T16:00,Sul,991,1034,2,55
2026-06-14T17:00,Norte,907,918,3,65
2026-06-14T17:00,Nordeste,1061,1118,5,90
2026-06-14T17:00,Sudeste,1562,1618,4,75
2026-06-14T17:00,Sul,1010,1018,2,55
2026-06-14T18:00,Norte,868,900,3,65
2026-06-14T18:00,Nordeste,1030,1100,5,90
2026-06-14T18:00,Sudeste,1563,1600,4,75
2026-06-14T18:00,Sul,961,1000,2,55
2026-06-14T19:00,Norte,801,900,3,65
2026-06-14T19:00,Nordeste,1050,1100,5,90
2026-06-14T19:00,Sudeste,1526,1600,4,75
2026-06-14T19:00,Sul,938,1000,2,55
2026-06-14T20:00,Norte,794,900,3,65
2026-06-14T20:00,Nordeste,985,1100,5,90
2026-06-14T20:00,Sudeste,1511,1600,4,75
2026-06-14T20:00,Sul,908,1000,2,55
2026-06-14T21:00,Norte,760,900,3,65
2026-06-14T21:00,Nordeste,953,1100,5,90
2026-06-14T21:00,Sudeste,1454,1600,4,75
2026-06-14T21:00,Sul,859,1000,2,55
2026-06-14T22:00,Norte,710,900,3,65
2026-06-14T22:00,Nordeste,894,1100,5,90
2026-06-14T22:00,Sudeste,1403,1600,4,75
2026-06-14T22:00,Sul,830,1000,2,55
2026-06-14T23:00,Norte,738,900,3,65
2026-06-14T23:00,Nordeste,931,1100,5,90
2026-06-14T23:00,Sudeste,1375,1600,4,75
2026-06-14T23:00,Sul,798,1000,2,55
2026-06-15T00:00,Norte,669,900,3,65
2026-06-15T00:00,Nordeste,928,1100,5,90
2026-06-15T00:00,Sudeste,1375,1600,4,75
2026-06-15T00:00,Sul,804,1000,2,55
2026-06-15T01:00,Norte,677,900,3,65
2026-06-15T01:00,Nordeste,916,1100,5,90
2026-06-15T01:00,Sudeste,1361,1600,4,75
2026-06-15T01:00,Sul,793,1000,2,55
2026-06-15T02:00,Norte,706,900,3,65
2026-06-15T02:00,Nordeste,860,1100,5,90
2026-06-15T02:00,Sudeste,1416,1600,4,75
2026-06-15T02:00,Sul,763,1000,2,55
2026-06-15T03:00,Norte,719,900,3,65
2026-06-15T03:00,Nordeste,933,1100,5,90
2026-06-15T03:00,Sudeste,1405,1600,4,75
2026-06-15T03:00,Sul,834,1000,2,55
2026-06-15T04:00,Norte,707,900,3,65
2026-06-15T04:00,Nordeste,940,1100,5,90
2026-06-15T04:00,Sudeste,1449,1600,4,75
2026-06-15T04:00,Sul,863,1000,2,55
2026-06-15T05:00,Norte,756,900,3,65
2026-06-15T05:00,Nordeste,927,1100,5,90
2026-06-15T05:00,Sudeste,1487,1600,4,75
2026-06-15T05:00,Sul,868,1000,2,55
2026-06-15T06:00,Norte,759,900,3,65
2026-06-15T06:00,Nordeste,964,1100,5,90
2026-06-15T06:00,Sudeste,1513,1600,4,75
2026-06-15T06:00,Sul,918,1000,2,55
2026-06-15T07:00,Norte,823,918,3,65
2026-06-15T07:00,Nordeste,999,1118,5,90
2026-06-15T07:00,Sudeste,1502,1618,4,75
2026-06-15T07:00,Sul,899,1018,2,55
2026-06-15T08:00,Norte,864,934,3,65
2026-06-15T08:00,Nordeste,1061,1134,5,90
2026-06-15T08:00,Sudeste,1573,1634,4,75
2026-06-15T08:00,Sul,969,1034,2,55
2026-06-15T09:00,Norte,854,949,3,65
2026-06-15T09:00,Nordeste,1105,1149,5,90
2026-06-15T09:00,Sudeste,1614,1649,4,75
2026-06-15T09:00,Sul,980,1049,2,55
2026-06-15T10:00,Norte,890,960,3,65
2026-06-15T10:00,Nordeste,1076,1160,5,90
2026-06-15T10:00,Sudeste,1615,1660,4,75
2026-06-15T10:00,Sul,1013,1060,2,55
2026-06-15T11:00,Norte,928,967,3,65
2026-06-15T11:00,Nordeste,1130,1167,5,90
2026-06-15T11:00,Sudeste,1628,1667,4,75
2026-06-15T11:00,Sul,1050,1067,2,55
2026-06-15T12:00,Norte,952,970,3,65
2026-06-15T12:00,Nordeste,1153,1170,5,90
2026-06-15T12:00,Sudeste,1646,1670,4,75
2026-06-15T12:00,Sul,1063,1070,2,55
2026-06-15T13:00,Norte,961,967,3,65
2026-06-15T13:00,Nordeste,1172,1167,5,90
2026-06-15T13:00,Sudeste,1669,1667,4,75
2026-06-15T13:00,Sul,1072,1067,2,55
2026-06-15T14:00,Norte,954,960,3,65
2026-06-15T14:00,Nordeste,1125,1160,5,90
2026-06-15T14:00,Sudeste,1637,1660,4,75
2026-06-15T14:00,Sul,1042,1060,2,55
2026-06-15T15:00,Norte,947,949,3,65
2026-06-15T15:00,Nordeste,1103,1149,5,90
2026-06-15T15:00,Sudeste,1633,1649,4,75
2026-06-15T15:00,Sul,1005,1049,2,55
2026-06-15T16:00,Norte,932,934,3,65
2026-06-15T16:00,Nordeste,1098,1134,5,90
2026-06-15T16:00,Sudeste,1626,1634,4,75
2026-06-15T16:00,Sul,1037,1034,2,55
2026-06-15T17:00,Norte,860,918,3,65
2026-06-15T17:00,Nordeste,1099,1118,5,90
2026-06-15T17:00,Sudeste,1552,1618,4,75
2026-06-15T17:00,Sul,980,1018,2,55
2026-06-15T18:00,Norte,855,900,3,65
2026-06-15T18:00,Nordeste,1063,1100,5,90
2026-06-15T18:00,Sudeste,1551,1600,4,75
2026-06-15T18:00,Sul,986,1000,2,55
2026-06-15T19:00,Norte,842,900,3,65
2026-06-15T19:00,Nordeste,1004,1100,5,90
2026-06-15T19:00,Sudeste,1539,1600,4,75
2026-06-15T19:00,Sul,945,1000,2,55
2026-06-15T20:00,Norte,793,900,3,65
2026-06-15T20:00,Nordeste,1016,1100,5,90
2026-06-15T20:00,Sudeste,1503,1600,4,75
2026-06-15T20:00,Sul,873,1000,2,55
2026-06-15T21:00,Norte,750,900,3,65
2026-06-15T21:00,Nordeste,955,1100,5,90
2026-06-15T21:00,Sudeste,1484,1600,4,75
2026-06-15T21:00,Sul,869,1000,2,55
2026-06-15T22:00,Norte,732,900,3,65
2026-06-15T22:00,Nordeste,931,1100,5,90
2026-06-15T22:00,Sudeste,1461,1600,4,75
2026-06-15T22:00,Sul,852,1000,2,55
2026-06-15T23:00,Norte,725,900,3,65
2026-06-15T23:00,Nordeste,938,1100,5,90
2026-06-15T23:00,Sudeste,1422,1600,4,75
2026-06-15T23:00,Sul,801,1000,2,55
2026-06-16T00:00,Norte,709,900,3,65
2026-06-16T00:00,Nordeste,912,1100,5,90
2026-06-16T00:00,Sudeste,1421,1600,4,75
2026-06-16T00:00,Sul,811,1000,2,55
2026-06-16T01:00,Norte,672,900,3,65
2026-06-16T01:00,Nordeste,907,1100,5,90
2026-06-16T01:00,Sudeste,1372,1600,4,75
2026-06-16T01:00,Sul,819,1000,2,55
2026-06-16T02:00,Norte,691,900,3,65
2026-06-16T02:00,Nordeste,909,1100,5,90
2026-06-16T02:00,Sudeste,1363,1600,4,75
2026-06-16T02:00,Sul,830,1000,2,55
2026-06-16T03:00,Norte,727,900,3,65
2026-06-16T03:00,Nordeste,909,1100,5,90
2026-06-16T03:00,Sudeste,1421,1600,4,75
2026-06-16T03:00,Sul,834,1000,2,55
2026-06-16T04:00,Norte,721,900,3,65
2026-06-16T04:00,Nordeste,901,1100,5,90
2026-06-16T04:00,Sudeste,1433,1600,4,75
2026-06-16T04:00,Sul,851,1000,2,55
2026-06-16T05:00,Norte,760,900,3,65
2026-06-16T05:00,Nordeste,978,1100,5,90
2026-06-16T05:00,Sudeste,1482,1600,4,75
2026-06-16T05:00,Sul,835,1000,2,55
2026-06-16T06:00,Norte,784,900,3,65
2026-06-16T06:00,Nordeste,968,1100,5,90
2026-06-16T06:00,Sudeste,1471,1600,4,75
2026-06-16T06:00,Sul,871,1000,2,55
2026-06-16T07:00,Norte,837,918,3,65
2026-06-16T07:00,Nordeste,1053,1118,5,90
2026-06-16T07:00,Sudeste,1512,1618,4,75
2026-06-16T07:00,Sul,893,1018,2,55
2026-06-16T08:00,Norte,846,934,3,65
2026-06-16T08:00,Nordeste,1043,1134,5,90
2026-06-16T08:00,Sudeste,1552,1634,4,75
2026-06-16T08:00,Sul,933,1034,2,55
2026-06-16T09:00,Norte,852,949,3,65
2026-06-16T09:00,Nordeste,1093,1149,5,90
2026-06-16T09:00,Sudeste,1600,1649,4,75
2026-06-16T09:00,Sul,960,1049,2,55
2026-06-16T10:00,Norte,877,960,3,65
2026-06-16T10:00,Nordeste,1081,1160,5,90
2026-06-16T10:00,Sudeste,1587,1660,4,75
2026-06-16T10:00,Sul,984,1060,2,55
2026-06-16T11:00,Norte,926,967,3,65
2026-06-16T11:00,Nordeste,1160,1167,5,90
2026-06-16T11:00,Sudeste,1629,1667,4,75
2026-06-16T11:00,Sul,1016,1067,2,55
2026-06-16T12:00,Norte,952,970,3,65
2026-06-16T12:00,Nordeste,1142,1170,5,90
2026-06-16T12:00,Sudeste,1660,1670,4,75
2026-06-16T12:00,Sul,1062,1070,2,55
2026-06-16T13:00,Norte,963,967,3,65
2026-06-16T13:00,Nordeste,1181,1167,5,90
2026-06-16T13:00,Sudeste,1632,1667,4,75
2026-06-16T13:00,Sul,1073,1067,2,55
2026-06-16T14:00,Norte,953,960,3,65
2026-06-16T14:00,Nordeste,1170,1160,5,90
2026-06-16T14:00,Sudeste,1639,1660,4,75
2026-06-16T14:00,Sul,1074,1060,2,55
2026-06-16T15:00,Norte,941,949,3,65
2026-06-16T15:00,Nordeste,1112,1149,5,90
2026-06-16T15:00,Sudeste,1655,1649,4,75
2026-06-16T15:00,Sul,1035,1049,2,55
2026-06-16T16:00,Norte,922,934,3,65
2026-06-16T16:00,Nordeste,1087,1134,5,90
2026-06-16T16:00,Sudeste,1599,1634,4,75
2026-06-16T16:00,Sul,1032,1034,2,55
2026-06-16T17:00,Norte,865,918,3,65
2026-06-16T17:00,Nordeste,1106,1118,5,90
2026-06-16T17:00,Sudeste,1555,1618,4,75
2026-06-16T17:00,Sul,975,1018,2,55
2026-06-16T18:00,Norte,846,900,3,65
2026-06-16T18:00,Nordeste,1061,1100,5,90
2026-06-16T18:00,Sudeste,1545,1600,4,75
2026-06-16T18:00,Sul,942,1000,2,55
2026-06-16T19:00,Norte,851,900,3,65
2026-06-16T19:00,Nordeste,1033,1100,5,90
2026-06-16T19:00,Sudeste,1537,1600,4,75
2026-06-16T19:00,Sul,951,1000,2,55
2026-06-16T20:00,Norte,816,900,3,65
2026-06-16T20:00,Nordeste,1008,1100,5,90
2026-06-16T20:00,Sudeste,1489,1600,4,75
2026-06-16T20:00,Sul,860,1000,2,55
2026-06-16T21:00,Norte,753,900,3,65
2026-06-16T21:00,Nordeste,983,1100,5,90
2026-06-16T21:00,Sudeste,1481,1600,4,75
2026-06-16T21:00,Sul,871,1000,2,55
2026-06-16T22:00,Norte,744,900,3,65
2026-06-16T22:00,Nordeste,934,1100,5,90
2026-06-16T22:00,Sudeste,1434,1600,4,75
2026-06-16T22:00,Sul,813,1000,2,55
2026-06-16T23:00,Norte,682,900,3,65
2026-06-16T23:00,Nordeste,916,1100,5,90
2026-06-16T23:00,Sudeste,1410,1600,4,75
2026-06-16T23:00,Sul,825,1000,2,55
2026-06-17T00:00,Norte,729,900,3,65
2026-06-17T00:00,Nordeste,888,1100,5,90
2026-06-17T00:00,Sudeste,1420,1600,4,75
2026-06-17T00:00,Sul,790,1000,2,55
2026-06-17T01:00,Norte,718,900,3,65
2026-06-17T01:00,Nordeste,890,1100,5,90
2026-06-17T01:00,Sudeste,1366,1600,4,75
2026-06-17T01:00,Sul,758,1000,2,55
2026-06-17T02:00,Norte,692,900,3,65
2026-06-17T02:00,Nordeste,878,1100,5,90
2026-06-17T02:00,Sudeste,1376,1600,4,75
2026-06-17T02:00,Sul,813,1000,2,55
2026-06-17T03:00,Norte,705,900,3,65
2026-06-17T03:00,Nordeste,874,1100,5,90
2026-06-17T03:00,Sudeste,1380,1600,4,75
2026-06-17T03:00,Sul,812,1000,2,55
2026-06-17T04:00,Norte,742,900,3,65
2026-06-17T04:00,Nordeste,928,1100,5,90
2026-06-17T04:00,Sudeste,1442,1600,4,75
2026-06-17T04:00,Sul,859,1000,2,55
2026-06-17T05:00,Norte,768,900,3,65
2026-06-17T05:00,Nordeste,987,1100,5,90
2026-06-17T05:00,Sudeste,1443,1600,4,75
2026-06-17T05:00,Sul,883,1000,2,55
2026-06-17T06:00,Norte,792,900,3,65
2026-06-17T06:00,Nordeste,976,1100,5,90
2026-06-17T06:00,Sudeste,1486,1600,4,75
2026-06-17T06:00,Sul,905,1000,2,55
2026-06-17T07:00,Norte,852,918,3,65
2026-06-17T07:00,Nordeste,1010,1118,5,90
2026-06-17T07:00,Sudeste,1535,1618,4,75
2026-06-17T07:00,Sul,916,1018,2,55
2026-06-17T08:00,Norte,845,934,3,65
2026-06-17T08:00,Nordeste,1037,1134,5,90
2026-06-17T08:00,Sudeste,1543,1634,4,75
2026-06-17T08:00,Sul,953,1034,2,55
2026-06-17T09:00,Norte,877,949,3,65
2026-06-17T09:00,Nordeste,1104,1149,5,90
2026-06-17T09:00,Sudeste,1559,1649,4,75
2026-06-17T09:00,Sul,979,1049,2,55
2026-06-17T10:00,Norte,887,960,3,65
2026-06-17T10:00,Nordeste,1096,1160,5,90
2026-06-17T10:00,Sudeste,1632,1660,4,75
2026-06-17T10:00,Sul,990,1060,2,55
2026-06-17T11:00,Norte,900,967,3,65
2026-06-17T11:00,Nordeste,1163,1167,5,90
2026-06-17T11:00,Sudeste,1665,1667,4,75
2026-06-17T11:00,Sul,1051,1067,2,55
2026-06-17T12:00,Norte,957,970,3,65
2026-06-17T12:00,Nordeste,1142,1170,5,90
2026-06-17T12:00,Sudeste,1615,1670,4,75
2026-06-17T12:00,Sul,1078,1070,2,55
2026-06-17T13:00,Norte,958,967,3,65
2026-06-17T13:00,Nordeste,1131,1167,5,90
2026-06-17T13:00,Sudeste,1658,1667,4,75
2026-06-17T13:00,Sul,1064,1067,2,55
2026-06-17T14:00,Norte,967,960,3,65
2026-06-17T14:00,Nordeste,1115,1160,5,90
2026-06-17T14:00,Sudeste,1610,1660,4,75
2026-06-17T14:00,Sul,1029,1060,2,55
2026-06-17T15:00,Norte,936,949,3,65
2026-06-17T15:00,Nordeste,1112,1149,5,90
2026-06-17T15:00,Sudeste,1619,1649,4,75
2026-06-17T15:00,Sul,1052,1049,2,55
2026-06-17T16:00,Norte,929,934,3,65
2026-06-17T16:00,Nordeste,1103,1134,5,90
2026-06-17T16:00,Sudeste,1597,1634,4,75
2026-06-17T16:00,Sul,1043,1034,2,55
2026-06-17T17:00,Norte,917,918,3,65
2026-06-17T17:00,Nordeste,1056,1118,5,90
2026-06-17T17:00,Sudeste,1575,1618,4,75
2026-06-17T17:00,Sul,1000,1018,2,55
2026-06-17T18:00,Norte,879,900,3,65
2026-06-17T18:00,Nordeste,1086,1100,5,90
2026-06-17T18:00,Sudeste,1523,1600,4,75
2026-06-17T18:00,Sul,983,1000,2,55
2026-06-17T19:00,Norte,823,900,3,65
2026-06-17T19:00,Nordeste,1021,1100,5,90
2026-06-17T19:00,Sudeste,1503,1600,4,75
2026-06-17T19:00,Sul,898,1000,2,55
2026-06-17T20:00,Norte,759,900,3,65
2026-06-17T20:00,Nordeste,970,1100,5,90
2026-06-17T20:00,Sudeste,1464,1600,4,75
2026-06-17T20:00,Sul,859,1000,2,55
2026-06-17T21:00,Norte,772,900,3,65
2026-06-17T21:00,Nordeste,970,1100,5,90
2026-06-17T21:00,Sudeste,1431,1600,4,75
2026-06-17T21:00,Sul,828,1000,2,55
2026-06-17T22:00,Norte,731,900,3,65
2026-06-17T22:00,Nordeste,954,1100,5,90
2026-06-17T22:00,Sudeste,1414,1600,4,75
2026-06-17T22:00,Sul,813,1000,2,55
2026-06-17T23:00,Norte,708,900,3,65
2026-06-17T23:00,Nordeste,876,1100,5,90
2026-06-17T23:00,Sudeste,1384,1600,4,75
2026-06-17T23:00,Sul,791,1000,2,55
2026-06-18T00:00,Norte,703,900,3,65
2026-06-18T00:00,Nordeste,867,1100,5,90
2026-06-18T00:00,Sudeste,1425,1600,4,75
2026-06-18T00:00,Sul,808,1000,2,55
2026-06-18T01:00,Norte,680,900,3,65
2026-06-18T01:00,Nordeste,905,1100,5,90
2026-06-18T01:00,Sudeste,1365,1600,4,75
2026-06-18T01:00,Sul,755,1000,2,55
2026-06-18T02:00,Norte,691,900,3,65
2026-06-18T02:00,Nordeste,875,1100,5,90
2026-06-18T02:00,Sudeste,1421,1600,4,75
2026-06-18T02:00,Sul,784,1000,2,55
2026-06-18T03:00,Norte,697,900,3,65
2026-06-18T03:00,Nordeste,893,1100,5,90
2026-06-18T03:00,Sudeste,1427,1600,4,75
2026-06-18T03:00,Sul,780,1000,2,55
2026-06-18T04:00,Norte,705,900,3,65
2026-06-18T04:00,Nordeste,945,1100,5,90
2026-06-18T04:00,Sudeste,1445,1600,4,75
2026-06-18T04:00,Sul,835,1000,2,55
2026-06-18T05:00,Norte,740,900,3,65
2026-06-18T05:00,Nordeste,987,1100,5,90
2026-06-18T05:00,Sudeste,1451,1600,4,75
2026-06-18T05:00,Sul,877,1000,2,55
2026-06-18T06:00,Norte,770,900,3,65
2026-06-18T06:00,Nordeste,996,1100,5,90
2026-06-18T06:00,Sudeste,1476,1600,4,75
2026-06-18T06:00,Sul,904,1000,2,55
2026-06-18T07:00,Norte,852,918,3,65
2026-06-18T07:00,Nordeste,1043,1118,5,90
2026-06-18T07:00,Sudeste,1538,1618,4,75
2026-06-18T07:00,Sul,886,1018,2,55
2026-06-18T08:00,Norte,883,934,3,65
2026-06-18T08:00,Nordeste,1040,1134,5,90
2026-06-18T08:00,Sudeste,1545,1634,4,75
2026-06-18T08:00,Sul,927,1034,2,55
2026-06-18T09:00,Norte,914,949,3,65
2026-06-18T09:00,Nordeste,1096,1149,5,90
2026-06-18T09:00,Sudeste,1602,1649,4,75
2026-06-18T09:00,Sul,1005,1049,2,55
2026-06-18T10:00,Norte,880,960,3,65
2026-06-18T10:00,Nordeste,1119,1160,5,90
2026-06-18T10:00,Sudeste,1638,1660,4,75
2026-06-18T10:00,Sul,1036,1060,2,55
2026-06-18T11:00,Norte,901,967,3,65
2026-06-18T11:00,Nordeste,1138,1167,5,90
2026-06-18T11:00,Sudeste,1632,1667,4,75
2026-06-18T11:00,Sul,1060,1067,2,55
2026-06-18T12:00,Norte,927,970,3,65
2026-06-18T12:00,Nordeste,1166,1170,5,90
2026-06-18T12:00,Sudeste,1645,1670,4,75
2026-06-18T12:00,Sul,1040,1070,2,55
2026-06-18T13:00,Norte,966,967,3,65
2026-06-18T13:00,Nordeste,1123,1167,5,90
2026-06-18T13:00,Sudeste,1681,1667,4,75
2026-06-18T13:00,Sul,1034,1067,2,55
2026-06-18T14:00,Norte,932,960,3,65
2026-06-18T14:00,Nordeste,1154,1160,5,90
2026-06-18T14:00,Sudeste,1637,1660,4,75
2026-06-18T14:00,Sul,1015,1060,2,55
2026-06-18T15:00,Norte,958,949,3,65
2026-06-18T15:00,Nordeste,1115,1149,5,90
2026-06-18T15:00,Sudeste,1640,1649,4,75
2026-06-18T15:00,Sul,1067,1049,2,55
2026-06-18T16:00,Norte,922,934,3,65
2026-06-18T16:00,Nordeste,1096,1134,5,90
2026-06-18T16:00,Sudeste,1595,1634,4,75
2026-06-18T16:00,Sul,1003,1034,2,55
2026-06-18T17:00,Norte,863,918,3,65
2026-06-18T17:00,Nordeste,1116,1118,5,90
2026-06-18T17:00,Sudeste,1600,1618,4,75
2026-06-18T17:00,Sul,951,1018,2,55
2026-06-18T18:00,Norte,872,900,3,65
2026-06-18T18:00,Nordeste,1020,1100,5,90
2026-06-18T18:00,Sudeste,1548,1600,4,75
2026-06-18T18:00,Sul,980,1000,2,55
2026-06-18T19:00,Norte,828,900,3,65
2026-06-18T19:00,Nordeste,1004,1100,5,90
2026-06-18T19:00,Sudeste,1487,1600,4,75
2026-06-18T19:00,Sul,904,1000,2,55
2026-06-18T20:00,Norte,815,900,3,65
2026-06-18T20:00,Nordeste,958,1100,5,90
2026-06-18T20:00,Sudeste,1470,1600,4,75
2026-06-18T20:00,Sul,913,1000,2,55
2026-06-18T21:00,Norte,727,900,3,65
2026-06-18T21:00,Nordeste,981,1100,5,90
2026-06-18T21:00,Sudeste,1447,1600,4,75
2026-06-18T21:00,Sul,834,1000,2,55
2026-06-18T22:00,Norte,761,900,3,65
2026-06-18T22:00,Nordeste,942,1100,5,90
2026-06-18T22:00,Sudeste,1420,1600,4,75
2026-06-18T22:00,Sul,798,1000,2,55
2026-06-18T23:00,Norte,717,900,3,65
2026-06-18T23:00,Nordeste,887,1100,5,90
2026-06-18T23:00,Sudeste,1431,1600,4,75
2026-06-18T23:00,Sul,831,1000,2,55
2026-06-19T00:00,Norte,693,900,3,65
2026-06-19T00:00,Nordeste,872,1100,5,90
2026-06-19T00:00,Sudeste,1374,1600,4,75
2026-06-19T00:00,Sul,826,1000,2,55
2026-06-19T01:00,Norte,696,900,3,65
2026-06-19T01:00,Nordeste,882,1100,5,90
2026-06-19T01:00,Sudeste,1362,1600,4,75
2026-06-19T01:00,Sul,793,1000,2,55
2026-06-19T02:00,Norte,717,900,3,65
2026-06-19T02:00,Nordeste,903,1100,5,90
2026-06-19T02:00,Sudeste,1428,1600,4,75
2026-06-19T02:00,Sul,770,1000,2,55
2026-06-19T03:00,Norte,689,900,3,65
2026-06-19T03:00,Nordeste,920,1100,5,90
2026-06-19T03:00,Sudeste,1440,1600,4,75
2026-06-19T03:00,Sul,830,1000,2,55
2026-06-19T04:00,Norte,724,900,3,65
2026-06-19T04:00,Nordeste,901,1100,5,90
2026-06-19T04:00,Sudeste,1452,1600,4,75
2026-06-19T04:00,Sul,846,1000,2,55
2026-06-19T05:00,Norte,771,900,3,65
2026-06-19T05:00,Nordeste,982,1100,5,90
2026-06-19T05:00,Sudeste,1457,1600,4,75
2026-06-19T05:00,Sul,826,1000,2,55
2026-06-19T06:00,Norte,775,900,3,65
2026-06-19T06:00,Nordeste,962,1100,5,90
2026-06-19T06:00,Sudeste,1466,1600,4,75
2026-06-19T06:00,Sul,904,1000,2,55
2026-06-19T07:00,Norte,795,918,3,65
2026-06-19T07:00,Nordeste,996,1118,5,90
2026-06-19T07:00,Sudeste,1510,1618,4,75
2026-06-19T07:00,Sul,952,1018,2,55
2026-06-19T08:00,Norte,856,934,3,65
2026-06-19T08:00,Nordeste,1030,1134,5,90
2026-06-19T08:00,Sudeste,1551,1634,4,75
2026-06-19T08:00,Sul,978,1034,2,55
2026-06-19T09:00,Norte,868,949,3,65
2026-06-19T09:00,Nordeste,1084,1149,5,90
2026-06-19T09:00,Sudeste,1614,1649,4,75
2026-06-19T09:00,Sul,967,1049,2,55
2026-06-19T10:00,Norte,913,960,3,65
2026-06-19T10:00,Nordeste,1140,1160,5,90
2026-06-19T10:00,Sudeste,1619,1660,4,75
2026-06-19T10:00,Sul,1027,1060,2,55
2026-06-19T11:00,Norte,956,967,3,65
2026-06-19T11:00,Nordeste,1113,1167,5,90
2026-06-19T11:00,Sudeste,1605,1667,4,75
2026-06-19T11:00,Sul,1032,1067,2,55
2026-06-19T12:00,Norte,950,970,3,65
2026-06-19T12:00,Nordeste,1116,1170,5,90
2026-06-19T12:00,Sudeste,1612,1670,4,75
2026-06-19T12:00,Sul,1056,1070,2,55
2026-06-19T13:00,Norte,947,967,3,65
2026-06-19T13:00,Nordeste,1121,1167,5,90
2026-06-19T13:00,Sudeste,1672,1667,4,75
2026-06-19T13:00,Sul,1030,1067,2,55
2026-06-19T14:00,Norte,925,960,3,65
2026-06-19T14:00,Nordeste,1157,1160,5,90
2026-06-19T14:00,Sudeste,1643,1660,4,75
2026-06-19T14:00,Sul,1026,1060,2,55
2026-06-19T15:00,Norte,967,949,3,65
2026-06-19T15:00,Nordeste,1140,1149,5,90
2026-06-19T15:00,Sudeste,1601,1649,4,75
2026-06-19T15:00,Sul,1066,1049,2,55
2026-06-19T16:00,Norte,908,934,3,65
2026-06-19T16:00,Nordeste,1139,1134,5,90
2026-06-19T16:00,Sudeste,1603,1634,4,75
2026-06-19T16:00,Sul,991,1034,2,55
2026-06-19T17:00,Norte,894,918,3,65
2026-06-19T17:00,Nordeste,1083,1118,5,90
2026-06-19T17:00,Sudeste,1555,1618,4,75
2026-06-19T17:00,Sul,983,1018,2,55
2026-06-19T18:00,Norte,886,900,3,65
2026-06-19T18:00,Nordeste,1048,1100,5,90
2026-06-19T18:00,Sudeste,1539,1600,4,75
2026-06-19T18:00,Sul,959,1000,2,55
2026-06-19T19:00,Norte,802,900,3,65
2026-06-19T19:00,Nordeste,989,1100,5,90
2026-06-19T19:00,Sudeste,1533,1600,4,75
2026-06-19T19:00,Sul,893,1000,2,55
2026-06-19T20:00,Norte,774,900,3,65
2026-06-19T20:00,Nordeste,1022,1100,5,90
2026-06-19T20:00,Sudeste,1489,1600,4,75
2026-06-19T20:00,Sul,866,1000,2,55
2026-06-19T21:00,Norte,738,900,3,65
2026-06-19T21:00,Nordeste,981,1100,5,90
2026-06-19T21:00,Sudeste,1446,1600,4,75
2026-06-19T21:00,Sul,882,1000,2,55
2026-06-19T22:00,Norte,743,900,3,65
2026-06-19T22:00,Nordeste,954,1100,5,90
2026-06-19T22:00,Sudeste,1440,1600,4,75
2026-06-19T22:00,Sul,799,1000,2,55
2026-06-19T23:00,Norte,690,900,3,65
2026-06-19T23:00,Nordeste,925,1100,5,90
2026-06-19T23:00,Sudeste,1413,1600,4,75
2026-06-19T23:00,Sul,806,1000,2,55
2026-06-20T00:00,Norte,682,900,3,65
2026-06-20T00:00,Nordeste,925,1100,5,90
2026-06-20T00:00,Sudeste,1402,1600,4,75
2026-06-20T00:00,Sul,818,1000,2,55
2026-06-20T01:00,Norte,682,900,3,65
2026-06-20T01:00,Nordeste,873,1100,5,90
2026-06-20T01:00,Sudeste,1358,1600,4,75
2026-06-20T01:00,Sul,791,1000,2,55
2026-06-20T02:00,Norte,725,900,3,65
2026-06-20T02:00,Nordeste,879,1100,5,90
2026-06-20T02:00,Sudeste,1361,1600,4,75
2026-06-20T02:00,Sul,806,1000,2,55
2026-06-20T03:00,Norte,728,900,3,65
2026-06-20T03:00,Nordeste,880,1100,5,90
2026-06-20T03:00,Sudeste,1385,1600,4,75
2026-06-20T03:00,Sul,779,1000,2,55
2026-06-20T04:00,Norte,729,900,3,65
2026-06-20T04:00,Nordeste,922,1100,5,90
2026-06-20T04:00,Sudeste,1455,1600,4,75
2026-06-20T04:00,Sul,838,1000,2,55
2026-06-20T05:00,Norte,738,900,3,65
2026-06-20T05:00,Nordeste,988,1100,5,90
2026-06-20T05:00,Sudeste,1437,1600,4,75
2026-06-20T05:00,Sul,842,1000,2,55
2026-06-20T06:00,Norte,805,900,3,65
2026-06-20T06:00,Nordeste,970,1100,5,90
2026-06-20T06:00,Sudeste,1464,1600,4,75
2026-06-20T06:00,Sul,890,1000,2,55
2026-06-20T07:00,Norte,796,918,3,65
2026-06-20T07:00,Nordeste,996,1118,5,90
2026-06-20T07:00,Sudeste,1487,1618,4,75
2026-06-20T07:00,Sul,935,1018,2,55
2026-06-20T08:00,Norte,834,934,3,65
2026-06-20T08:00,Nordeste,1019,1134,5,90
2026-06-20T08:00,Sudeste,1527,1634,4,75
2026-06-20T08:00,Sul,988,1034,2,55
2026-06-20T09:00,Norte,886,949,3,65
2026-06-20T09:00,Nordeste,1098,1149,5,90
2026-06-20T09:00,Sudeste,1561,1649,4,75
2026-06-20T09:00,Sul,988,1049,2,55
2026-06-20T10:00,Norte,879,960,3,65
2026-06-20T10:00,Nordeste,1107,1160,5,90
2026-06-20T10:00,Sudeste,1615,1660,4,75
2026-06-20T10:00,Sul,993,1060,2,55
2026-06-20T11:00,Norte,929,967,3,65
2026-06-20T11:00,Nordeste,1113,1167,5,90
2026-06-20T11:00,Sudeste,1621,1667,4,75
2026-06-20T11:00,Sul,1048,1067,2,55
2026-06-20T12:00,Norte,913,970,3,65
2026-06-20T12:00,Nordeste,1150,1170,5,90
2026-06-20T12:00,Sudeste,1667,1670,4,75
2026-06-20T12:00,Sul,1019,1070,2,55
2026-06-20T13:00,Norte,941,967,3,65
2026-06-20T13:00,Nordeste,1127,1167,5,90
2026-06-20T13:00,Sudeste,1646,1667,4,75
2026-06-20T13:00,Sul,1016,1067,2,55
2026-06-20T14:00,Norte,941,960,3,65
2026-06-20T14:00,Nordeste,1122,1160,5,90
2026-06-20T14:00,Sudeste,1654,1660,4,75
2026-06-20T14:00,Sul,1069,1060,2,55
2026-06-20T15:00,Norte,951,949,3,65
2026-06-20T15:00,Nordeste,1150,1149,5,90
2026-06-20T15:00,Sudeste,1628,1649,4,75
2026-06-20T15:00,Sul,1046,1049,2,55
2026-06-20T16:00,Norte,878,934,3,65
2026-06-20T16:00,Nordeste,1088,1134,5,90
2026-06-20T16:00,Sudeste,1640,1634,4,75
2026-06-20T16:00,Sul,982,1034,2,55
2026-06-20T17:00,Norte,870,918,3,65
2026-06-20T17:00,Nordeste,1057,1118,5,90
2026-06-20T17:00,Sudeste,1583,1618,4,75
2026-06-20T17:00,Sul,969,1018,2,55
2026-06-20T18:00,Norte,839,900,3,65
2026-06-20T18:00,Nordeste,1029,1100,5,90
2026-06-20T18:00,Sudeste,1526,1600,4,75
2026-06-20T18:00,Sul,956,1000,2,55
2026-06-20T19:00,Norte,849,900,3,65
2026-06-20T19:00,Nordeste,1017,1100,5,90
2026-06-20T19:00,Sudeste,1489,1600,4,75
2026-06-20T19:00,Sul,938,1000,2,55
2026-06-20T20:00,Norte,755,900,3,65
2026-06-20T20:00,Nordeste,959,1100,5,90
2026-06-20T20:00,Sudeste,1485,1600,4,75
2026-06-20T20:00,Sul,857,1000,2,55
2026-06-20T21:00,Norte,742,900,3,65
2026-06-20T21:00,Nordeste,987,1100,5,90
2026-06-20T21:00,Sudeste,1456,1600,4,75
2026-06-20T21:00,Sul,842,1000,2,55
2026-06-20T22:00,Norte,727,900,3,65
2026-06-20T22:00,Nordeste,941,1100,5,90
2026-06-20T22:00,Sudeste,1428,1600,4,75
2026-06-20T22:00,Sul,809,1000,2,55
2026-06-20T23:00,Norte,690,900,3,65
2026-06-20T23:00,Nordeste,886,1100,5,90
2026-06-20T23:00,Sudeste,1416,1600,4,75
2026-06-20T23:00,Sul,779,1000,2,55
2026-06-21T00:00,Norte,684,900,3,65
2026-06-21T00:00,Nordeste,895,1100,5,90
2026-06-21T00:00,Sudeste,1385,1600,4,75
2026-06-21T00:00,Sul,821,1000,2,55
2026-06-21T01:00,Norte,671,900,3,65
2026-06-21T01:00,Nordeste,894,1100,5,90
2026-06-21T01:00,Sudeste,1397,1600,4,75
2026-06-21T01:00,Sul,819,1000,2,55
2026-06-21T02:00,Norte,700,900,3,65
2026-06-21T02:00,Nordeste,866,1100,5,90
2026-06-21T02:00,Sudeste,1361,1600,4,75
2026-06-21T02:00,Sul,820,1000,2,55
2026-06-21T03:00,Norte,684,900,3,65
2026-06-21T03:00,Nordeste,915,1100,5,90
2026-06-21T03:00,Sudeste,1431,1600,4,75
2026-06-21T03:00,Sul,800,1000,2,55
2026-06-21T04:00,Norte,732,900,3,65
2026-06-21T04:00,Nordeste,952,1100,5,90
2026-06-21T04:00,Sudeste,1405,1600,4,75
2026-06-21T04:00,Sul,857,1000,2,55
2026-06-21T05:00,Norte,758,900,3,65
2026-06-21T05:00,Nordeste,939,1100,5,90
2026-06-21T05:00,Sudeste,1471,1600,4,75
2026-06-21T05:00,Sul,845,1000,2,55
2026-06-21T06:00,Norte,814,900,3,65
2026-06-21T06:00,Nordeste,965,1100,5,90
2026-06-21T06:00,Sudeste,1517,1600,4,75
2026-06-21T06:00,Sul,877,1000,2,55
2026-06-21T07:00,Norte,821,918,3,65
2026-06-21T07:00,Nordeste,1015,1118,5,90
2026-06-21T07:00,Sudeste,1489,1618,4,75
2026-06-21T07:00,Sul,924,1018,2,55
2026-06-21T08:00,Norte,843,934,3,65
2026-06-21T08:00,Nordeste,1045,1134,5,90
2026-06-21T08:00,Sudeste,1539,1634,4,75
2026-06-21T08:00,Sul,937,1034,2,55
2026-06-21T09:00,Norte,887,949,3,65
2026-06-21T09:00,Nordeste,1077,1149,5,90
2026-06-21T09:00,Sudeste,1618,1649,4,75
2026-06-21T09:00,Sul,970,1049,2,55
2026-06-21T10:00,Norte,882,960,3,65
2026-06-21T10:00,Nordeste,1098,1160,5,90
2026-06-21T10:00,Sudeste,1629,1660,4,75
2026-06-21T10:00,Sul,990,1060,2,55
2026-06-21T11:00,Norte,911,967,3,65
2026-06-21T11:00,Nordeste,1155,1167,5,90
2026-06-21T11:00,Sudeste,1622,1667,4,75
2026-06-21T11:00,Sul,1000,1067,2,55
2026-06-21T12:00,Norte,935,970,3,65
2026-06-21T12:00,Nordeste,1167,1170,5,90
2026-06-21T12:00,Sudeste,1676,1670,4,75
2026-06-21T12:00,Sul,1024,1070,2,55
2026-06-21T13:00,Norte,961,967,3,65
2026-06-21T13:00,Nordeste,1128,1167,5,90
2026-06-21T13:00,Sudeste,1625,1667,4,75
2026-06-21T13:00,Sul,1047,1067,2,55
2026-06-21T14:00,Norte,919,960,3,65
2026-06-21T14:00,Nordeste,1143,1160,5,90
2026-06-21T14:00,Sudeste,1650,1660,4,75
2026-06-21T14:00,Sul,1024,1060,2,55
2026-06-21T15:00,Norte,940,949,3,65
2026-06-21T15:00,Nordeste,1149,1149,5,90
2026-06-21T15:00,Sudeste,1599,1649,4,75
2026-06-21T15:00,Sul,1057,1049,2,55
2026-06-21T16:00,Norte,936,934,3,65
2026-06-21T16:00,Nordeste,1106,1134,5,90
2026-06-21T16:00,Sudeste,1596,1634,4,75
2026-06-21T16:00,Sul,1045,1034,2,55
2026-06-21T17:00,Norte,913,918,3,65
2026-06-21T17:00,Nordeste,1088,1118,5,90
2026-06-21T17:00,Sudeste,1565,1618,4,75
2026-06-21T17:00,Sul,981,1018,2,55
2026-06-21T18:00,Norte,821,900,3,65
2026-06-21T18:00,Nordeste,1022,1100,5,90
2026-06-21T18:00,Sudeste,1536,1600,4,75
2026-06-21T18:00,Sul,954,1000,2,55
2026-06-21T19:00,Norte,834,900,3,65
2026-06-21T19:00,Nordeste,994,1100,5,90
2026-06-21T19:00,Sudeste,1529,1600,4,75
2026-06-21T19:00,Sul,930,1000,2,55
2026-06-21T20:00,Norte,782,900,3,65
2026-06-21T20:00,Nordeste,997,1100,5,90
2026-06-21T20:00,Sudeste,1487,1600,4,75
2026-06-21T20:00,Sul,878,1000,2,55
2026-06-21T21:00,Norte,751,900,3,65
2026-06-21T21:00,Nordeste,963,1100,5,90
2026-06-21T21:00,Sudeste,1485,1600,4,75
2026-06-21T21:00,Sul,830,1000,2,55
2026-06-21T22:00,Norte,729,900,3,65
2026-06-21T22:00,Nordeste,934,1100,5,90
2026-06-21T22:00,Sudeste,1437,1600,4,75
2026-06-21T22:00,Sul,799,1000,2,55
2026-06-21T23:00,Norte,720,900,3,65
2026-06-21T23:00,Nordeste,926,1100,5,90
2026-06-21T23:00,Sudeste,1414,1600,4,75
2026-06-21T23:00,Sul,825,1000,2,55
2026-06-22T00:00,Norte,680,900,3,65
2026-06-22T00:00,Nordeste,926,1100,5,90
2026-06-22T00:00,Sudeste,1387,1600,4,75
2026-06-22T00:00,Sul,775,1000,2,55
2026-06-22T01:00,Norte,703,900,3,65
2026-06-22T01:00,Nordeste,904,1100,5,90
2026-06-22T01:00,Sudeste,1422,1600,4,75
2026-06-22T01:00,Sul,811,1000,2,55
2026-06-22T02:00,Norte,665,900,3,65
2026-06-22T02:00,Nordeste,913,1100,5,90
2026-06-22T02:00,Sudeste,1360,1600,4,75
2026-06-22T02:00,Sul,765,1000,2,55
2026-06-22T03:00,Norte,679,900,3,65
2026-06-22T03:00,Nordeste,873,1100,5,90
2026-06-22T03:00,Sudeste,1409,1600,4,75
2026-06-22T03:00,Sul,818,1000,2,55
2026-06-22T04:00,Norte,717,900,3,65
2026-06-22T04:00,Nordeste,922,1100,5,90
2026-06-22T04:00,Sudeste,1450,1600,4,75
2026-06-22T04:00,Sul,800,1000,2,55
2026-06-22T05:00,Norte,777,900,3,65
2026-06-22T05:00,Nordeste,982,1100,5,90
2026-06-22T05:00,Sudeste,1426,1600,4,75
2026-06-22T05:00,Sul,875,1000,2,55
2026-06-22T06:00,Norte,801,900,3,65
2026-06-22T06:00,Nordeste,1002,1100,5,90
2026-06-22T06:00,Sudeste,1472,1600,4,75
2026-06-22T06:00,Sul,903,1000,2,55
2026-06-22T07:00,Norte,806,918,3,65
2026-06-22T07:00,Nordeste,1012,1118,5,90
2026-06-22T07:00,Sudeste,1485,1618,4,75
2026-06-22T07:00,Sul,933,1018,2,55
2026-06-22T08:00,Norte,865,934,3,65
2026-06-22T08:00,Nordeste,1049,1134,5,90
2026-06-22T08:00,Sudeste,1552,1634,4,75
2026-06-22T08:00,Sul,941,1034,2,55
2026-06-22T09:00,Norte,875,949,3,65
2026-06-22T09:00,Nordeste,1055,1149,5,90
2026-06-22T09:00,Sudeste,1566,1649,4,75
2026-06-22T09:00,Sul,992,1049,2,55
2026-06-22T10:00,Norte,904,960,3,65
2026-06-22T10:00,Nordeste,1078,1160,5,90
2026-06-22T10:00,Sudeste,1609,1660,4,75
2026-06-22T10:00,Sul,1007,1060,2,55
2026-06-22T11:00,Norte,901,967,3,65
2026-06-22T11:00,Nordeste,1100,1167,5,90
2026-06-22T11:00,Sudeste,1656,1667,4,75
2026-06-22T11:00,Sul,1063,1067,2,55
2026-06-22T12:00,Norte,954,970,3,65
2026-06-22T12:00,Nordeste,1150,1170,5,90
2026-06-22T12:00,Sudeste,1619,1670,4,75
2026-06-22T12:00,Sul,1024,1070,2,55
2026-06-22T13:00,Norte,918,967,3,65
2026-06-22T13:00,Nordeste,1167,1167,5,90
2026-06-22T13:00,Sudeste,1657,1667,4,75
2026-06-22T13:00,Sul,1030,1067,2,55
2026-06-22T14:00,Norte,940,960,3,65
2026-06-22T14:00,Nordeste,1121,1160,5,90
2026-06-22T14:00,Sudeste,1619,1660,4,75
2026-06-22T14:00,Sul,1065,1060,2,55
2026-06-22T15:00,Norte,966,949,3,65
2026-06-22T15:00,Nordeste,1128,1149,5,90
2026-06-22T15:00,Sudeste,1624,1649,4,75
2026-06-22T15:00,Sul,1003,1049,2,55
2026-06-22T16:00,Norte,923,934,3,65
2026-06-22T16:00,Nordeste,1103,1134,5,90
2026-06-22T16:00,Sudeste,1590,1634,4,75
2026-06-22T16:00,Sul,994,1034,2,55
2026-06-22T17:00,Norte,852,918,3,65
2026-06-22T17:00,Nordeste,1077,1118,5,90
2026-06-22T17:00,Sudeste,1591,1618,4,75
2026-06-22T17:00,Sul,1003,1018,2,55
2026-06-22T18:00,Norte,865,900,3,65
2026-06-22T18:00,Nordeste,1051,1100,5,90
2026-06-22T18:00,Sudeste,1552,1600,4,75
2026-06-22T18:00,Sul,981,1000,2,55
2026-06-22T19:00,Norte,805,900,3,65
2026-06-22T19:00,Nordeste,1032,1100,5,90
2026-06-22T19:00,Sudeste,1489,1600,4,75
2026-06-22T19:00,Sul,933,1000,2,55
2026-06-22T20:00,Norte,781,900,3,65
2026-06-22T20:00,Nordeste,1018,1100,5,90
2026-06-22T20:00,Sudeste,1459,1600,4,75
2026-06-22T20:00,Sul,918,1000,2,55
2026-06-22T21:00,Norte,783,900,3,65
2026-06-22T21:00,Nordeste,944,1100,5,90
2026-06-22T21:00,Sudeste,1485,1600,4,75
2026-06-22T21:00,Sul,854,1000,2,55
2026-06-22T22:00,Norte,715,900,3,65
2026-06-22T22:00,Nordeste,898,1100,5,90
2026-06-22T22:00,Sudeste,1437,1600,4,75
2026-06-22T22:00,Sul,823,1000,2,55
2026-06-22T23:00,Norte,712,900,3,65
2026-06-22T23:00,Nordeste,932,1100,5,90
2026-06-22T23:00,Sudeste,1384,1600,4,75
2026-06-22T23:00,Sul,810,1000,2,55
2026-06-23T00:00,Norte,673,900,3,65
2026-06-23T00:00,Nordeste,927,1100,5,90
2026-06-23T00:00,Sudeste,1390,1600,4,75
2026-06-23T00:00,Sul,775,1000,2,55
2026-06-23T01:00,Norte,682,900,3,65
2026-06-23T01:00,Nordeste,859,1100,5,90
2026-06-23T01:00,Sudeste,1415,1600,4,75
2026-06-23T01:00,Sul,806,1000,2,55
2026-06-23T02:00,Norte,718,900,3,65
2026-06-23T02:00,Nordeste,923,1100,5,90
2026-06-23T02:00,Sudeste,1365,1600,4,75
2026-06-23T02:00,Sul,815,1000,2,55
2026-06-23T03:00,Norte,735,900,3,65
2026-06-23T03:00,Nordeste,902,1100,5,90
2026-06-23T03:00,Sudeste,1430,1600,4,75
2026-06-23T03:00,Sul,839,1000,2,55
2026-06-23T04:00,Norte,746,900,3,65
2026-06-23T04:00,Nordeste,919,1100,5,90
2026-06-23T04:00,Sudeste,1442,1600,4,75
2026-06-23T04:00,Sul,814,1000,2,55
2026-06-23T05:00,Norte,791,900,3,65
2026-06-23T05:00,Nordeste,971,1100,5,90
2026-06-23T05:00,Sudeste,1472,1600,4,75
2026-06-23T05:00,Sul,855,1000,2,55
2026-06-23T06:00,Norte,797,900,3,65
2026-06-23T06:00,Nordeste,995,1100,5,90
2026-06-23T06:00,Sudeste,1482,1600,4,75
2026-06-23T06:00,Sul,882,1000,2,55
2026-06-23T07:00,Norte,854,918,3,65
2026-06-23T07:00,Nordeste,1011,1118,5,90
2026-06-23T07:00,Sudeste,1485,1618,4,75
2026-06-23T07:00,Sul,911,1018,2,55
2026-06-23T08:00,Norte,849,934,3,65
2026-06-23T08:00,Nordeste,1029,1134,5,90
2026-06-23T08:00,Sudeste,1575,1634,4,75
2026-06-23T08:00,Sul,919,1034,2,55
2026-06-23T09:00,Norte,860,949,3,65
2026-06-23T09:00,Nordeste,1066,1149,5,90
2026-06-23T09:00,Sudeste,1612,1649,4,75
2026-06-23T09:00,Sul,980,1049,2,55
2026-06-23T10:00,Norte,900,960,3,65
2026-06-23T10:00,Nordeste,1142,1160,5,90
2026-06-23T10:00,Sudeste,1600,1660,4,75
2026-06-23T10:00,Sul,995,1060,2,55
2026-06-23T11:00,Norte,942,967,3,65
2026-06-23T11:00,Nordeste,1107,1167,5,90
2026-06-23T11:00,Sudeste,1651,1667,4,75
2026-06-23T11:00,Sul,1066,1067,2,55
2026-06-23T12:00,Norte,943,970,3,65
2026-06-23T12:00,Nordeste,1163,1170,5,90
2026-06-23T12:00,Sudeste,1653,1670,4,75
2026-06-23T12:00,Sul,1062,1070,2,55
2026-06-23T13:00,Norte,938,967,3,65
2026-06-23T13:00,Nordeste,1162,1167,5,90
2026-06-23T13:00,Sudeste,1667,1667,4,75
2026-06-23T13:00,Sul,1020,1067,2,55
2026-06-23T14:00,Norte,943,960,3,65
2026-06-23T14:00,Nordeste,1166,1160,5,90
2026-06-23T14:00,Sudeste,1669,1660,4,75
2026-06-23T14:00,Sul,1013,1060,2,55
2026-06-23T15:00,Norte,897,949,3,65
2026-06-23T15:00,Nordeste,1132,1149,5,90
2026-06-23T15:00,Sudeste,1624,1649,4,75
2026-06-23T15:00,Sul,1016,1049,2,55
2026-06-23T16:00,Norte,887,934,3,65
2026-06-23T16:00,Nordeste,1115,1134,5,90
2026-06-23T16:00,Sudeste,1599,1634,4,75
2026-06-23T16:00,Sul,1015,1034,2,55
2026-06-23T17:00,Norte,910,918,3,65
2026-06-23T17:00,Nordeste,1087,1118,5,90
2026-06-23T17:00,Sudeste,1594,1618,4,75
2026-06-23T17:00,Sul,1004,1018,2,55
2026-06-23T18:00,Norte,828,900,3,65
2026-06-23T18:00,Nordeste,1033,1100,5,90
2026-06-23T18:00,Sudeste,1534,1600,4,75
2026-06-23T18:00,Sul,961,1000,2,55
2026-06-23T19:00,Norte,794,900,3,65
2026-06-23T19:00,Nordeste,1033,1100,5,90
2026-06-23T19:00,Sudeste,1502,1600,4,75
2026-06-23T19:00,Sul,947,1000,2,55
2026-06-23T20:00,Norte,752,900,3,65
2026-06-23T20:00,Nordeste,1007,1100,5,90
2026-06-23T20:00,Sudeste,1464,1600,4,75
2026-06-23T20:00,Sul,884,1000,2,55
2026-06-23T21:00,Norte,787,900,3,65
2026-06-23T21:00,Nordeste,985,1100,5,90
2026-06-23T21:00,Sudeste,1446,1600,4,75
2026-06-23T21:00,Sul,838,1000,2,55
2026-06-23T22:00,Norte,757,900,3,65
2026-06-23T22:00,Nordeste,895,1100,5,90
2026-06-23T22:00,Sudeste,1427,1600,4,75
2026-06-23T22:00,Sul,816,1000,2,55
2026-06-23T23:00,Norte,732,900,3,65
2026-06-23T23:00,Nordeste,891,1100,5,90
2026-06-23T23:00,Sudeste,1394,1600,4,75
2026-06-23T23:00,Sul,842,1000,2,55
2026-06-24T00:00,Norte,674,900,3,65
2026-06-24T00:00,Nordeste,886,1100,5,90
2026-06-24T00:00,Sudeste,1383,1600,4,75
2026-06-24T00:00,Sul,781,1000,2,55
2026-06-24T01:00,Norte,667,900,3,65
2026-06-24T01:00,Nordeste,891,1100,5,90
2026-06-24T01:00,Sudeste,1372,1600,4,75
2026-06-24T01:00,Sul,772,1000,2,55
2026-06-24T02:00,Norte,678,900,3,65
2026-06-24T02:00,Nordeste,894,1100,5,90
2026-06-24T02:00,Sudeste,1430,1600,4,75
2026-06-24T02:00,Sul,791,1000,2,55
2026-06-24T03:00,Norte,737,900,3,65
2026-06-24T03:00,Nordeste,898,1100,5,90
2026-06-24T03:00,Sudeste,1398,1600,4,75
2026-06-24T03:00,Sul,828,1000,2,55
2026-06-24T04:00,Norte,705,900,3,65
2026-06-24T04:00,Nordeste,906,1100,5,90
2026-06-24T04:00,Sudeste,1425,1600,4,75
2026-06-24T04:00,Sul,821,1000,2,55
2026-06-24T05:00,Norte,781,900,3,65
2026-06-24T05:00,Nordeste,973,1100,5,90
2026-06-24T05:00,Sudeste,1489,1600,4,75
2026-06-24T05:00,Sul,874,1000,2,55
2026-06-24T06:00,Norte,782,900,3,65
2026-06-24T06:00,Nordeste,1021,1100,5,90
2026-06-24T06:00,Sudeste,1488,1600,4,75
2026-06-24T06:00,Sul,905,1000,2,55
2026-06-24T07:00,Norte,853,918,3,65
2026-06-24T07:00,Nordeste,1044,1118,5,90
2026-06-24T07:00,Sudeste,1543,1618,4,75
2026-06-24T07:00,Sul,952,1018,2,55
2026-06-24T08:00,Norte,823,934,3,65
2026-06-24T08:00,Nordeste,1071,1134,5,90
2026-06-24T08:00,Sudeste,1538,1634,4,75
2026-06-24T08:00,Sul,934,1034,2,55
2026-06-24T09:00,Norte,911,949,3,65
2026-06-24T09:00,Nordeste,1099,1149,5,90
2026-06-24T09:00,Sudeste,1612,1649,4,75
2026-06-24T09:00,Sul,962,1049,2,55
2026-06-24T10:00,Norte,895,960,3,65
2026-06-24T10:00,Nordeste,1139,1160,5,90
2026-06-24T10:00,Sudeste,1632,1660,4,75
2026-06-24T10:00,Sul,1011,1060,2,55
2026-06-24T11:00,Norte,905,967,3,65
2026-06-24T11:00,Nordeste,1165,1167,5,90
2026-06-24T11:00,Sudeste,1612,1667,4,75
2026-06-24T11:00,Sul,1019,1067,2,55
2026-06-24T12:00,Norte,913,970,3,65
2026-06-24T12:00,Nordeste,1179,1170,5,90
2026-06-24T12:00,Sudeste,1620,1670,4,75
2026-06-24T12:00,Sul,1020,1070,2,55
2026-06-24T13:00,Norte,932,967,3,65
2026-06-24T13:00,Nordeste,1135,1167,5,90
2026-06-24T13:00,Sudeste,1663,1667,4,75
2026-06-24T13:00,Sul,1059,1067,2,55
2026-06-24T14:00,Norte,973,960,3,65
2026-06-24T14:00,Nordeste,1176,1160,5,90
2026-06-24T14:00,Sudeste,1635,1660,4,75
2026-06-24T14:00,Sul,1065,1060,2,55
2026-06-24T15:00,Norte,946,949,3,65
2026-06-24T15:00,Nordeste,1106,1149,5,90
2026-06-24T15:00,Sudeste,1621,1649,4,75
2026-06-24T15:00,Sul,1008,1049,2,55
2026-06-24T16:00,Norte,885,934,3,65
2026-06-24T16:00,Nordeste,1141,1134,5,90
2026-06-24T16:00,Sudeste,1603,1634,4,75
2026-06-24T16:00,Sul,1036,1034,2,55
2026-06-24T17:00,Norte,884,918,3,65
2026-06-24T17:00,Nordeste,1096,1118,5,90
2026-06-24T17:00,Sudeste,1593,1618,4,75
2026-06-24T17:00,Sul,1006,1018,2,55
2026-06-24T18:00,Norte,881,900,3,65
2026-06-24T18:00,Nordeste,1066,1100,5,90
2026-06-24T18:00,Sudeste,1555,1600,4,75
2026-06-24T18:00,Sul,929,1000,2,55
2026-06-24T19:00,Norte,808,900,3,65
2026-06-24T19:00,Nordeste,1045,1100,5,90
2026-06-24T19:00,Sudeste,1513,1600,4,75
2026-06-24T19:00,Sul,920,1000,2,55
2026-06-24T20:00,Norte,785,900,3,65
2026-06-24T20:00,Nordeste,1013,1100,5,90
2026-06-24T20:00,Sudeste,1506,1600,4,75
2026-06-24T20:00,Sul,854,1000,2,55
2026-06-24T21:00,Norte,769,900,3,65
2026-06-24T21:00,Nordeste,990,1100,5,90
2026-06-24T21:00,Sudeste,1436,1600,4,75
2026-06-24T21:00,Sul,873,1000,2,55
2026-06-24T22:00,Norte,741,900,3,65
2026-06-24T22:00,Nordeste,948,1100,5,90
2026-06-24T22:00,Sudeste,1439,1600,4,75
2026-06-24T22:00,Sul,802,1000,2,55
2026-06-24T23:00,Norte,690,900,3,65
2026-06-24T23:00,Nordeste,939,1100,5,90
2026-06-24T23:00,Sudeste,1435,1600,4,75
2026-06-24T23:00,Sul,799,1000,2,55
2026-06-25T00:00,Norte,706,900,3,65
2026-06-25T00:00,Nordeste,927,1100,5,90
2026-06-25T00:00,Sudeste,1424,1600,4,75
2026-06-25T00:00,Sul,769,1000,2,55
2026-06-25T01:00,Norte,724,900,3,65
2026-06-25T01:00,Nordeste,903,1100,5,90
2026-06-25T01:00,Sudeste,1368,1600,4,75
2026-06-25T01:00,Sul,784,1000,2,55
2026-06-25T02:00,Norte,726,900,3,65
2026-06-25T02:00,Nordeste,892,1100,5,90
2026-06-25T02:00,Sudeste,1373,1600,4,75
2026-06-25T02:00,Sul,817,1000,2,55
2026-06-25T03:00,Norte,733,900,3,65
2026-06-25T03:00,Nordeste,912,1100,5,90
2026-06-25T03:00,Sudeste,1418,1600,4,75
2026-06-25T03:00,Sul,780,1000,2,55
2026-06-25T04:00,Norte,717,900,3,65
2026-06-25T04:00,Nordeste,914,1100,5,90
2026-06-25T04:00,Sudeste,1449,1600,4,75
2026-06-25T04:00,Sul,820,1000,2,55
2026-06-25T05:00,Norte,789,900,3,65
2026-06-25T05:00,Nordeste,950,1100,5,90
2026-06-25T05:00,Sudeste,1450,1600,4,75
2026-06-25T05:00,Sul,874,1000,2,55
2026-06-25T06:00,Norte,803,900,3,65
2026-06-25T06:00,Nordeste,975,1100,5,90
2026-06-25T06:00,Sudeste,1475,1600,4,75
2026-06-25T06:00,Sul,886,1000,2,55
2026-06-25T07:00,Norte,834,918,3,65
2026-06-25T07:00,Nordeste,1033,1118,5,90
2026-06-25T07:00,Sudeste,1510,1618,4,75
2026-06-25T07:00,Sul,894,1018,2,55
2026-06-25T08:00,Norte,879,934,3,65
2026-06-25T08:00,Nordeste,1045,1134,5,90
2026-06-25T08:00,Sudeste,1563,1634,4,75
2026-06-25T08:00,Sul,985,1034,2,55
2026-06-25T09:00,Norte,868,949,3,65
2026-06-25T09:00,Nordeste,1057,1149,5,90
2026-06-25T09:00,Sudeste,1567,1649,4,75
2026-06-25T09:00,Sul,976,1049,2,55
2026-06-25T10:00,Norte,891,960,3,65
2026-06-25T10:00,Nordeste,1125,1160,5,90
2026-06-25T10:00,Sudeste,1632,1660,4,75
2026-06-25T10:00,Sul,983,1060,2,55
2026-06-25T11:00,Norte,925,967,3,65
2026-06-25T11:00,Nordeste,1154,1167,5,90
2026-06-25T11:00,Sudeste,1610,1667,4,75
2026-06-25T11:00,Sul,1002,1067,2,55
2026-06-25T12:00,Norte,923,970,3,65
2026-06-25T12:00,Nordeste,1159,1170,5,90
2026-06-25T12:00,Sudeste,1674,1670,4,75
2026-06-25T12:00,Sul,1080,1070,2,55
2026-06-25T13:00,Norte,945,967,3,65
2026-06-25T13:00,Nordeste,1182,1167,5,90
2026-06-25T13:00,Sudeste,1659,1667,4,75
2026-06-25T13:00,Sul,1072,1067,2,55
2026-06-25T14:00,Norte,943,960,3,65
2026-06-25T14:00,Nordeste,1162,1160,5,90
2026-06-25T14:00,Sudeste,1612,1660,4,75
2026-06-25T14:00,Sul,1071,1060,2,55
2026-06-25T15:00,Norte,932,949,3,65
2026-06-25T15:00,Nordeste,1167,1149,5,90
2026-06-25T15:00,Sudeste,1623,1649,4,75
2026-06-25T15:00,Sul,1017,1049,2,55
2026-06-25T16:00,Norte,885,934,3,65
2026-06-25T16:00,Nordeste,1092,1134,5,90
2026-06-25T16:00,Sudeste,1581,1634,4,75
2026-06-25T16:00,Sul,1036,1034,2,55
2026-06-25T17:00,Norte,857,918,3,65
2026-06-25T17:00,Nordeste,1061,1118,5,90
2026-06-25T17:00,Sudeste,1584,1618,4,75
2026-06-25T17:00,Sul,1017,1018,2,55
2026-06-25T18:00,Norte,874,900,3,65
2026-06-25T18:00,Nordeste,1076,1100,5,90
2026-06-25T18:00,Sudeste,1553,1600,4,75
2026-06-25T18:00,Sul,980,1000,2,55
2026-06-25T19:00,Norte,853,900,3,65
2026-06-25T19:00,Nordeste,1052,1100,5,90
2026-06-25T19:00,Sudeste,1515,1600,4,75
2026-06-25T19:00,Sul,955,1000,2,55
2026-06-25T20:00,Norte,803,900,3,65
2026-06-25T20:00,Nordeste,1021,1100,5,90
2026-06-25T20:00,Sudeste,1513,1600,4,75
2026-06-25T20:00,Sul,881,1000,2,55
2026-06-25T21:00,Norte,770,900,3,65
2026-06-25T21:00,Nordeste,958,1100,5,90
2026-06-25T21:00,Sudeste,1440,1600,4,75
2026-06-25T21:00,Sul,880,1000,2,55
2026-06-25T22:00,Norte,748,900,3,65
2026-06-25T22:00,Nordeste,936,1100,5,90
2026-06-25T22:00,Sudeste,1452,1600,4,75
2026-06-25T22:00,Sul,828,1000,2,55
2026-06-25T23:00,Norte,690,900,3,65
2026-06-25T23:00,Nordeste,874,1100,5,90
2026-06-25T23:00,Sudeste,1376,1600,4,75
2026-06-25T23:00,Sul,812,1000,2,55
2026-06-26T00:00,Norte,676,900,3,65
2026-06-26T00:00,Nordeste,900,1100,5,90
2026-06-26T00:00,Sudeste,1429,1600,4,75
2026-06-26T00:00,Sul,812,1000,2,55
2026-06-26T01:00,Norte,677,900,3,65
2026-06-26T01:00,Nordeste,918,1100,5,90
2026-06-26T01:00,Sudeste,1404,1600,4,75
2026-06-26T01:00,Sul,794,1000,2,55
2026-06-26T02:00,Norte,702,900,3,65
2026-06-26T02:00,Nordeste,906,1100,5,90
2026-06-26T02:00,Sudeste,1390,1600,4,75
2026-06-26T02:00,Sul,775,1000,2,55
2026-06-26T03:00,Norte,678,900,3,65
2026-06-26T03:00,Nordeste,873,1100,5,90
2026-06-26T03:00,Sudeste,1377,1600,4,75
2026-06-26T03:00,Sul,786,1000,2,55
2026-06-26T04:00,Norte,760,900,3,65
2026-06-26T04:00,Nordeste,920,1100,5,90
2026-06-26T04:00,Sudeste,1463,1600,4,75
2026-06-26T04:00,Sul,848,1000,2,55
2026-06-26T05:00,Norte,761,900,3,65
2026-06-26T05:00,Nordeste,930,1100,5,90
2026-06-26T05:00,Sudeste,1472,1600,4,75
2026-06-26T05:00,Sul,854,1000,2,55
2026-06-26T06:00,Norte,781,900,3,65
2026-06-26T06:00,Nordeste,1022,1100,5,90
2026-06-26T06:00,Sudeste,1455,1600,4,75
2026-06-26T06:00,Sul,867,1000,2,55
2026-06-26T07:00,Norte,808,918,3,65
2026-06-26T07:00,Nordeste,1040,1118,5,90
2026-06-26T07:00,Sudeste,1543,1618,4,75
2026-06-26T07:00,Sul,906,1018,2,55
2026-06-26T08:00,Norte,821,934,3,65
2026-06-26T08:00,Nordeste,1034,1134,5,90
2026-06-26T08:00,Sudeste,1524,1634,4,75
2026-06-26T08:00,Sul,921,1034,2,55
2026-06-26T09:00,Norte,868,949,3,65
2026-06-26T09:00,Nordeste,1087,1149,5,90
2026-06-26T09:00,Sudeste,1554,1649,4,75
2026-06-26T09:00,Sul,1016,1049,2,55
2026-06-26T10:00,Norte,898,960,3,65
2026-06-26T10:00,Nordeste,1130,1160,5,90
2026-06-26T10:00,Sudeste,1586,1660,4,75
2026-06-26T10:00,Sul,1020,1060,2,55
2026-06-26T11:00,Norte,905,967,3,65
2026-06-26T11:00,Nordeste,1139,1167,5,90
2026-06-26T11:00,Sudeste,1651,1667,4,75
2026-06-26T11:00,Sul,1052,1067,2,55
2026-06-26T12:00,Norte,946,970,3,65
2026-06-26T12:00,Nordeste,1136,1170,5,90
2026-06-26T12:00,Sudeste,1649,1670,4,75
2026-06-26T12:00,Sul,1054,1070,2,55
2026-06-26T13:00,Norte,935,967,3,65
2026-06-26T13:00,Nordeste,1158,1167,5,90
2026-06-26T13:00,Sudeste,1622,1667,4,75
2026-06-26T13:00,Sul,1030,1067,2,55
2026-06-26T14:00,Norte,927,960,3,65
2026-06-26T14:00,Nordeste,1121,1160,5,90
2026-06-26T14:00,Sudeste,1674,1660,4,75
2026-06-26T14:00,Sul,1029,1060,2,55
2026-06-26T15:00,Norte,954,949,3,65
2026-06-26T15:00,Nordeste,1117,1149,5,90
2026-06-26T15:00,Sudeste,1628,1649,4,75
2026-06-26T15:00,Sul,1012,1049,2,55
2026-06-26T16:00,Norte,908,934,3,65
2026-06-26T16:00,Nordeste,1103,1134,5,90
2026-06-26T16:00,Sudeste,1589,1634,4,75
2026-06-26T16:00,Sul,1010,1034,2,55
2026-06-26T17:00,Norte,891,918,3,65
2026-06-26T17:00,Nordeste,1088,1118,5,90
2026-06-26T17:00,Sudeste,1573,1618,4,75
2026-06-26T17:00,Sul,965,1018,2,55
2026-06-26T18:00,Norte,846,900,3,65
2026-06-26T18:00,Nordeste,1038,1100,5,90
2026-06-26T18:00,Sudeste,1566,1600,4,75
2026-06-26T18:00,Sul,946,1000,2,55
2026-06-26T19:00,Norte,799,900,3,65
2026-06-26T19:00,Nordeste,1023,1100,5,90
2026-06-26T19:00,Sudeste,1500,1600,4,75
2026-06-26T19:00,Sul,946,1000,2,55
2026-06-26T20:00,Norte,764,900,3,65
2026-06-26T20:00,Nordeste,979,1100,5,90
2026-06-26T20:00,Sudeste,1497,1600,4,75
2026-06-26T20:00,Sul,914,1000,2,55
2026-06-26T21:00,Norte,791,900,3,65
2026-06-26T21:00,Nordeste,968,1100,5,90
2026-06-26T21:00,Sudeste,1443,1600,4,75
2026-06-26T21:00,Sul,887,1000,2,55
2026-06-26T22:00,Norte,747,900,3,65
2026-06-26T22:00,Nordeste,933,1100,5,90
2026-06-26T22:00,Sudeste,1462,1600,4,75
2026-06-26T22:00,Sul,821,1000,2,55
2026-06-26T23:00,Norte,731,900,3,65
2026-06-26T23:00,Nordeste,873,1100,5,90
2026-06-26T23:00,Sudeste,1443,1600,4,75
2026-06-26T23:00,Sul,793,1000,2,55
2026-06-27T00:00,Norte,726,900,3,65
2026-06-27T00:00,Nordeste,924,1100,5,90
2026-06-27T00:00,Sudeste,1404,1600,4,75
2026-06-27T00:00,Sul,780,1000,2,55
2026-06-27T01:00,Norte,711,900,3,65
2026-06-27T01:00,Nordeste,857,1100,5,90
2026-06-27T01:00,Sudeste,1379,1600,4,75
2026-06-27T01:00,Sul,774,1000,2,55
2026-06-27T02:00,Norte,693,900,3,65
2026-06-27T02:00,Nordeste,862,1100,5,90
2026-06-27T02:00,Sudeste,1410,1600,4,75
2026-06-27T02:00,Sul,788,1000,2,55
2026-06-27T03:00,Norte,697,900,3,65
2026-06-27T03:00,Nordeste,934,1100,5,90
2026-06-27T03:00,Sudeste,1439,1600,4,75
2026-06-27T03:00,Sul,779,1000,2,55
2026-06-27T04:00,Norte,740,900,3,65
2026-06-27T04:00,Nordeste,921,1100,5,90
2026-06-27T04:00,Sudeste,1461,1600,4,75
2026-06-27T04:00,Sul,851,1000,2,55
2026-06-27T05:00,Norte,758,900,3,65
2026-06-27T05:00,Nordeste,922,1100,5,90
2026-06-27T05:00,Sudeste,1476,1600,4,75
2026-06-27T05:00,Sul,871,1000,2,55
2026-06-27T06:00,Norte,797,900,3,65
2026-06-27T06:00,Nordeste,972,1100,5,90
2026-06-27T06:00,Sudeste,1519,1600,4,75
2026-06-27T06:00,Sul,917,1000,2,55
2026-06-27T07:00,Norte,789,918,3,65
2026-06-27T07:00,Nordeste,1012,1118,5,90
2026-06-27T07:00,Sudeste,1545,1618,4,75
2026-06-27T07:00,Sul,925,1018,2,55
2026-06-27T08:00,Norte,822,934,3,65
2026-06-27T08:00,Nordeste,1033,1134,5,90
2026-06-27T08:00,Sudeste,1535,1634,4,75
2026-06-27T08:00,Sul,973,1034,2,55
2026-06-27T09:00,Norte,903,949,3,65
2026-06-27T09:00,Nordeste,1099,1149,5,90
2026-06-27T09:00,Sudeste,1600,1649,4,75
2026-06-27T09:00,Sul,951,1049,2,55
2026-06-27T10:00,Norte,915,960,3,65
2026-06-27T10:00,Nordeste,1144,1160,5,90
2026-06-27T10:00,Sudeste,1596,1660,4,75
2026-06-27T10:00,Sul,987,1060,2,55
2026-06-27T11:00,Norte,954,967,3,65
2026-06-27T11:00,Nordeste,1115,1167,5,90
2026-06-27T11:00,Sudeste,1625,1667,4,75
2026-06-27T11:00,Sul,1046,1067,2,55
2026-06-27T12:00,Norte,926,970,3,65
2026-06-27T12:00,Nordeste,1113,1170,5,90
2026-06-27T12:00,Sudeste,1674,1670,4,75
2026-06-27T12:00,Sul,1073,1070,2,55
2026-06-27T13:00,Norte,976,967,3,65
2026-06-27T13:00,Nordeste,1136,1167,5,90
2026-06-27T13:00,Sudeste,1659,1667,4,75
2026-06-27T13:00,Sul,1044,1067,2,55
2026-06-27T14:00,Norte,912,960,3,65
2026-06-27T14:00,Nordeste,1121,1160,5,90
2026-06-27T14:00,Sudeste,1623,1660,4,75
2026-06-27T14:00,Sul,1057,1060,2,55
2026-06-27T15:00,Norte,913,949,3,65
2026-06-27T15:00,Nordeste,1138,1149,5,90
2026-06-27T15:00,Sudeste,1664,1649,4,75
2026-06-27T15:00,Sul,1022,1049,2,55
2026-06-27T16:00,Norte,879,934,3,65
2026-06-27T16:00,Nordeste,1083,1134,5,90
2026-06-27T16:00,Sudeste,1590,1634,4,75
2026-06-27T16:00,Sul,1027,1034,2,55
2026-06-27T17:00,Norte,902,918,3,65
2026-06-27T17:00,Nordeste,1104,1118,5,90
2026-06-27T17:00,Sudeste,1568,1618,4,75
2026-06-27T17:00,Sul,961,1018,2,55
2026-06-27T18:00,Norte,888,900,3,65
2026-06-27T18:00,Nordeste,1026,1100,5,90
2026-06-27T18:00,Sudeste,1577,1600,4,75
2026-06-27T18:00,Sul,928,1000,2,55
2026-06-27T19:00,Norte,815,900,3,65
2026-06-27T19:00,Nordeste,1015,1100,5,90
2026-06-27T19:00,Sudeste,1524,1600,4,75
2026-06-27T19:00,Sul,911,1000,2,55
2026-06-27T20:00,Norte,785,900,3,65
2026-06-27T20:00,Nordeste,965,1100,5,90
2026-06-27T20:00,Sudeste,1509,1600,4,75
2026-06-27T20:00,Sul,870,1000,2,55
2026-06-27T21:00,Norte,762,900,3,65
2026-06-27T21:00,Nordeste,955,1100,5,90
2026-06-27T21:00,Sudeste,1481,1600,4,75
2026-06-27T21:00,Sul,846,1000,2,55
2026-06-27T22:00,Norte,751,900,3,65
2026-06-27T22:00,Nordeste,924,1100,5,90
2026-06-27T22:00,Sudeste,1443,1600,4,75
2026-06-27T22:00,Sul,794,1000,2,55
2026-06-27T23:00,Norte,675,900,3,65
2026-06-27T23:00,Nordeste,911,1100,5,90
2026-06-27T23:00,Sudeste,1426,1600,4,75
2026-06-27T23:00,Sul,841,1000,2,55
2026-06-28T00:00,Norte,679,900,3,65
2026-06-28T00:00,Nordeste,911,1100,5,90
2026-06-28T00:00,Sudeste,1380,1600,4,75
2026-06-28T00:00,Sul,787,1000,2,55
2026-06-28T01:00,Norte,715,900,3,65
2026-06-28T01:00,Nordeste,918,1100,5,90
2026-06-28T01:00,Sudeste,1358,1600,4,75
2026-06-28T01:00,Sul,793,1000,2,55
2026-06-28T02:00,Norte,715,900,3,65
2026-06-28T02:00,Nordeste,886,1100,5,90
2026-06-28T02:00,Sudeste,1395,1600,4,75
2026-06-28T02:00,Sul,761,1000,2,55
2026-06-28T03:00,Norte,698,900,3,65
2026-06-28T03:00,Nordeste,874,1100,5,90
2026-06-28T03:00,Sudeste,1427,1600,4,75
2026-06-28T03:00,Sul,811,1000,2,55
2026-06-28T04:00,Norte,702,900,3,65
2026-06-28T04:00,Nordeste,945,1100,5,90
2026-06-28T04:00,Sudeste,1412,1600,4,75
2026-06-28T04:00,Sul,864,1000,2,55
2026-06-28T05:00,Norte,739,900,3,65
2026-06-28T05:00,Nordeste,949,1100,5,90
2026-06-28T05:00,Sudeste,1491,1600,4,75
2026-06-28T05:00,Sul,860,1000,2,55
2026-06-28T06:00,Norte,801,900,3,65
2026-06-28T06:00,Nordeste,1004,1100,5,90
2026-06-28T06:00,Sudeste,1468,1600,4,75
2026-06-28T06:00,Sul,901,1000,2,55
2026-06-28T07:00,Norte,791,918,3,65
2026-06-28T07:00,Nordeste,1047,1118,5,90
2026-06-28T07:00,Sudeste,1517,1618,4,75
2026-06-28T07:00,Sul,939,1018,2,55
2026-06-28T08:00,Norte,872,934,3,65
2026-06-28T08:00,Nordeste,1046,1134,5,90
2026-06-28T08:00,Sudeste,1520,1634,4,75
2026-06-28T08:00,Sul,976,1034,2,55
2026-06-28T09:00,Norte,878,949,3,65
2026-06-28T09:00,Nordeste,1108,1149,5,90
2026-06-28T09:00,Sudeste,1582,1649,4,75
2026-06-28T09:00,Sul,974,1049,2,55
2026-06-28T10:00,Norte,945,960,3,65
2026-06-28T10:00,Nordeste,1078,1160,5,90
2026-06-28T10:00,Sudeste,1605,1660,4,75
2026-06-28T10:00,Sul,1035,1060,2,55
2026-06-28T11:00,Norte,908,967,3,65
2026-06-28T11:00,Nordeste,1115,1167,5,90
2026-06-28T11:00,Sudeste,1598,1667,4,75
2026-06-28T11:00,Sul,1037,1067,2,55
2026-06-28T12:00,Norte,910,970,3,65
2026-06-28T12:00,Nordeste,1136,1170,5,90
2026-06-28T12:00,Sudeste,1629,1670,4,75
2026-06-28T12:00,Sul,1076,1070,2,55
2026-06-28T13:00,Norte,949,967,3,65
2026-06-28T13:00,Nordeste,1132,1167,5,90
2026-06-28T13:00,Sudeste,1651,1667,4,75
2026-06-28T13:00,Sul,1044,1067,2,55
2026-06-28T14:00,Norte,958,960,3,65
2026-06-28T14:00,Nordeste,1168,1160,5,90
2026-06-28T14:00,Sudeste,1630,1660,4,75
2026-06-28T14:00,Sul,1021,1060,2,55
2026-06-28T15:00,Norte,937,949,3,65
2026-06-28T15:00,Nordeste,1132,1149,5,90
2026-06-28T15:00,Sudeste,1604,1649,4,75
2026-06-28T15:00,Sul,1001,1049,2,55
2026-06-28T16:00,Norte,940,934,3,65
2026-06-28T16:00,Nordeste,1122,1134,5,90
2026-06-28T16:00,Sudeste,1580,1634,4,75
2026-06-28T16:00,Sul,993,1034,2,55
2026-06-28T17:00,Norte,882,918,3,65
2026-06-28T17:00,Nordeste,1067,1118,5,90
2026-06-28T17:00,Sudeste,1601,1618,4,75
2026-06-28T17:00,Sul,1011,1018,2,55
2026-06-28T18:00,Norte,833,900,3,65
2026-06-28T18:00,Nordeste,1077,1100,5,90
2026-06-28T18:00,Sudeste,1551,1600,4,75
2026-06-28T18:00,Sul,975,1000,2,55
2026-06-28T19:00,Norte,853,900,3,65
2026-06-28T19:00,Nordeste,990,1100,5,90
2026-06-28T19:00,Sudeste,1498,1600,4,75
2026-06-28T19:00,Sul,905,1000,2,55
2026-06-28T20:00,Norte,787,900,3,65
2026-06-28T20:00,Nordeste,999,1100,5,90
2026-06-28T20:00,Sudeste,1454,1600,4,75
2026-06-28T20:00,Sul,901,1000,2,55
2026-06-28T21:00,Norte,789,900,3,65
2026-06-28T21:00,Nordeste,964,1100,5,90
2026-06-28T21:00,Sudeste,1474,1600,4,75
2026-06-28T21:00,Sul,869,1000,2,55
2026-06-28T22:00,Norte,724,900,3,65
2026-06-28T22:00,Nordeste,914,1100,5,90
2026-06-28T22:00,Sudeste,1436,1600,4,75
2026-06-28T22:00,Sul,829,1000,2,55
2026-06-28T23:00,Norte,706,900,3,65
2026-06-28T23:00,Nordeste,941,1100,5,90
2026-06-28T23:00,Sudeste,1415,1600,4,75
2026-06-28T23:00,Sul,835,1000,2,55
2026-06-29T00:00,Norte,675,900,3,65
2026-06-29T00:00,Nordeste,884,1100,5,90
2026-06-29T00:00,Sudeste,1370,1600,4,75
2026-06-29T00:00,Sul,766,1000,2,55
2026-06-29T01:00,Norte,671,900,3,65
2026-06-29T01:00,Nordeste,864,1100,5,90
2026-06-29T01:00,Sudeste,1374,1600,4,75
2026-06-29T01:00,Sul,762,1000,2,55
2026-06-29T02:00,Norte,695,900,3,65
2026-06-29T02:00,Nordeste,893,1100,5,90
2026-06-29T02:00,Sudeste,1421,1600,4,75
2026-06-29T02:00,Sul,807,1000,2,55
2026-06-29T03:00,Norte,708,900,3,65
2026-06-29T03:00,Nordeste,940,1100,5,90
2026-06-29T03:00,Sudeste,1423,1600,4,75
2026-06-29T03:00,Sul,839,1000,2,55
2026-06-29T04:00,Norte,717,900,3,65
2026-06-29T04:00,Nordeste,909,1100,5,90
2026-06-29T04:00,Sudeste,1441,1600,4,75
2026-06-29T04:00,Sul,811,1000,2,55
2026-06-29T05:00,Norte,776,900,3,65
2026-06-29T05:00,Nordeste,973,1100,5,90
2026-06-29T05:00,Sudeste,1463,1600,4,75
2026-06-29T05:00,Sul,839,1000,2,55
2026-06-29T06:00,Norte,765,900,3,65
2026-06-29T06:00,Nordeste,1022,1100,5,90
2026-06-29T06:00,Sudeste,1488,1600,4,75
2026-06-29T06:00,Sul,887,1000,2,55
2026-06-29T07:00,Norte,795,918,3,65
2026-06-29T07:00,Nordeste,1001,1118,5,90
2026-06-29T07:00,Sudeste,1517,1618,4,75
2026-06-29T07:00,Sul,894,1018,2,55
2026-06-29T08:00,Norte,873,934,3,65
2026-06-29T08:00,Nordeste,1039,1134,5,90
2026-06-29T08:00,Sudeste,1578,1634,4,75
2026-06-29T08:00,Sul,934,1034,2,55
2026-06-29T09:00,Norte,887,949,3,65
2026-06-29T09:00,Nordeste,1074,1149,5,90
2026-06-29T09:00,Sudeste,1607,1649,4,75
2026-06-29T09:00,Sul,950,1049,2,55
2026-06-29T10:00,Norte,930,960,3,65
2026-06-29T10:00,Nordeste,1128,1160,5,90
2026-06-29T10:00,Sudeste,1594,1660,4,75
2026-06-29T10:00,Sul,1015,1060,2,55
2026-06-29T11:00,Norte,941,967,3,65
2026-06-29T11:00,Nordeste,1163,1167,5,90
2026-06-29T11:00,Sudeste,1610,1667,4,75
2026-06-29T11:00,Sul,1008,1067,2,55
2026-06-29T12:00,Norte,926,970,3,65
2026-06-29T12:00,Nordeste,1172,1170,5,90
2026-06-29T12:00,Sudeste,1643,1670,4,75
2026-06-29T12:00,Sul,1066,1070,2,55
2026-06-29T13:00,Norte,970,967,3,65
2026-06-29T13:00,Nordeste,1118,1167,5,90
2026-06-29T13:00,Sudeste,1625,1667,4,75
2026-06-29T13:00,Sul,1074,1067,2,55
2026-06-29T14:00,Norte,929,960,3,65
2026-06-29T14:00,Nordeste,1177,1160,5,90
2026-06-29T14:00,Sudeste,1649,1660,4,75
2026-06-29T14:00,Sul,1030,1060,2,55
2026-06-29T15:00,Norte,937,949,3,65
2026-06-29T15:00,Nordeste,1143,1149,5,90
2026-06-29T15:00,Sudeste,1647,1649,4,75
2026-06-29T15:00,Sul,1035,1049,2,55
2026-06-29T16:00,Norte,909,934,3,65
2026-06-29T16:00,Nordeste,1078,1134,5,90
2026-06-29T16:00,Sudeste,1630,1634,4,75
2026-06-29T16:00,Sul,1040,1034,2,55
2026-06-29T17:00,Norte,902,918,3,65
2026-06-29T17:00,Nordeste,1080,1118,5,90
2026-06-29T17:00,Sudeste,1581,1618,4,75
2026-06-29T17:00,Sul,957,1018,2,55
2026-06-29T18:00,Norte,832,900,3,65
2026-06-29T18:00,Nordeste,1069,1100,5,90
2026-06-29T18:00,Sudeste,1539,1600,4,75
2026-06-29T18:00,Sul,957,1000,2,55
2026-06-29T19:00,Norte,805,900,3,65
2026-06-29T19:00,Nordeste,1021,1100,5,90
2026-06-29T19:00,Sudeste,1543,1600,4,75
2026-06-29T19:00,Sul,924,1000,2,55
2026-06-29T20:00,Norte,753,900,3,65
2026-06-29T20:00,Nordeste,987,1100,5,90
2026-06-29T20:00,Sudeste,1502,1600,4,75
2026-06-29T20:00,Sul,875,1000,2,55
2026-06-29T21:00,Norte,776,900,3,65
2026-06-29T21:00,Nordeste,954,1100,5,90
2026-06-29T21:00,Sudeste,1455,1600,4,75
2026-06-29T21:00,Sul,842,1000,2,55
2026-06-29T22:00,Norte,720,900,3,65
2026-06-29T22:00,Nordeste,898,1100,5,90
2026-06-29T22:00,Sudeste,1412,1600,4,75
2026-06-29T22:00,Sul,834,1000,2,55
2026-06-29T23:00,Norte,691,900,3,65
2026-06-29T23:00,Nordeste,938,1100,5,90
2026-06-29T23:00,Sudeste,1408,1600,4,75
2026-06-29T23:00,Sul,822,1000,2,55
2026-06-30T00:00,Norte,660,900,3,65
2026-06-30T00:00,Nordeste,909,1100,5,90
2026-06-30T00:00,Sudeste,1392,1600,4,75
2026-06-30T00:00,Sul,824,1000,2,55
2026-06-30T01:00,Norte,702,900,3,65
2026-06-30T01:00,Nordeste,883,1100,5,90
2026-06-30T01:00,Sudeste,1358,1600,4,75
2026-06-30T01:00,Sul,809,1000,2,55
2026-06-30T02:00,Norte,725,900,3,65
2026-06-30T02:00,Nordeste,861,1100,5,90
2026-06-30T02:00,Sudeste,1389,1600,4,75
2026-06-30T02:00,Sul,809,1000,2,55
2026-06-30T03:00,Norte,737,900,3,65
2026-06-30T03:00,Nordeste,911,1100,5,90
2026-06-30T03:00,Sudeste,1402,1600,4,75
2026-06-30T03:00,Sul,788,1000,2,55
2026-06-30T04:00,Norte,701,900,3,65
2026-06-30T04:00,Nordeste,936,1100,5,90
2026-06-30T04:00,Sudeste,1448,1600,4,75
2026-06-30T04:00,Sul,839,1000,2,55
2026-06-30T05:00,Norte,776,900,3,65
2026-06-30T05:00,Nordeste,975,1100,5,90
2026-06-30T05:00,Sudeste,1448,1600,4,75
2026-06-30T05:00,Sul,882,1000,2,55
2026-06-30T06:00,Norte,797,900,3,65
2026-06-30T06:00,Nordeste,999,1100,5,90
2026-06-30T06:00,Sudeste,1453,1600,4,75
2026-06-30T06:00,Sul,876,1000,2,55
2026-06-30T07:00,Norte,826,918,3,65
2026-06-30T07:00,Nordeste,1021,1118,5,90
2026-06-30T07:00,Sudeste,1537,1618,4,75
2026-06-30T07:00,Sul,910,1018,2,55
2026-06-30T08:00,Norte,829,934,3,65
2026-06-30T08:00,Nordeste,1039,1134,5,90
2026-06-30T08:00,Sudeste,1544,1634,4,75
2026-06-30T08:00,Sul,939,1034,2,55
2026-06-30T09:00,Norte,911,949,3,65
2026-06-30T09:00,Nordeste,1084,1149,5,90
2026-06-30T09:00,Sudeste,1568,1649,4,75
2026-06-30T09:00,Sul,1011,1049,2,55
2026-06-30T10:00,Norte,910,960,3,65
2026-06-30T10:00,Nordeste,1128,1160,5,90
2026-06-30T10:00,Sudeste,1612,1660,4,75
2026-06-30T10:00,Sul,1013,1060,2,55
2026-06-30T11:00,Norte,913,967,3,65
2026-06-30T11:00,Nordeste,1136,1167,5,90
2026-06-30T11:00,Sudeste,1666,1667,4,75
2026-06-30T11:00,Sul,1020,1067,2,55
2026-06-30T12:00,Norte,947,970,3,65
2026-06-30T12:00,Nordeste,1157,1170,5,90
2026-06-30T12:00,Sudeste,1674,1670,4,75
2026-06-30T12:00,Sul,1071,1070,2,55
2026-06-30T13:00,Norte,955,967,3,65
2026-06-30T13:00,Nordeste,1127,1167,5,90
2026-06-30T13:00,Sudeste,1626,1667,4,75
2026-06-30T13:00,Sul,1060,1067,2,55
2026-06-30T14:00,Norte,929,960,3,65
2026-06-30T14:00,Nordeste,1163,1160,5,90
2026-06-30T14:00,Sudeste,1665,1660,4,75
2026-06-30T14:00,Sul,1058,1060,2,55
2026-06-30T15:00,Norte,935,949,3,65
2026-06-30T15:00,Nordeste,1137,1149,5,90
2026-06-30T15:00,Sudeste,1608,1649,4,75
2026-06-30T15:00,Sul,1002,1049,2,55
2026-06-30T16:00,Norte,921,934,3,65
2026-06-30T16:00,Nordeste,1124,1134,5,90
2026-06-30T16:00,Sudeste,1615,1634,4,75
2026-06-30T16:00,Sul,1003,1034,2,55
2026-06-30T17:00,Norte,909,918,3,65
2026-06-30T17:00,Nordeste,1071,1118,5,90
2026-06-30T17:00,Sudeste,1598,1618,4,75
2026-06-30T17:00,Sul,1005,1018,2,55
2026-06-30T18:00,Norte,850,900,3,65
2026-06-30T18:00,Nordeste,1027,1100,5,90
2026-06-30T18:00,Sudeste,1530,1600,4,75
2026-06-30T18:00,Sul,977,1000,2,55
2026-06-30T19:00,Norte,819,900,3,65
2026-06-30T19:00,Nordeste,991,1100,5,90
2026-06-30T19:00,Sudeste,1491,1600,4,75
2026-06-30T19:00,Sul,926,1000,2,55
2026-06-30T20:00,Norte,807,900,3,65
2026-06-30T20:00,Nordeste,1015,1100,5,90
2026-06-30T20:00,Sudeste,1491,1600,4,75
2026-06-30T20:00,Sul,895,1000,2,55
2026-06-30T21:00,Norte,721,900,3,65
2026-06-30T21:00,Nordeste,939,1100,5,90
2026-06-30T21:00,Sudeste,1471,1600,4,75
2026-06-30T21:00,Sul,848,1000,2,55
2026-06-30T22:00,Norte,744,900,3,65
2026-06-30T22:00,Nordeste,954,1100,5,90
2026-06-30T22:00,Sudeste,1443,1600,4,75
2026-06-30T22:00,Sul,829,1000,2,55
2026-06-30T23:00,Norte,724,900,3,65
2026-06-30T23:00,Nordeste,913,1100,5,90
2026-06-30T23:00,Sudeste,1385,1600,4,75
2026-06-30T23:00,Sul,788,1000,2,55
2026-07-01T00:00,Norte,701,900,3,65
2026-07-01T00:00,Nordeste,874,1100,5,90
2026-07-01T00:00,Sudeste,1377,1600,4,75
2026-07-01T00:00,Sul,794,1000,2,55
2026-07-01T01:00,Norte,717,900,3,65
2026-07-01T01:00,Nordeste,856,1100,5,90
2026-07-01T01:00,Sudeste,1366,1600,4,75
2026-07-01T01:00,Sul,805,1000,2,55
2026-07-01T02:00,Norte,663,900,3,65
2026-07-01T02:00,Nordeste,912,1100,5,90
2026-07-01T02:00,Sudeste,1370,1600,4,75
2026-07-01T02:00,Sul,766,1000,2,55
2026-07-01T03:00,Norte,691,900,3,65
2026-07-01T03:00,Nordeste,933,1100,5,90
2026-07-01T03:00,Sudeste,1402,1600,4,75
2026-07-01T03:00,Sul,804,1000,2,55
2026-07-01T04:00,Norte,756,900,3,65
2026-07-01T04:00,Nordeste,927,1100,5,90
2026-07-01T04:00,Sudeste,1405,1600,4,75
2026-07-01T04:00,Sul,841,1000,2,55
2026-07-01T05:00,Norte,786,900,3,65
2026-07-01T05:00,Nordeste,968,1100,5,90
2026-07-01T05:00,Sudeste,1429,1600,4,75
2026-07-01T05:00,Sul,850,1000,2,55
2026-07-01T06:00,Norte,809,900,3,65
2026-07-01T06:00,Nordeste,974,1100,5,90
2026-07-01T06:00,Sudeste,1501,1600,4,75
2026-07-01T06:00,Sul,909,1000,2,55
2026-07-01T07:00,Norte,829,918,3,65
2026-07-01T07:00,Nordeste,1047,1118,5,90
2026-07-01T07:00,Sudeste,1542,1618,4,75
2026-07-01T07:00,Sul,888,1018,2,55
2026-07-01T08:00,Norte,843,934,3,65
2026-07-01T08:00,Nordeste,1043,1134,5,90
2026-07-01T08:00,Sudeste,1587,1634,4,75
2026-07-01T08:00,Sul,986,1034,2,55
2026-07-01T09:00,Norte,872,949,3,65
2026-07-01T09:00,Nordeste,1060,1149,5,90
2026-07-01T09:00,Sudeste,1573,1649,4,75
2026-07-01T09:00,Sul,1012,1049,2,55
2026-07-01T10:00,Norte,902,960,3,65
2026-07-01T10:00,Nordeste,1080,1160,5,90
2026-07-01T10:00,Sudeste,1610,1660,4,75
2026-07-01T10:00,Sul,1020,1060,2,55
2026-07-01T11:00,Norte,934,967,3,65
2026-07-01T11:00,Nordeste,1120,1167,5,90
2026-07-01T11:00,Sudeste,1657,1667,4,75
2026-07-01T11:00,Sul,1022,1067,2,55
2026-07-01T12:00,Norte,913,970,3,65
2026-07-01T12:00,Nordeste,1155,1170,5,90
2026-07-01T12:00,Sudeste,1633,1670,4,75
2026-07-01T12:00,Sul,1024,1070,2,55
2026-07-01T13:00,Norte,978,967,3,65
2026-07-01T13:00,Nordeste,1177,1167,5,90
2026-07-01T13:00,Sudeste,1636,1667,4,75
2026-07-01T13:00,Sul,1042,1067,2,55
2026-07-01T14:00,Norte,961,960,3,65
2026-07-01T14:00,Nordeste,1161,1160,5,90
2026-07-01T14:00,Sudeste,1671,1660,4,75
2026-07-01T14:00,Sul,1025,1060,2,55
2026-07-01T15:00,Norte,919,949,3,65
2026-07-01T15:00,Nordeste,1138,1149,5,90
2026-07-01T15:00,Sudeste,1607,1649,4,75
2026-07-01T15:00,Sul,1004,1049,2,55
2026-07-01T16:00,Norte,934,934,3,65
2026-07-01T16:00,Nordeste,1131,1134,5,90
2026-07-01T16:00,Sudeste,1592,1634,4,75
2026-07-01T16:00,Sul,1014,1034,2,55
2026-07-01T17:00,Norte,895,918,3,65
2026-07-01T17:00,Nordeste,1054,1118,5,90
2026-07-01T17:00,Sudeste,1572,1618,4,75
2026-07-01T17:00,Sul,993,1018,2,55
2026-07-01T18:00,Norte,819,900,3,65
2026-07-01T18:00,Nordeste,1034,1100,5,90
2026-07-01T18:00,Sudeste,1551,1600,4,75
2026-07-01T18:00,Sul,988,1000,2,55
2026-07-01T19:00,Norte,801,900,3,65
2026-07-01T19:00,Nordeste,1047,1100,5,90
2026-07-01T19:00,Sudeste,1554,1600,4,75
2026-07-01T19:00,Sul,889,1000,2,55
2026-07-01T20:00,Norte,781,900,3,65
2026-07-01T20:00,Nordeste,963,1100,5,90
2026-07-01T20:00,Sudeste,1515,1600,4,75
2026-07-01T20:00,Sul,911,1000,2,55
2026-07-01T21:00,Norte,748,900,3,65
2026-07-01T21:00,Nordeste,953,1100,5,90
2026-07-01T21:00,Sudeste,1460,1600,4,75
2026-07-01T21:00,Sul,875,1000,2,55
2026-07-01T22:00,Norte,730,900,3,65
2026-07-01T22:00,Nordeste,951,1100,5,90
2026-07-01T22:00,Sudeste,1396,1600,4,75
2026-07-01T22:00,Sul,839,1000,2,55
2026-07-01T23:00,Norte,701,900,3,65
2026-07-01T23:00,Nordeste,917,1100,5,90
2026-07-01T23:00,Sudeste,1414,1600,4,75
2026-07-01T23:00,Sul,804,1000,2,55
2026-07-02T00:00,Norte,661,900,3,65
2026-07-02T00:00,Nordeste,872,1100,5,90
2026-07-02T00:00,Sudeste,1375,1600,4,75
2026-07-02T00:00,Sul,771,1000,2,55
2026-07-02T01:00,Norte,707,900,3,65
2026-07-02T01:00,Nordeste,856,1100,5,90
2026-07-02T01:00,Sudeste,1386,1600,4,75
2026-07-02T01:00,Sul,760,1000,2,55
2026-07-02T02:00,Norte,730,900,3,65
2026-07-02T02:00,Nordeste,871,1100,5,90
2026-07-02T02:00,Sudeste,1423,1600,4,75
2026-07-02T02:00,Sul,807,1000,2,55
2026-07-02T03:00,Norte,723,900,3,65
2026-07-02T03:00,Nordeste,895,1100,5,90
2026-07-02T03:00,Sudeste,1428,1600,4,75
2026-07-02T03:00,Sul,793,1000,2,55
2026-07-02T04:00,Norte,723,900,3,65
2026-07-02T04:00,Nordeste,898,1100,5,90
2026-07-02T04:00,Sudeste,1429,1600,4,75
2026-07-02T04:00,Sul,812,1000,2,55
2026-07-02T05:00,Norte,766,900,3,65
2026-07-02T05:00,Nordeste,948,1100,5,90
2026-07-02T05:00,Sudeste,1435,1600,4,75
2026-07-02T05:00,Sul,834,1000,2,55
2026-07-02T06:00,Norte,774,900,3,65
2026-07-02T06:00,Nordeste,1015,1100,5,90
2026-07-02T06:00,Sudeste,1485,1600,4,75
2026-07-02T06:00,Sul,894,1000,2,55
2026-07-02T07:00,Norte,799,918,3,65
2026-07-02T07:00,Nordeste,986,1118,5,90
2026-07-02T07:00,Sudeste,1495,1618,4,75
2026-07-02T07:00,Sul,920,1018,2,55
2026-07-02T08:00,Norte,870,934,3,65
2026-07-02T08:00,Nordeste,1042,1134,5,90
2026-07-02T08:00,Sudeste,1579,1634,4,75
2026-07-02T08:00,Sul,977,1034,2,55
2026-07-02T09:00,Norte,878,949,3,65
2026-07-02T09:00,Nordeste,1101,1149,5,90
2026-07-02T09:00,Sudeste,1591,1649,4,75
2026-07-02T09:00,Sul,1013,1049,2,55
2026-07-02T10:00,Norte,931,960,3,65
2026-07-02T10:00,Nordeste,1128,1160,5,90
2026-07-02T10:00,Sudeste,1614,1660,4,75
2026-07-02T10:00,Sul,992,1060,2,55
2026-07-02T11:00,Norte,949,967,3,65
2026-07-02T11:00,Nordeste,1146,1167,5,90
2026-07-02T11:00,Sudeste,1667,1667,4,75
2026-07-02T11:00,Sul,1041,1067,2,55
2026-07-02T12:00,Norte,918,970,3,65
2026-07-02T12:00,Nordeste,1161,1170,5,90
2026-07-02T12:00,Sudeste,1645,1670,4,75
2026-07-02T12:00,Sul,1054,1070,2,55
2026-07-02T13:00,Norte,980,967,3,65
2026-07-02T13:00,Nordeste,1147,1167,5,90
2026-07-02T13:00,Sudeste,1635,1667,4,75
2026-07-02T13:00,Sul,1077,1067,2,55
2026-07-02T14:00,Norte,914,960,3,65
2026-07-02T14:00,Nordeste,1132,1160,5,90
2026-07-02T14:00,Sudeste,1645,1660,4,75
2026-07-02T14:00,Sul,1027,1060,2,55
2026-07-02T15:00,Norte,924,949,3,65
2026-07-02T15:00,Nordeste,1099,1149,5,90
2026-07-02T15:00,Sudeste,1629,1649,4,75
2026-07-02T15:00,Sul,1059,1049,2,55
2026-07-02T16:00,Norte,905,934,3,65
2026-07-02T16:00,Nordeste,1140,1134,5,90
2026-07-02T16:00,Sudeste,1606,1634,4,75
2026-07-02T16:00,Sul,1025,1034,2,55
2026-07-02T17:00,Norte,884,918,3,65
2026-07-02T17:00,Nordeste,1082,1118,5,90
2026-07-02T17:00,Sudeste,1616,1618,4,75
2026-07-02T17:00,Sul,992,1018,2,55
2026-07-02T18:00,Norte,835,900,3,65
2026-07-02T18:00,Nordeste,1040,1100,5,90
2026-07-02T18:00,Sudeste,1541,1600,4,75
2026-07-02T18:00,Sul,979,1000,2,55
2026-07-02T19:00,Norte,818,900,3,65
2026-07-02T19:00,Nordeste,1038,1100,5,90
2026-07-02T19:00,Sudeste,1525,1600,4,75
2026-07-02T19:00,Sul,910,1000,2,55
2026-07-02T20:00,Norte,804,900,3,65
2026-07-02T20:00,Nordeste,986,1100,5,90
2026-07-02T20:00,Sudeste,1509,1600,4,75
2026-07-02T20:00,Sul,867,1000,2,55
2026-07-02T21:00,Norte,745,900,3,65
2026-07-02T21:00,Nordeste,971,1100,5,90
2026-07-02T21:00,Sudeste,1465,1600,4,75
2026-07-02T21:00,Sul,836,1000,2,55
2026-07-02T22:00,Norte,753,900,3,65
2026-07-02T22:00,Nordeste,905,1100,5,90
2026-07-02T22:00,Sudeste,1394,1600,4,75
2026-07-02T22:00,Sul,840,1000,2,55
2026-07-02T23:00,Norte,712,900,3,65
2026-07-02T23:00,Nordeste,927,1100,5,90
2026-07-02T23:00,Sudeste,1402,1600,4,75
2026-07-02T23:00,Sul,823,1000,2,55
2026-07-03T00:00,Norte,668,900,3,65
2026-07-03T00:00,Nordeste,895,1100,5,90
2026-07-03T00:00,Sudeste,1390,1600,4,75
2026-07-03T00:00,Sul,818,1000,2,55
2026-07-03T01:00,Norte,670,900,3,65
2026-07-03T01:00,Nordeste,864,1100,5,90
2026-07-03T01:00,Sudeste,1396,1600,4,75
2026-07-03T01:00,Sul,756,1000,2,55
2026-07-03T02:00,Norte,710,900,3,65
2026-07-03T02:00,Nordeste,916,1100,5,90
2026-07-03T02:00,Sudeste,1393,1600,4,75
2026-07-03T02:00,Sul,770,1000,2,55
2026-07-03T03:00,Norte,710,900,3,65
2026-07-03T03:00,Nordeste,894,1100,5,90
2026-07-03T03:00,Sudeste,1413,1600,4,75
2026-07-03T03:00,Sul,839,1000,2,55
2026-07-03T04:00,Norte,728,900,3,65
2026-07-03T04:00,Nordeste,923,1100,5,90
2026-07-03T04:00,Sudeste,1443,1600,4,75
2026-07-03T04:00,Sul,843,1000,2,55
2026-07-03T05:00,Norte,742,900,3,65
2026-07-03T05:00,Nordeste,946,1100,5,90
2026-07-03T05:00,Sudeste,1466,1600,4,75
2026-07-03T05:00,Sul,857,1000,2,55
2026-07-03T06:00,Norte,801,900,3,65
2026-07-03T06:00,Nordeste,1018,1100,5,90
2026-07-03T06:00,Sudeste,1522,1600,4,75
2026-07-03T06:00,Sul,854,1000,2,55
2026-07-03T07:00,Norte,827,918,3,65
2026-07-03T07:00,Nordeste,1036,1118,5,90
2026-07-03T07:00,Sudeste,1487,1618,4,75
2026-07-03T07:00,Sul,952,1018,2,55
2026-07-03T08:00,Norte,882,934,3,65
2026-07-03T08:00,Nordeste,1083,1134,5,90
2026-07-03T08:00,Sudeste,1586,1634,4,75
2026-07-03T08:00,Sul,984,1034,2,55
2026-07-03T09:00,Norte,906,949,3,65
2026-07-03T09:00,Nordeste,1082,1149,5,90
2026-07-03T09:00,Sudeste,1596,1649,4,75
2026-07-03T09:00,Sul,975,1049,2,55
2026-07-03T10:00,Norte,880,960,3,65
2026-07-03T10:00,Nordeste,1077,1160,5,90
2026-07-03T10:00,Sudeste,1633,1660,4,75
2026-07-03T10:00,Sul,1041,1060,2,55
2026-07-03T11:00,Norte,925,967,3,65
2026-07-03T11:00,Nordeste,1153,1167,5,90
2026-07-03T11:00,Sudeste,1618,1667,4,75
2026-07-03T11:00,Sul,1042,1067,2,55
2026-07-03T12:00,Norte,969,970,3,65
2026-07-03T12:00,Nordeste,1156,1170,5,90
2026-07-03T12:00,Sudeste,1610,1670,4,75
2026-07-03T12:00,Sul,1051,1070,2,55
2026-07-03T13:00,Norte,928,967,3,65
2026-07-03T13:00,Nordeste,1169,1167,5,90
2026-07-03T13:00,Sudeste,1632,1667,4,75
2026-07-03T13:00,Sul,1052,1067,2,55
2026-07-03T14:00,Norte,973,960,3,65
2026-07-03T14:00,Nordeste,1154,1160,5,90
2026-07-03T14:00,Sudeste,1655,1660,4,75
2026-07-03T14:00,Sul,1039,1060,2,55
2026-07-03T15:00,Norte,930,949,3,65
2026-07-03T15:00,Nordeste,1142,1149,5,90
2026-07-03T15:00,Sudeste,1600,1649,4,75
2026-07-03T15:00,Sul,1037,1049,2,55
2026-07-03T16:00,Norte,900,934,3,65
2026-07-03T16:00,Nordeste,1077,1134,5,90
2026-07-03T16:00,Sudeste,1608,1634,4,75
2026-07-03T16:00,Sul,1035,1034,2,55
2026-07-03T17:00,Norte,893,918,3,65
2026-07-03T17:00,Nordeste,1108,1118,5,90
2026-07-03T17:00,Sudeste,1610,1618,4,75
2026-07-03T17:00,Sul,950,1018,2,55
2026-07-03T18:00,Norte,858,900,3,65
2026-07-03T18:00,Nordeste,1035,1100,5,90
2026-07-03T18:00,Sudeste,1579,1600,4,75
2026-07-03T18:00,Sul,988,1000,2,55
2026-07-03T19:00,Norte,815,900,3,65
2026-07-03T19:00,Nordeste,1012,1100,5,90
2026-07-03T19:00,Sudeste,1498,1600,4,75
2026-07-03T19:00,Sul,927,1000,2,55
2026-07-03T20:00,Norte,783,900,3,65
2026-07-03T20:00,Nordeste,1007,1100,5,90
2026-07-03T20:00,Sudeste,1508,1600,4,75
2026-07-03T20:00,Sul,902,1000,2,55
2026-07-03T21:00,Norte,724,900,3,65
2026-07-03T21:00,Nordeste,969,1100,5,90
2026-07-03T21:00,Sudeste,1484,1600,4,75
2026-07-03T21:00,Sul,865,1000,2,55
2026-07-03T22:00,Norte,714,900,3,65
2026-07-03T22:00,Nordeste,918,1100,5,90
2026-07-03T22:00,Sudeste,1397,1600,4,75
2026-07-03T22:00,Sul,824,1000,2,55
2026-07-03T23:00,Norte,707,900,3,65
2026-07-03T23:00,Nordeste,927,1100,5,90
2026-07-03T23:00,Sudeste,1439,1600,4,75
2026-07-03T23:00,Sul,830,1000,2,55
2026-07-04T00:00,Norte,660,900,3,65
2026-07-04T00:00,Nordeste,867,1100,5,90
2026-07-04T00:00,Sudeste,1422,1600,4,75
2026-07-04T00:00,Sul,791,1000,2,55
2026-07-04T01:00,Norte,687,900,3,65
2026-07-04T01:00,Nordeste,869,1100,5,90
2026-07-04T01:00,Sudeste,1390,1600,4,75
2026-07-04T01:00,Sul,797,1000,2,55
2026-07-04T02:00,Norte,680,900,3,65
2026-07-04T02:00,Nordeste,889,1100,5,90
2026-07-04T02:00,Sudeste,1388,1600,4,75
2026-07-04T02:00,Sul,819,1000,2,55
2026-07-04T03:00,Norte,739,900,3,65
2026-07-04T03:00,Nordeste,943,1100,5,90
2026-07-04T03:00,Sudeste,1407,1600,4,75
2026-07-04T03:00,Sul,814,1000,2,55
2026-07-04T04:00,Norte,698,900,3,65
2026-07-04T04:00,Nordeste,930,1100,5,90
2026-07-04T04:00,Sudeste,1462,1600,4,75
2026-07-04T04:00,Sul,863,1000,2,55
2026-07-04T05:00,Norte,790,900,3,65
2026-07-04T05:00,Nordeste,967,1100,5,90
2026-07-04T05:00,Sudeste,1484,1600,4,75
2026-07-04T05:00,Sul,853,1000,2,55
2026-07-04T06:00,Norte,765,900,3,65
2026-07-04T06:00,Nordeste,962,1100,5,90
2026-07-04T06:00,Sudeste,1496,1600,4,75
2026-07-04T06:00,Sul,865,1000,2,55
2026-07-04T07:00,Norte,790,918,3,65
2026-07-04T07:00,Nordeste,1022,1118,5,90
2026-07-04T07:00,Sudeste,1530,1618,4,75
2026-07-04T07:00,Sul,935,1018,2,55
2026-07-04T08:00,Norte,825,934,3,65
2026-07-04T08:00,Nordeste,1065,1134,5,90
2026-07-04T08:00,Sudeste,1534,1634,4,75
2026-07-04T08:00,Sul,979,1034,2,55
2026-07-04T09:00,Norte,900,949,3,65
2026-07-04T09:00,Nordeste,1060,1149,5,90
2026-07-04T09:00,Sudeste,1602,1649,4,75
2026-07-04T09:00,Sul,1018,1049,2,55
2026-07-04T10:00,Norte,940,960,3,65
2026-07-04T10:00,Nordeste,1095,1160,5,90
2026-07-04T10:00,Sudeste,1608,1660,4,75
2026-07-04T10:00,Sul,1024,1060,2,55
2026-07-04T11:00,Norte,911,967,3,65
2026-07-04T11:00,Nordeste,1117,1167,5,90
2026-07-04T11:00,Sudeste,1652,1667,4,75
2026-07-04T11:00,Sul,1051,1067,2,55
2026-07-04T12:00,Norte,952,970,3,65
2026-07-04T12:00,Nordeste,1165,1170,5,90
2026-07-04T12:00,Sudeste,1630,1670,4,75
2026-07-04T12:00,Sul,1075,1070,2,55
2026-07-04T13:00,Norte,923,967,3,65
2026-07-04T13:00,Nordeste,1178,1167,5,90
2026-07-04T13:00,Sudeste,1623,1667,4,75
2026-07-04T13:00,Sul,1056,1067,2,55
2026-07-04T14:00,Norte,923,960,3,65
2026-07-04T14:00,Nordeste,1148,1160,5,90
2026-07-04T14:00,Sudeste,1647,1660,4,75
2026-07-04T14:00,Sul,1028,1060,2,55
2026-07-04T15:00,Norte,928,949,3,65
2026-07-04T15:00,Nordeste,1138,1149,5,90
2026-07-04T15:00,Sudeste,1663,1649,4,75
2026-07-04T15:00,Sul,999,1049,2,55
2026-07-04T16:00,Norte,914,934,3,65
2026-07-04T16:00,Nordeste,1089,1134,5,90
2026-07-04T16:00,Sudeste,1622,1634,4,75
2026-07-04T16:00,Sul,984,1034,2,55
2026-07-04T17:00,Norte,884,918,3,65
2026-07-04T17:00,Nordeste,1082,1118,5,90
2026-07-04T17:00,Sudeste,1600,1618,4,75
2026-07-04T17:00,Sul,964,1018,2,55
2026-07-04T18:00,Norte,861,900,3,65
2026-07-04T18:00,Nordeste,1033,1100,5,90
2026-07-04T18:00,Sudeste,1558,1600,4,75
2026-07-04T18:00,Sul,974,1000,2,55
2026-07-04T19:00,Norte,849,900,3,65
2026-07-04T19:00,Nordeste,1025,1100,5,90
2026-07-04T19:00,Sudeste,1518,1600,4,75
2026-07-04T19:00,Sul,888,1000,2,55
2026-07-04T20:00,Norte,819,900,3,65
2026-07-04T20:00,Nordeste,961,1100,5,90
2026-07-04T20:00,Sudeste,1475,1600,4,75
2026-07-04T20:00,Sul,912,1000,2,55
2026-07-04T21:00,Norte,788,900,3,65
2026-07-04T21:00,Nordeste,965,1100,5,90
2026-07-04T21:00,Sudeste,1422,1600,4,75
2026-07-04T21:00,Sul,880,1000,2,55
2026-07-04T22:00,Norte,709,900,3,65
2026-07-04T22:00,Nordeste,946,1100,5,90
2026-07-04T22:00,Sudeste,1446,1600,4,75
2026-07-04T22:00,Sul,848,1000,2,55
2026-07-04T23:00,Norte,724,900,3,65
2026-07-04T23:00,Nordeste,917,1100,5,90
2026-07-04T23:00,Sudeste,1395,1600,4,75
2026-07-04T23:00,Sul,807,1000,2,55
2026-07-05T00:00,Norte,688,900,3,65
2026-07-05T00:00,Nordeste,872,1100,5,90
2026-07-05T00:00,Sudeste,1384,1600,4,75
2026-07-05T00:00,Sul,809,1000,2,55
2026-07-05T01:00,Norte,673,900,3,65
2026-07-05T01:00,Nordeste,921,1100,5,90
2026-07-05T01:00,Sudeste,1359,1600,4,75
2026-07-05T01:00,Sul,813,1000,2,55
2026-07-05T02:00,Norte,670,900,3,65
2026-07-05T02:00,Nordeste,897,1100,5,90
2026-07-05T02:00,Sudeste,1373,1600,4,75
2026-07-05T02:00,Sul,799,1000,2,55
2026-07-05T03:00,Norte,697,900,3,65
2026-07-05T03:00,Nordeste,939,1100,5,90
2026-07-05T03:00,Sudeste,1435,1600,4,75
2026-07-05T03:00,Sul,841,1000,2,55
2026-07-05T04:00,Norte,725,900,3,65
2026-07-05T04:00,Nordeste,937,1100,5,90
2026-07-05T04:00,Sudeste,1424,1600,4,75
2026-07-05T04:00,Sul,794,1000,2,55
2026-07-05T05:00,Norte,742,900,3,65
2026-07-05T05:00,Nordeste,950,1100,5,90
2026-07-05T05:00,Sudeste,1450,1600,4,75
2026-07-05T05:00,Sul,880,1000,2,55
2026-07-05T06:00,Norte,798,900,3,65
2026-07-05T06:00,Nordeste,968,1100,5,90
2026-07-05T06:00,Sudeste,1482,1600,4,75
2026-07-05T06:00,Sul,917,1000,2,55
2026-07-05T07:00,Norte,831,918,3,65
2026-07-05T07:00,Nordeste,1040,1118,5,90
2026-07-05T07:00,Sudeste,1513,1618,4,75
2026-07-05T07:00,Sul,888,1018,2,55
2026-07-05T08:00,Norte,872,934,3,65
2026-07-05T08:00,Nordeste,1086,1134,5,90
2026-07-05T08:00,Sudeste,1577,1634,4,75
2026-07-05T08:00,Sul,926,1034,2,55
2026-07-05T09:00,Norte,915,949,3,65
2026-07-05T09:00,Nordeste,1103,1149,5,90
2026-07-05T09:00,Sudeste,1602,1649,4,75
2026-07-05T09:00,Sul,1015,1049,2,55
2026-07-05T10:00,Norte,912,960,3,65
2026-07-05T10:00,Nordeste,1144,1160,5,90
2026-07-05T10:00,Sudeste,1610,1660,4,75
2026-07-05T10:00,Sul,1040,1060,2,55
2026-07-05T11:00,Norte,918,967,3,65
2026-07-05T11:00,Nordeste,1160,1167,5,90
2026-07-05T11:00,Sudeste,1655,1667,4,75
2026-07-05T11:00,Sul,1040,1067,2,55
2026-07-05T12:00,Norte,921,970,3,65
2026-07-05T12:00,Nordeste,1140,1170,5,90
2026-07-05T12:00,Sudeste,1650,1670,4,75
2026-07-05T12:00,Sul,1017,1070,2,55
2026-07-05T13:00,Norte,939,967,3,65
2026-07-05T13:00,Nordeste,1120,1167,5,90
2026-07-05T13:00,Sudeste,1625,1667,4,75
2026-07-05T13:00,Sul,1071,1067,2,55
2026-07-05T14:00,Norte,927,960,3,65
2026-07-05T14:00,Nordeste,1157,1160,5,90
2026-07-05T14:00,Sudeste,1656,1660,4,75
2026-07-05T14:00,Sul,1076,1060,2,55
2026-07-05T15:00,Norte,966,949,3,65
2026-07-05T15:00,Nordeste,1149,1149,5,90
2026-07-05T15:00,Sudeste,1630,1649,4,75
2026-07-05T15:00,Sul,1009,1049,2,55
2026-07-05T16:00,Norte,882,934,3,65
2026-07-05T16:00,Nordeste,1078,1134,5,90
2026-07-05T16:00,Sudeste,1588,1634,4,75
2026-07-05T16:00,Sul,1003,1034,2,55
2026-07-05T17:00,Norte,877,918,3,65
2026-07-05T17:00,Nordeste,1057,1118,5,90
2026-07-05T17:00,Sudeste,1608,1618,4,75
2026-07-05T17:00,Sul,959,1018,2,55
2026-07-05T18:00,Norte,880,900,3,65
2026-07-05T18:00,Nordeste,1085,1100,5,90
2026-07-05T18:00,Sudeste,1567,1600,4,75
2026-07-05T18:00,Sul,938,1000,2,55
2026-07-05T19:00,Norte,795,900,3,65
2026-07-05T19:00,Nordeste,1029,1100,5,90
2026-07-05T19:00,Sudeste,1493,1600,4,75
2026-07-05T19:00,Sul,949,1000,2,55
2026-07-05T20:00,Norte,785,900,3,65
2026-07-05T20:00,Nordeste,987,1100,5,90
2026-07-05T20:00,Sudeste,1487,1600,4,75
2026-07-05T20:00,Sul,864,1000,2,55
2026-07-05T21:00,Norte,726,900,3,65
2026-07-05T21:00,Nordeste,960,1100,5,90
2026-07-05T21:00,Sudeste,1487,1600,4,75
2026-07-05T21:00,Sul,875,1000,2,55
2026-07-05T22:00,Norte,733,900,3,65
2026-07-05T22:00,Nordeste,908,1100,5,90
2026-07-05T22:00,Sudeste,1432,1600,4,75
2026-07-05T22:00,Sul,847,1000,2,55
2026-07-05T23:00,Norte,726,900,3,65
2026-07-05T23:00,Nordeste,887,1100,5,90
2026-07-05T23:00,Sudeste,1379,1600,4,75
2026-07-05T23:00,Sul,780,1000,2,55
2026-07-06T00:00,Norte,703,900,3,65
2026-07-06T00:00,Nordeste,872,1100,5,90
2026-07-06T00:00,Sudeste,1429,1600,4,75
2026-07-06T00:00,Sul,809,1000,2,55
2026-07-06T01:00,Norte,700,900,3,65
2026-07-06T01:00,Nordeste,922,1100,5,90
2026-07-06T01:00,Sudeste,1421,1600,4,75
2026-07-06T01:00,Sul,763,1000,2,55
2026-07-06T02:00,Norte,722,900,3,65
2026-07-06T02:00,Nordeste,909,1100,5,90
2026-07-06T02:00,Sudeste,1415,1600,4,75
2026-07-06T02:00,Sul,764,1000,2,55
2026-07-06T03:00,Norte,695,900,3,65
2026-07-06T03:00,Nordeste,901,1100,5,90
2026-07-06T03:00,Sudeste,1402,1600,4,75
2026-07-06T03:00,Sul,813,1000,2,55
2026-07-06T04:00,Norte,710,900,3,65
2026-07-06T04:00,Nordeste,906,1100,5,90
2026-07-06T04:00,Sudeste,1442,1600,4,75
2026-07-06T04:00,Sul,794,1000,2,55
2026-07-06T05:00,Norte,727,900,3,65
2026-07-06T05:00,Nordeste,943,1100,5,90
2026-07-06T05:00,Sudeste,1480,1600,4,75
2026-07-06T05:00,Sul,875,1000,2,55
2026-07-06T06:00,Norte,779,900,3,65
2026-07-06T06:00,Nordeste,985,1100,5,90
2026-07-06T06:00,Sudeste,1475,1600,4,75
2026-07-06T06:00,Sul,855,1000,2,55
2026-07-06T07:00,Norte,851,918,3,65
2026-07-06T07:00,Nordeste,1053,1118,5,90
2026-07-06T07:00,Sudeste,1548,1618,4,75
2026-07-06T07:00,Sul,885,1018,2,55
2026-07-06T08:00,Norte,852,934,3,65
2026-07-06T08:00,Nordeste,1042,1134,5,90
2026-07-06T08:00,Sudeste,1550,1634,4,75
2026-07-06T08:00,Sul,962,1034,2,55
2026-07-06T09:00,Norte,855,949,3,65
2026-07-06T09:00,Nordeste,1078,1149,5,90
2026-07-06T09:00,Sudeste,1607,1649,4,75
2026-07-06T09:00,Sul,988,1049,2,55
2026-07-06T10:00,Norte,933,960,3,65
2026-07-06T10:00,Nordeste,1079,1160,5,90
2026-07-06T10:00,Sudeste,1640,1660,4,75
2026-07-06T10:00,Sul,1025,1060,2,55
2026-07-06T11:00,Norte,923,967,3,65
2026-07-06T11:00,Nordeste,1163,1167,5,90
2026-07-06T11:00,Sudeste,1644,1667,4,75
2026-07-06T11:00,Sul,1047,1067,2,55
2026-07-06T12:00,Norte,968,970,3,65
2026-07-06T12:00,Nordeste,1151,1170,5,90
2026-07-06T12:00,Sudeste,1610,1670,4,75
2026-07-06T12:00,Sul,1037,1070,2,55
2026-07-06T13:00,Norte,964,967,3,65
2026-07-06T13:00,Nordeste,1148,1167,5,90
2026-07-06T13:00,Sudeste,1657,1667,4,75
2026-07-06T13:00,Sul,1075,1067,2,55
2026-07-06T14:00,Norte,942,960,3,65
2026-07-06T14:00,Nordeste,1159,1160,5,90
2026-07-06T14:00,Sudeste,1627,1660,4,75
2026-07-06T14:00,Sul,1029,1060,2,55
2026-07-06T15:00,Norte,957,949,3,65
2026-07-06T15:00,Nordeste,1153,1149,5,90
2026-07-06T15:00,Sudeste,1623,1649,4,75
2026-07-06T15:00,Sul,1026,1049,2,55
2026-07-06T16:00,Norte,905,934,3,65
2026-07-06T16:00,Nordeste,1079,1134,5,90
2026-07-06T16:00,Sudeste,1627,1634,4,75
2026-07-06T16:00,Sul,1019,1034,2,55
2026-07-06T17:00,Norte,876,918,3,65
2026-07-06T17:00,Nordeste,1092,1118,5,90
2026-07-06T17:00,Sudeste,1580,1618,4,75
2026-07-06T17:00,Sul,980,1018,2,55
2026-07-06T18:00,Norte,882,900,3,65
2026-07-06T18:00,Nordeste,1045,1100,5,90
2026-07-06T18:00,Sudeste,1520,1600,4,75
2026-07-06T18:00,Sul,953,1000,2,55
2026-07-06T19:00,Norte,850,900,3,65
2026-07-06T19:00,Nordeste,1027,1100,5,90
2026-07-06T19:00,Sudeste,1536,1600,4,75
2026-07-06T19:00,Sul,931,1000,2,55
2026-07-06T20:00,Norte,759,900,3,65
2026-07-06T20:00,Nordeste,1021,1100,5,90
2026-07-06T20:00,Sudeste,1475,1600,4,75
2026-07-06T20:00,Sul,909,1000,2,55
2026-07-06T21:00,Norte,724,900,3,65
2026-07-06T21:00,Nordeste,960,1100,5,90
2026-07-06T21:00,Sudeste,1466,1600,4,75
2026-07-06T21:00,Sul,853,1000,2,55
2026-07-06T22:00,Norte,728,900,3,65
2026-07-06T22:00,Nordeste,907,1100,5,90
2026-07-06T22:00,Sudeste,1428,1600,4,75
2026-07-06T22:00,Sul,804,1000,2,55
2026-07-06T23:00,Norte,711,900,3,65
2026-07-06T23:00,Nordeste,911,1100,5,90
2026-07-06T23:00,Sudeste,1400,1600,4,75
2026-07-06T23:00,Sul,786,1000,2,55
2026-07-07T00:00,Norte,695,900,3,65
2026-07-07T00:00,Nordeste,882,1100,5,90
2026-07-07T00:00,Sudeste,1426,1600,4,75
2026-07-07T00:00,Sul,794,1000,2,55
2026-07-07T01:00,Norte,683,900,3,65
2026-07-07T01:00,Nordeste,893,1100,5,90
2026-07-07T01:00,Sudeste,1400,1600,4,75
2026-07-07T01:00,Sul,813,1000,2,55
2026-07-07T02:00,Norte,685,900,3,65
2026-07-07T02:00,Nordeste,873,1100,5,90
2026-07-07T02:00,Sudeste,1393,1600,4,75
2026-07-07T02:00,Sul,788,1000,2,55
2026-07-07T03:00,Norte,704,900,3,65
2026-07-07T03:00,Nordeste,890,1100,5,90
2026-07-07T03:00,Sudeste,1391,1600,4,75
2026-07-07T03:00,Sul,801,1000,2,55
2026-07-07T04:00,Norte,743,900,3,65
2026-07-07T04:00,Nordeste,959,1100,5,90
2026-07-07T04:00,Sudeste,1410,1600,4,75
2026-07-07T04:00,Sul,819,1000,2,55
2026-07-07T05:00,Norte,722,900,3,65
2026-07-07T05:00,Nordeste,923,1100,5,90
2026-07-07T05:00,Sudeste,1445,1600,4,75
2026-07-07T05:00,Sul,836,1000,2,55
2026-07-07T06:00,Norte,802,900,3,65
2026-07-07T06:00,Nordeste,1012,1100,5,90
2026-07-07T06:00,Sudeste,1467,1600,4,75
2026-07-07T06:00,Sul,913,1000,2,55
2026-07-07T07:00,Norte,789,918,3,65
2026-07-07T07:00,Nordeste,1002,1118,5,90
2026-07-07T07:00,Sudeste,1539,1618,4,75
2026-07-07T07:00,Sul,951,1018,2,55
2026-07-07T08:00,Norte,850,934,3,65
2026-07-07T08:00,Nordeste,1025,1134,5,90
2026-07-07T08:00,Sudeste,1534,1634,4,75
2026-07-07T08:00,Sul,974,1034,2,55
2026-07-07T09:00,Norte,851,949,3,65
2026-07-07T09:00,Nordeste,1061,1149,5,90
2026-07-07T09:00,Sudeste,1584,1649,4,75
2026-07-07T09:00,Sul,974,1049,2,55
2026-07-07T10:00,Norte,887,960,3,65
2026-07-07T10:00,Nordeste,1101,1160,5,90
2026-07-07T10:00,Sudeste,1608,1660,4,75
2026-07-07T10:00,Sul,1003,1060,2,55
2026-07-07T11:00,Norte,944,967,3,65
2026-07-07T11:00,Nordeste,1105,1167,5,90
2026-07-07T11:00,Sudeste,1624,1667,4,75
2026-07-07T11:00,Sul,1020,1067,2,55
2026-07-07T12:00,Norte,929,970,3,65
2026-07-07T12:00,Nordeste,1124,1170,5,90
2026-07-07T12:00,Sudeste,1670,1670,4,75
2026-07-07T12:00,Sul,1055,1070,2,55
2026-07-07T13:00,Norte,962,967,3,65
2026-07-07T13:00,Nordeste,1132,1167,5,90
2026-07-07T13:00,Sudeste,1655,1667,4,75
2026-07-07T13:00,Sul,1050,1067,2,55
2026-07-07T14:00,Norte,924,960,3,65
2026-07-07T14:00,Nordeste,1168,1160,5,90
2026-07-07T14:00,Sudeste,1680,1660,4,75
2026-07-07T14:00,Sul,1017,1060,2,55
2026-07-07T15:00,Norte,956,949,3,65
2026-07-07T15:00,Nordeste,1100,1149,5,90
2026-07-07T15:00,Sudeste,1625,1649,4,75
2026-07-07T15:00,Sul,1048,1049,2,55
2026-07-07T16:00,Norte,905,934,3,65
2026-07-07T16:00,Nordeste,1088,1134,5,90
2026-07-07T16:00,Sudeste,1610,1634,4,75
2026-07-07T16:00,Sul,1014,1034,2,55
2026-07-07T17:00,Norte,852,918,3,65
2026-07-07T17:00,Nordeste,1094,1118,5,90
2026-07-07T17:00,Sudeste,1557,1618,4,75
2026-07-07T17:00,Sul,962,1018,2,55
2026-07-07T18:00,Norte,846,900,3,65
2026-07-07T18:00,Nordeste,1034,1100,5,90
2026-07-07T18:00,Sudeste,1534,1600,4,75
2026-07-07T18:00,Sul,959,1000,2,55
2026-07-07T19:00,Norte,811,900,3,65
2026-07-07T19:00,Nordeste,1041,1100,5,90
2026-07-07T19:00,Sudeste,1532,1600,4,75
2026-07-07T19:00,Sul,902,1000,2,55
2026-07-07T20:00,Norte,755,900,3,65
2026-07-07T20:00,Nordeste,1000,1100,5,90
2026-07-07T20:00,Sudeste,1504,1600,4,75
2026-07-07T20:00,Sul,891,1000,2,55
2026-07-07T21:00,Norte,772,900,3,65
2026-07-07T21:00,Nordeste,971,1100,5,90
2026-07-07T21:00,Sudeste,1473,1600,4,75
2026-07-07T21:00,Sul,848,1000,2,55
2026-07-07T22:00,Norte,718,900,3,65
2026-07-07T22:00,Nordeste,910,1100,5,90
2026-07-07T22:00,Sudeste,1443,1600,4,75
2026-07-07T22:00,Sul,829,1000,2,55
2026-07-07T23:00,Norte,720,900,3,65
2026-07-07T23:00,Nordeste,887,1100,5,90
2026-07-07T23:00,Sudeste,1383,1600,4,75
2026-07-07T23:00,Sul,786,1000,2,55
2026-07-08T00:00,Norte,701,900,3,65
2026-07-08T00:00,Nordeste,903,1100,5,90
2026-07-08T00:00,Sudeste,1394,1600,4,75
2026-07-08T00:00,Sul,763,1000,2,55
2026-07-08T01:00,Norte,693,900,3,65
2026-07-08T01:00,Nordeste,890,1100,5,90
2026-07-08T01:00,Sudeste,1394,1600,4,75
2026-07-08T01:00,Sul,821,1000,2,55
2026-07-08T02:00,Norte,661,900,3,65
2026-07-08T02:00,Nordeste,862,1100,5,90
2026-07-08T02:00,Sudeste,1391,1600,4,75
2026-07-08T02:00,Sul,792,1000,2,55
2026-07-08T03:00,Norte,717,900,3,65
2026-07-08T03:00,Nordeste,909,1100,5,90
2026-07-08T03:00,Sudeste,1431,1600,4,75
2026-07-08T03:00,Sul,823,1000,2,55
2026-07-08T04:00,Norte,753,900,3,65
2026-07-08T04:00,Nordeste,927,1100,5,90
2026-07-08T04:00,Sudeste,1454,1600,4,75
2026-07-08T04:00,Sul,833,1000,2,55
2026-07-08T05:00,Norte,790,900,3,65
2026-07-08T05:00,Nordeste,939,1100,5,90
2026-07-08T05:00,Sudeste,1423,1600,4,75
2026-07-08T05:00,Sul,836,1000,2,55
2026-07-08T06:00,Norte,769,900,3,65
2026-07-08T06:00,Nordeste,1007,1100,5,90
2026-07-08T06:00,Sudeste,1492,1600,4,75
2026-07-08T06:00,Sul,872,1000,2,55
2026-07-08T07:00,Norte,803,918,3,65
2026-07-08T07:00,Nordeste,1042,1118,5,90
2026-07-08T07:00,Sudeste,1498,1618,4,75
2026-07-08T07:00,Sul,891,1018,2,55
2026-07-08T08:00,Norte,876,934,3,65
2026-07-08T08:00,Nordeste,1084,1134,5,90
2026-07-08T08:00,Sudeste,1565,1634,4,75
2026-07-08T08:00,Sul,933,1034,2,55
2026-07-08T09:00,Norte,860,949,3,65
2026-07-08T09:00,Nordeste,1118,1149,5,90
2026-07-08T09:00,Sudeste,1614,1649,4,75
2026-07-08T09:00,Sul,950,1049,2,55
2026-07-08T10:00,Norte,915,960,3,65
2026-07-08T10:00,Nordeste,1101,1160,5,90
2026-07-08T10:00,Sudeste,1633,1660,4,75
2026-07-08T10:00,Sul,1038,1060,2,55
2026-07-08T11:00,Norte,906,967,3,65
2026-07-08T11:00,Nordeste,1148,1167,5,90
2026-07-08T11:00,Sudeste,1647,1667,4,75
2026-07-08T11:00,Sul,1019,1067,2,55
2026-07-08T12:00,Norte,960,970,3,65
2026-07-08T12:00,Nordeste,1158,1170,5,90
2026-07-08T12:00,Sudeste,1611,1670,4,75
2026-07-08T12:00,Sul,1043,1070,2,55
2026-07-08T13:00,Norte,985,967,3,65
2026-07-08T13:00,Nordeste,1128,1167,5,90
2026-07-08T13:00,Sudeste,1661,1667,4,75
2026-07-08T13:00,Sul,1047,1067,2,55
2026-07-08T14:00,Norte,923,960,3,65
2026-07-08T14:00,Nordeste,1118,1160,5,90
2026-07-08T14:00,Sudeste,1626,1660,4,75
2026-07-08T14:00,Sul,1052,1060,2,55
2026-07-08T15:00,Norte,957,949,3,65
2026-07-08T15:00,Nordeste,1160,1149,5,90
2026-07-08T15:00,Sudeste,1664,1649,4,75
2026-07-08T15:00,Sul,1020,1049,2,55
2026-07-08T16:00,Norte,910,934,3,65
2026-07-08T16:00,Nordeste,1112,1134,5,90
2026-07-08T16:00,Sudeste,1616,1634,4,75
2026-07-08T16:00,Sul,1011,1034,2,55
2026-07-08T17:00,Norte,901,918,3,65
2026-07-08T17:00,Nordeste,1098,1118,5,90
2026-07-08T17:00,Sudeste,1603,1618,4,75
2026-07-08T17:00,Sul,1003,1018,2,55
2026-07-08T18:00,Norte,827,900,3,65
2026-07-08T18:00,Nordeste,1052,1100,5,90
2026-07-08T18:00,Sudeste,1562,1600,4,75
2026-07-08T18:00,Sul,930,1000,2,55
2026-07-08T19:00,Norte,785,900,3,65
2026-07-08T19:00,Nordeste,1021,1100,5,90
2026-07-08T19:00,Sudeste,1510,1600,4,75
2026-07-08T19:00,Sul,928,1000,2,55
2026-07-08T20:00,Norte,773,900,3,65
2026-07-08T20:00,Nordeste,970,1100,5,90
2026-07-08T20:00,Sudeste,1463,1600,4,75
2026-07-08T20:00,Sul,857,1000,2,55
2026-07-08T21:00,Norte,747,900,3,65
2026-07-08T21:00,Nordeste,949,1100,5,90
2026-07-08T21:00,Sudeste,1442,1600,4,75
2026-07-08T21:00,Sul,868,1000,2,55
2026-07-08T22:00,Norte,753,900,3,65
2026-07-08T22:00,Nordeste,934,1100,5,90
2026-07-08T22:00,Sudeste,1432,1600,4,75
2026-07-08T22:00,Sul,853,1000,2,55
2026-07-08T23:00,Norte,734,900,3,65
2026-07-08T23:00,Nordeste,909,1100,5,90
2026-07-08T23:00,Sudeste,1404,1600,4,75
2026-07-08T23:00,Sul,775,1000,2,55
2026-07-09T00:00,Norte,711,900,3,65
2026-07-09T00:00,Nordeste,866,1100,5,90
2026-07-09T00:00,Sudeste,1389,1600,4,75
2026-07-09T00:00,Sul,807,1000,2,55
2026-07-09T01:00,Norte,686,900,3,65
2026-07-09T01:00,Nordeste,873,1100,5,90
2026-07-09T01:00,Sudeste,1385,1600,4,75
2026-07-09T01:00,Sul,788,1000,2,55
2026-07-09T02:00,Norte,675,900,3,65
2026-07-09T02:00,Nordeste,927,1100,5,90
2026-07-09T02:00,Sudeste,1382,1600,4,75
2026-07-09T02:00,Sul,820,1000,2,55
2026-07-09T03:00,Norte,698,900,3,65
2026-07-09T03:00,Nordeste,933,1100,5,90
2026-07-09T03:00,Sudeste,1407,1600,4,75
2026-07-09T03:00,Sul,800,1000,2,55
2026-07-09T04:00,Norte,710,900,3,65
2026-07-09T04:00,Nordeste,933,1100,5,90
2026-07-09T04:00,Sudeste,1402,1600,4,75
2026-07-09T04:00,Sul,797,1000,2,55
2026-07-09T05:00,Norte,791,900,3,65
2026-07-09T05:00,Nordeste,952,1100,5,90
2026-07-09T05:00,Sudeste,1467,1600,4,75
2026-07-09T05:00,Sul,868,1000,2,55
2026-07-09T06:00,Norte,782,900,3,65
2026-07-09T06:00,Nordeste,1022,1100,5,90
2026-07-09T06:00,Sudeste,1463,1600,4,75
2026-07-09T06:00,Sul,918,1000,2,55
2026-07-09T07:00,Norte,805,918,3,65
2026-07-09T07:00,Nordeste,1015,1118,5,90
2026-07-09T07:00,Sudeste,1490,1618,4,75
2026-07-09T07:00,Sul,930,1018,2,55
2026-07-09T08:00,Norte,874,934,3,65
2026-07-09T08:00,Nordeste,1077,1134,5,90
2026-07-09T08:00,Sudeste,1522,1634,4,75
2026-07-09T08:00,Sul,971,1034,2,55
2026-07-09T09:00,Norte,897,949,3,65
2026-07-09T09:00,Nordeste,1071,1149,5,90
2026-07-09T09:00,Sudeste,1570,1649,4,75
2026-07-09T09:00,Sul,1019,1049,2,55
2026-07-09T10:00,Norte,900,960,3,65
2026-07-09T10:00,Nordeste,1091,1160,5,90
2026-07-09T10:00,Sudeste,1613,1660,4,75
2026-07-09T10:00,Sul,1010,1060,2,55
2026-07-09T11:00,Norte,958,967,3,65
2026-07-09T11:00,Nordeste,1098,1167,5,90
2026-07-09T11:00,Sudeste,1638,1667,4,75
2026-07-09T11:00,Sul,1049,1067,2,55
2026-07-09T12:00,Norte,952,970,3,65
2026-07-09T12:00,Nordeste,1144,1170,5,90
2026-07-09T12:00,Sudeste,1627,1670,4,75
2026-07-09T12:00,Sul,1036,1070,2,55
2026-07-09T13:00,Norte,983,967,3,65
2026-07-09T13:00,Nordeste,1165,1167,5,90
2026-07-09T13:00,Sudeste,1679,1667,4,75
2026-07-09T13:00,Sul,1044,1067,2,55
2026-07-09T14:00,Norte,948,960,3,65
2026-07-09T14:00,Nordeste,1180,1160,5,90
2026-07-09T14:00,Sudeste,1678,1660,4,75
2026-07-09T14:00,Sul,1066,1060,2,55
2026-07-09T15:00,Norte,902,949,3,65
2026-07-09T15:00,Nordeste,1150,1149,5,90
2026-07-09T15:00,Sudeste,1605,1649,4,75
2026-07-09T15:00,Sul,1046,1049,2,55
2026-07-09T16:00,Norte,910,934,3,65
2026-07-09T16:00,Nordeste,1141,1134,5,90
2026-07-09T16:00,Sudeste,1625,1634,4,75
2026-07-09T16:00,Sul,1046,1034,2,55
2026-07-09T17:00,Norte,907,918,3,65
2026-07-09T17:00,Nordeste,1061,1118,5,90
2026-07-09T17:00,Sudeste,1585,1618,4,75
2026-07-09T17:00,Sul,969,1018,2,55
2026-07-09T18:00,Norte,848,900,3,65
2026-07-09T18:00,Nordeste,1030,1100,5,90
2026-07-09T18:00,Sudeste,1579,1600,4,75
2026-07-09T18:00,Sul,967,1000,2,55
2026-07-09T19:00,Norte,785,900,3,65
2026-07-09T19:00,Nordeste,1036,1100,5,90
2026-07-09T19:00,Sudeste,1526,1600,4,75
2026-07-09T19:00,Sul,944,1000,2,55
2026-07-09T20:00,Norte,758,900,3,65
2026-07-09T20:00,Nordeste,959,1100,5,90
2026-07-09T20:00,Sudeste,1498,1600,4,75
2026-07-09T20:00,Sul,877,1000,2,55
2026-07-09T21:00,Norte,758,900,3,65
2026-07-09T21:00,Nordeste,961,1100,5,90
2026-07-09T21:00,Sudeste,1468,1600,4,75
2026-07-09T21:00,Sul,848,1000,2,55
2026-07-09T22:00,Norte,706,900,3,65
2026-07-09T22:00,Nordeste,961,1100,5,90
2026-07-09T22:00,Sudeste,1458,1600,4,75
2026-07-09T22:00,Sul,809,1000,2,55
2026-07-09T23:00,Norte,695,900,3,65
2026-07-09T23:00,Nordeste,899,1100,5,90
2026-07-09T23:00,Sudeste,1412,1600,4,75
2026-07-09T23:00,Sul,827,1000,2,55
2026-07-10T00:00,Norte,720,900,3,65
2026-07-10T00:00,Nordeste,921,1100,5,90
2026-07-10T00:00,Sudeste,1415,1600,4,75
2026-07-10T00:00,Sul,795,1000,2,55
2026-07-10T01:00,Norte,687,900,3,65
2026-07-10T01:00,Nordeste,855,1100,5,90
2026-07-10T01:00,Sudeste,1369,1600,4,75
2026-07-10T01:00,Sul,823,1000,2,55
2026-07-10T02:00,Norte,714,900,3,65
2026-07-10T02:00,Nordeste,921,1100,5,90
2026-07-10T02:00,Sudeste,1407,1600,4,75
2026-07-10T02:00,Sul,797,1000,2,55
2026-07-10T03:00,Norte,677,900,3,65
2026-07-10T03:00,Nordeste,926,1100,5,90
2026-07-10T03:00,Sudeste,1376,1600,4,75
2026-07-10T03:00,Sul,818,1000,2,55
2026-07-10T04:00,Norte,738,900,3,65
2026-07-10T04:00,Nordeste,918,1100,5,90
2026-07-10T04:00,Sudeste,1399,1600,4,75
2026-07-10T04:00,Sul,796,1000,2,55
2026-07-10T05:00,Norte,785,900,3,65
2026-07-10T05:00,Nordeste,955,1100,5,90
2026-07-10T05:00,Sudeste,1487,1600,4,75
2026-07-10T05:00,Sul,842,1000,2,55
2026-07-10T06:00,Norte,801,900,3,65
2026-07-10T06:00,Nordeste,975,1100,5,90
2026-07-10T06:00,Sudeste,1495,1600,4,75
2026-07-10T06:00,Sul,906,1000,2,55
2026-07-10T07:00,Norte,788,918,3,65
2026-07-10T07:00,Nordeste,1045,1118,5,90
2026-07-10T07:00,Sudeste,1550,1618,4,75
2026-07-10T07:00,Sul,887,1018,2,55
2026-07-10T08:00,Norte,872,934,3,65
2026-07-10T08:00,Nordeste,1029,1134,5,90
2026-07-10T08:00,Sudeste,1530,1634,4,75
2026-07-10T08:00,Sul,978,1034,2,55
2026-07-10T09:00,Norte,910,949,3,65
2026-07-10T09:00,Nordeste,1111,1149,5,90
2026-07-10T09:00,Sudeste,1617,1649,4,75
2026-07-10T09:00,Sul,1016,1049,2,55
2026-07-10T10:00,Norte,902,960,3,65
2026-07-10T10:00,Nordeste,1113,1160,5,90
2026-07-10T10:00,Sudeste,1586,1660,4,75
2026-07-10T10:00,Sul,1031,1060,2,55
2026-07-10T11:00,Norte,902,967,3,65
2026-07-10T11:00,Nordeste,1113,1167,5,90
2026-07-10T11:00,Sudeste,1614,1667,4,75
2026-07-10T11:00,Sul,1046,1067,2,55
2026-07-10T12:00,Norte,941,970,3,65
2026-07-10T12:00,Nordeste,1171,1170,5,90
2026-07-10T12:00,Sudeste,1668,1670,4,75
2026-07-10T12:00,Sul,1020,1070,2,55
2026-07-10T13:00,Norte,974,967,3,65
2026-07-10T13:00,Nordeste,1123,1167,5,90
2026-07-10T13:00,Sudeste,1635,1667,4,75
2026-07-10T13:00,Sul,1038,1067,2,55
2026-07-10T14:00,Norte,980,960,3,65
2026-07-10T14:00,Nordeste,1165,1160,5,90
2026-07-10T14:00,Sudeste,1678,1660,4,75
2026-07-10T14:00,Sul,1043,1060,2,55
2026-07-10T15:00,Norte,951,949,3,65
2026-07-10T15:00,Nordeste,1108,1149,5,90
2026-07-10T15:00,Sudeste,1665,1649,4,75
2026-07-10T15:00,Sul,1011,1049,2,55
2026-07-10T16:00,Norte,929,934,3,65
2026-07-10T16:00,Nordeste,1124,1134,5,90
2026-07-10T16:00,Sudeste,1601,1634,4,75
2026-07-10T16:00,Sul,1024,1034,2,55
2026-07-10T17:00,Norte,908,918,3,65
2026-07-10T17:00,Nordeste,1075,1118,5,90
2026-07-10T17:00,Sudeste,1599,1618,4,75
2026-07-10T17:00,Sul,974,1018,2,55
2026-07-10T18:00,Norte,847,900,3,65
2026-07-10T18:00,Nordeste,1060,1100,5,90
2026-07-10T18:00,Sudeste,1553,1600,4,75
2026-07-10T18:00,Sul,929,1000,2,55
2026-07-10T19:00,Norte,806,900,3,65
2026-07-10T19:00,Nordeste,1017,1100,5,90
2026-07-10T19:00,Sudeste,1542,1600,4,75
2026-07-10T19:00,Sul,928,1000,2,55
2026-07-10T20:00,Norte,762,900,3,65
2026-07-10T20:00,Nordeste,1001,1100,5,90
2026-07-10T20:00,Sudeste,1521,1600,4,75
2026-07-10T20:00,Sul,890,1000,2,55
2026-07-10T21:00,Norte,782,900,3,65
2026-07-10T21:00,Nordeste,959,1100,5,90
2026-07-10T21:00,Sudeste,1453,1600,4,75
2026-07-10T21:00,Sul,841,1000,2,55
2026-07-10T22:00,Norte,764,900,3,65
2026-07-10T22:00,Nordeste,915,1100,5,90
2026-07-10T22:00,Sudeste,1452,1600,4,75
2026-07-10T22:00,Sul,852,1000,2,55
2026-07-10T23:00,Norte,700,900,3,65
2026-07-10T23:00,Nordeste,938,1100,5,90
2026-07-10T23:00,Sudeste,1396,1600,4,75
2026-07-10T23:00,Sul,781,1000,2,55
2026-07-11T00:00,Norte,722,900,3,65
2026-07-11T00:00,Nordeste,872,1100,5,90
2026-07-11T00:00,Sudeste,1378,1600,4,75
2026-07-11T00:00,Sul,787,1000,2,55
2026-07-11T01:00,Norte,686,900,3,65
2026-07-11T01:00,Nordeste,906,1100,5,90
2026-07-11T01:00,Sudeste,1417,1600,4,75
2026-07-11T01:00,Sul,822,1000,2,55
2026-07-11T02:00,Norte,667,900,3,65
2026-07-11T02:00,Nordeste,863,1100,5,90
2026-07-11T02:00,Sudeste,1361,1600,4,75
2026-07-11T02:00,Sul,827,1000,2,55
2026-07-11T03:00,Norte,738,900,3,65
2026-07-11T03:00,Nordeste,942,1100,5,90
2026-07-11T03:00,Sudeste,1386,1600,4,75
2026-07-11T03:00,Sul,779,1000,2,55
2026-07-11T04:00,Norte,758,900,3,65
2026-07-11T04:00,Nordeste,918,1100,5,90
2026-07-11T04:00,Sudeste,1419,1600,4,75
2026-07-11T04:00,Sul,823,1000,2,55
2026-07-11T05:00,Norte,743,900,3,65
2026-07-11T05:00,Nordeste,947,1100,5,90
2026-07-11T05:00,Sudeste,1423,1600,4,75
2026-07-11T05:00,Sul,834,1000,2,55
2026-07-11T06:00,Norte,802,900,3,65
2026-07-11T06:00,Nordeste,962,1100,5,90
2026-07-11T06:00,Sudeste,1489,1600,4,75
2026-07-11T06:00,Sul,858,1000,2,55
2026-07-11T07:00,Norte,803,918,3,65
2026-07-11T07:00,Nordeste,1020,1118,5,90
2026-07-11T07:00,Sudeste,1494,1618,4,75
2026-07-11T07:00,Sul,913,1018,2,55
2026-07-11T08:00,Norte,866,934,3,65
2026-07-11T08:00,Nordeste,1081,1134,5,90
2026-07-11T08:00,Sudeste,1568,1634,4,75
2026-07-11T08:00,Sul,963,1034,2,55
2026-07-11T09:00,Norte,851,949,3,65
2026-07-11T09:00,Nordeste,1050,1149,5,90
2026-07-11T09:00,Sudeste,1579,1649,4,75
2026-07-11T09:00,Sul,1013,1049,2,55
2026-07-11T10:00,Norte,910,960,3,65
2026-07-11T10:00,Nordeste,1099,1160,5,90
2026-07-11T10:00,Sudeste,1578,1660,4,75
2026-07-11T10:00,Sul,989,1060,2,55
2026-07-11T11:00,Norte,925,967,3,65
2026-07-11T11:00,Nordeste,1105,1167,5,90
2026-07-11T11:00,Sudeste,1651,1667,4,75
2026-07-11T11:00,Sul,1029,1067,2,55
2026-07-11T12:00,Norte,979,970,3,65
2026-07-11T12:00,Nordeste,1148,1170,5,90
2026-07-11T12:00,Sudeste,1658,1670,4,75
2026-07-11T12:00,Sul,1065,1070,2,55
2026-07-11T13:00,Norte,979,967,3,65
2026-07-11T13:00,Nordeste,1135,1167,5,90
2026-07-11T13:00,Sudeste,1680,1667,4,75
2026-07-11T13:00,Sul,1047,1067,2,55
2026-07-11T14:00,Norte,936,960,3,65
2026-07-11T14:00,Nordeste,1133,1160,5,90
2026-07-11T14:00,Sudeste,1617,1660,4,75
2026-07-11T14:00,Sul,1057,1060,2,55
2026-07-11T15:00,Norte,897,949,3,65
2026-07-11T15:00,Nordeste,1144,1149,5,90
2026-07-11T15:00,Sudeste,1620,1649,4,75
2026-07-11T15:00,Sul,1045,1049,2,55
2026-07-11T16:00,Norte,905,934,3,65
2026-07-11T16:00,Nordeste,1141,1134,5,90
2026-07-11T16:00,Sudeste,1633,1634,4,75
2026-07-11T16:00,Sul,1039,1034,2,55
2026-07-11T17:00,Norte,889,918,3,65
2026-07-11T17:00,Nordeste,1068,1118,5,90
2026-07-11T17:00,Sudeste,1615,1618,4,75
2026-07-11T17:00,Sul,987,1018,2,55
2026-07-11T18:00,Norte,882,900,3,65
2026-07-11T18:00,Nordeste,1074,1100,5,90
2026-07-11T18:00,Sudeste,1575,1600,4,75
2026-07-11T18:00,Sul,978,1000,2,55
2026-07-11T19:00,Norte,802,900,3,65
2026-07-11T19:00,Nordeste,1030,1100,5,90
2026-07-11T19:00,Sudeste,1499,1600,4,75
2026-07-11T19:00,Sul,921,1000,2,55
2026-07-11T20:00,Norte,798,900,3,65
2026-07-11T20:00,Nordeste,1010,1100,5,90
2026-07-11T20:00,Sudeste,1465,1600,4,75
2026-07-11T20:00,Sul,922,1000,2,55
2026-07-11T21:00,Norte,751,900,3,65
2026-07-11T21:00,Nordeste,933,1100,5,90
2026-07-11T21:00,Sudeste,1472,1600,4,75
2026-07-11T21:00,Sul,870,1000,2,55
2026-07-11T22:00,Norte,716,900,3,65
2026-07-11T22:00,Nordeste,935,1100,5,90
2026-07-11T22:00,Sudeste,1399,1600,4,75
2026-07-11T22:00,Sul,848,1000,2,55
2026-07-11T23:00,Norte,701,900,3,65
2026-07-11T23:00,Nordeste,942,1100,5,90
2026-07-11T23:00,Sudeste,1443,1600,4,75
2026-07-11T23:00,Sul,775,1000,2,55
2026-07-12T00:00,Norte,721,900,3,65
2026-07-12T00:00,Nordeste,918,1100,5,90
2026-07-12T00:00,Sudeste,1388,1600,4,75
2026-07-12T00:00,Sul,823,1000,2,55
2026-07-12T01:00,Norte,656,900,3,65
2026-07-12T01:00,Nordeste,883,1100,5,90
2026-07-12T01:00,Sudeste,1355,1600,4,75
2026-07-12T01:00,Sul,781,1000,2,55
2026-07-12T02:00,Norte,716,900,3,65
2026-07-12T02:00,Nordeste,891,1100,5,90
2026-07-12T02:00,Sudeste,1421,1600,4,75
2026-07-12T02:00,Sul,796,1000,2,55
2026-07-12T03:00,Norte,708,900,3,65
2026-07-12T03:00,Nordeste,873,1100,5,90
2026-07-12T03:00,Sudeste,1390,1600,4,75
2026-07-12T03:00,Sul,781,1000,2,55
2026-07-12T04:00,Norte,732,900,3,65
2026-07-12T04:00,Nordeste,894,1100,5,90
2026-07-12T04:00,Sudeste,1396,1600,4,75
2026-07-12T04:00,Sul,846,1000,2,55
2026-07-12T05:00,Norte,791,900,3,65
2026-07-12T05:00,Nordeste,954,1100,5,90
2026-07-12T05:00,Sudeste,1491,1600,4,75
2026-07-12T05:00,Sul,869,1000,2,55
2026-07-12T06:00,Norte,772,900,3,65
2026-07-12T06:00,Nordeste,958,1100,5,90
2026-07-12T06:00,Sudeste,1506,1600,4,75
2026-07-12T06:00,Sul,867,1000,2,55
2026-07-12T07:00,Norte,796,918,3,65
2026-07-12T07:00,Nordeste,988,1118,5,90
2026-07-12T07:00,Sudeste,1523,1618,4,75
2026-07-12T07:00,Sul,924,1018,2,55
2026-07-12T08:00,Norte,819,934,3,65
2026-07-12T08:00,Nordeste,1071,1134,5,90
2026-07-12T08:00,Sudeste,1571,1634,4,75
2026-07-12T08:00,Sul,965,1034,2,55
2026-07-12T09:00,Norte,892,949,3,65
2026-07-12T09:00,Nordeste,1118,1149,5,90
2026-07-12T09:00,Sudeste,1601,1649,4,75
2026-07-12T09:00,Sul,958,1049,2,55
2026-07-12T10:00,Norte,898,960,3,65
2026-07-12T10:00,Nordeste,1130,1160,5,90
2026-07-12T10:00,Sudeste,1596,1660,4,75
2026-07-12T10:00,Sul,1034,1060,2,55
2026-07-12T11:00,Norte,954,967,3,65
2026-07-12T11:00,Nordeste,1100,1167,5,90
2026-07-12T11:00,Sudeste,1646,1667,4,75
2026-07-12T11:00,Sul,1012,1067,2,55
2026-07-12T12:00,Norte,928,970,3,65
2026-07-12T12:00,Nordeste,1154,1170,5,90
2026-07-12T12:00,Sudeste,1625,1670,4,75
2026-07-12T12:00,Sul,1077,1070,2,55
2026-07-12T13:00,Norte,966,967,3,65
2026-07-12T13:00,Nordeste,1141,1167,5,90
2026-07-12T13:00,Sudeste,1675,1667,4,75
2026-07-12T13:00,Sul,1038,1067,2,55
2026-07-12T14:00,Norte,942,960,3,65
2026-07-12T14:00,Nordeste,1139,1160,5,90
2026-07-12T14:00,Sudeste,1638,1660,4,75
2026-07-12T14:00,Sul,1071,1060,2,55
2026-07-12T15:00,Norte,935,949,3,65
2026-07-12T15:00,Nordeste,1157,1149,5,90
2026-07-12T15:00,Sudeste,1658,1649,4,75
2026-07-12T15:00,Sul,1032,1049,2,55
2026-07-12T16:00,Norte,925,934,3,65
2026-07-12T16:00,Nordeste,1087,1134,5,90
2026-07-12T16:00,Sudeste,1595,1634,4,75
2026-07-12T16:00,Sul,1043,1034,2,55
2026-07-12T17:00,Norte,895,918,3,65
2026-07-12T17:00,Nordeste,1115,1118,5,90
2026-07-12T17:00,Sudeste,1612,1618,4,75
2026-07-12T17:00,Sul,976,1018,2,55
2026-07-12T18:00,Norte,848,900,3,65
2026-07-12T18:00,Nordeste,1056,1100,5,90
2026-07-12T18:00,Sudeste,1586,1600,4,75
2026-07-12T18:00,Sul,924,1000,2,55
2026-07-12T19:00,Norte,823,900,3,65
2026-07-12T19:00,Nordeste,1007,1100,5,90
2026-07-12T19:00,Sudeste,1526,1600,4,75
2026-07-12T19:00,Sul,927,1000,2,55
2026-07-12T20:00,Norte,816,900,3,65
2026-07-12T20:00,Nordeste,978,1100,5,90
2026-07-12T20:00,Sudeste,1454,1600,4,75
2026-07-12T20:00,Sul,919,1000,2,55
2026-07-12T21:00,Norte,787,900,3,65
2026-07-12T21:00,Nordeste,983,1100,5,90
2026-07-12T21:00,Sudeste,1448,1600,4,75
2026-07-12T21:00,Sul,856,1000,2,55
2026-07-12T22:00,Norte,734,900,3,65
2026-07-12T22:00,Nordeste,939,1100,5,90
2026-07-12T22:00,Sudeste,1397,1600,4,75
2026-07-12T22:00,Sul,835,1000,2,55
2026-07-12T23:00,Norte,729,900,3,65
2026-07-12T23:00,Nordeste,941,1100,5,90
2026-07-12T23:00,Sudeste,1423,1600,4,75
2026-07-12T23:00,Sul,833,1000,2,55
2026-07-13T00:00,Norte,702,900,3,65
2026-07-13T00:00,Nordeste,926,1100,5,90
2026-07-13T00:00,Sudeste,1387,1600,4,75
2026-07-13T00:00,Sul,784,1000,2,55
2026-07-13T01:00,Norte,691,900,3,65
2026-07-13T01:00,Nordeste,897,1100,5,90
2026-07-13T01:00,Sudeste,1423,1600,4,75
2026-07-13T01:00,Sul,772,1000,2,55
2026-07-13T02:00,Norte,676,900,3,65
2026-07-13T02:00,Nordeste,906,1100,5,90
2026-07-13T02:00,Sudeste,1379,1600,4,75
2026-07-13T02:00,Sul,771,1000,2,55
2026-07-13T03:00,Norte,674,900,3,65
2026-07-13T03:00,Nordeste,885,1100,5,90
2026-07-13T03:00,Sudeste,1399,1600,4,75
2026-07-13T03:00,Sul,829,1000,2,55
2026-07-13T04:00,Norte,763,900,3,65
2026-07-13T04:00,Nordeste,952,1100,5,90
2026-07-13T04:00,Sudeste,1434,1600,4,75
2026-07-13T04:00,Sul,802,1000,2,55
2026-07-13T05:00,Norte,723,900,3,65
2026-07-13T05:00,Nordeste,963,1100,5,90
2026-07-13T05:00,Sudeste,1434,1600,4,75
2026-07-13T05:00,Sul,840,1000,2,55
2026-07-13T06:00,Norte,777,900,3,65
2026-07-13T06:00,Nordeste,1008,1100,5,90
2026-07-13T06:00,Sudeste,1497,1600,4,75
2026-07-13T06:00,Sul,897,1000,2,55
2026-07-13T07:00,Norte,834,918,3,65
2026-07-13T07:00,Nordeste,1042,1118,5,90
2026-07-13T07:00,Sudeste,1487,1618,4,75
2026-07-13T07:00,Sul,896,1018,2,55
2026-07-13T08:00,Norte,886,934,3,65
2026-07-13T08:00,Nordeste,1074,1134,5,90
2026-07-13T08:00,Sudeste,1528,1634,4,75
2026-07-13T08:00,Sul,949,1034,2,55
2026-07-13T09:00,Norte,882,949,3,65
2026-07-13T09:00,Nordeste,1059,1149,5,90
2026-07-13T09:00,Sudeste,1577,1649,4,75
2026-07-13T09:00,Sul,959,1049,2,55
2026-07-13T10:00,Norte,931,960,3,65
2026-07-13T10:00,Nordeste,1100,1160,5,90
2026-07-13T10:00,Sudeste,1583,1660,4,75
2026-07-13T10:00,Sul,1045,1060,2,55
2026-07-13T11:00,Norte,918,967,3,65
2026-07-13T11:00,Nordeste,1128,1167,5,90
2026-07-13T11:00,Sudeste,1617,1667,4,75
2026-07-13T11:00,Sul,1059,1067,2,55
2026-07-13T12:00,Norte,949,970,3,65
2026-07-13T12:00,Nordeste,1120,1170,5,90
2026-07-13T12:00,Sudeste,1655,1670,4,75
2026-07-13T12:00,Sul,1010,1070,2,55
2026-07-13T13:00,Norte,939,967,3,65
2026-07-13T13:00,Nordeste,1160,1167,5,90
2026-07-13T13:00,Sudeste,1679,1667,4,75
2026-07-13T13:00,Sul,1016,1067,2,55
2026-07-13T14:00,Norte,976,960,3,65
2026-07-13T14:00,Nordeste,1176,1160,5,90
2026-07-13T14:00,Sudeste,1645,1660,4,75
2026-07-13T14:00,Sul,1061,1060,2,55
2026-07-13T15:00,Norte,924,949,3,65
2026-07-13T15:00,Nordeste,1097,1149,5,90
2026-07-13T15:00,Sudeste,1657,1649,4,75
2026-07-13T15:00,Sul,1021,1049,2,55
2026-07-13T16:00,Norte,915,934,3,65
2026-07-13T16:00,Nordeste,1111,1134,5,90
2026-07-13T16:00,Sudeste,1613,1634,4,75
2026-07-13T16:00,Sul,1009,1034,2,55
2026-07-13T17:00,Norte,850,918,3,65
2026-07-13T17:00,Nordeste,1100,1118,5,90
2026-07-13T17:00,Sudeste,1594,1618,4,75
2026-07-13T17:00,Sul,1005,1018,2,55
2026-07-13T18:00,Norte,864,900,3,65
2026-07-13T18:00,Nordeste,1075,1100,5,90
2026-07-13T18:00,Sudeste,1535,1600,4,75
2026-07-13T18:00,Sul,939,1000,2,55
2026-07-13T19:00,Norte,843,900,3,65
2026-07-13T19:00,Nordeste,1002,1100,5,90
2026-07-13T19:00,Sudeste,1534,1600,4,75
2026-07-13T19:00,Sul,927,1000,2,55
2026-07-13T20:00,Norte,775,900,3,65
2026-07-13T20:00,Nordeste,1018,1100,5,90
2026-07-13T20:00,Sudeste,1502,1600,4,75
2026-07-13T20:00,Sul,916,1000,2,55
2026-07-13T21:00,Norte,741,900,3,65
2026-07-13T21:00,Nordeste,991,1100,5,90
2026-07-13T21:00,Sudeste,1483,1600,4,75
2026-07-13T21:00,Sul,850,1000,2,55
2026-07-13T22:00,Norte,721,900,3,65
2026-07-13T22:00,Nordeste,902,1100,5,90
2026-07-13T22:00,Sudeste,1453,1600,4,75
2026-07-13T22:00,Sul,828,1000,2,55
2026-07-13T23:00,Norte,682,900,3,65
2026-07-13T23:00,Nordeste,920,1100,5,90
2026-07-13T23:00,Sudeste,1404,1600,4,75
2026-07-13T23:00,Sul,791,1000,2,55
2026-07-14T00:00,Norte,668,900,3,65
2026-07-14T00:00,Nordeste,890,1100,5,90
2026-07-14T00:00,Sudeste,1430,1600,4,75
2026-07-14T00:00,Sul,825,1000,2,55
2026-07-14T01:00,Norte,668,900,3,65
2026-07-14T01:00,Nordeste,901,1100,5,90
2026-07-14T01:00,Sudeste,1372,1600,4,75
2026-07-14T01:00,Sul,816,1000,2,55
2026-07-14T02:00,Norte,710,900,3,65
2026-07-14T02:00,Nordeste,923,1100,5,90
2026-07-14T02:00,Sudeste,1374,1600,4,75
2026-07-14T02:00,Sul,775,1000,2,55
2026-07-14T03:00,Norte,705,900,3,65
2026-07-14T03:00,Nordeste,873,1100,5,90
2026-07-14T03:00,Sudeste,1402,1600,4,75
2026-07-14T03:00,Sul,833,1000,2,55
2026-07-14T04:00,Norte,728,900,3,65
2026-07-14T04:00,Nordeste,904,1100,5,90
2026-07-14T04:00,Sudeste,1442,1600,4,75
2026-07-14T04:00,Sul,797,1000,2,55
2026-07-14T05:00,Norte,762,900,3,65
2026-07-14T05:00,Nordeste,937,1100,5,90
2026-07-14T05:00,Sudeste,1487,1600,4,75
2026-07-14T05:00,Sul,833,1000,2,55
2026-07-14T06:00,Norte,787,900,3,65
2026-07-14T06:00,Nordeste,987,1100,5,90
2026-07-14T06:00,Sudeste,1516,1600,4,75
2026-07-14T06:00,Sul,872,1000,2,55
2026-07-14T07:00,Norte,847,918,3,65
2026-07-14T07:00,Nordeste,1009,1118,5,90
2026-07-14T07:00,Sudeste,1524,1618,4,75
2026-07-14T07:00,Sul,895,1018,2,55
2026-07-14T08:00,Norte,867,934,3,65
2026-07-14T08:00,Nordeste,1043,1134,5,90
2026-07-14T08:00,Sudeste,1522,1634,4,75
2026-07-14T08:00,Sul,946,1034,2,55
2026-07-14T09:00,Norte,887,949,3,65
2026-07-14T09:00,Nordeste,1071,1149,5,90
2026-07-14T09:00,Sudeste,1583,1649,4,75
2026-07-14T09:00,Sul,951,1049,2,55
2026-07-14T10:00,Norte,906,960,3,65
2026-07-14T10:00,Nordeste,1113,1160,5,90
2026-07-14T10:00,Sudeste,1604,1660,4,75
2026-07-14T10:00,Sul,1005,1060,2,55
2026-07-14T11:00,Norte,905,967,3,65
2026-07-14T11:00,Nordeste,1119,1167,5,90
2026-07-14T11:00,Sudeste,1656,1667,4,75
2026-07-14T11:00,Sul,1027,1067,2,55
2026-07-14T12:00,Norte,967,970,3,65
2026-07-14T12:00,Nordeste,1159,1170,5,90
2026-07-14T12:00,Sudeste,1616,1670,4,75
2026-07-14T12:00,Sul,1022,1070,2,55
2026-07-14T13:00,Norte,980,967,3,65
2026-07-14T13:00,Nordeste,1169,1167,5,90
2026-07-14T13:00,Sudeste,1654,1667,4,75
2026-07-14T13:00,Sul,1057,1067,2,55
2026-07-14T14:00,Norte,971,960,3,65
2026-07-14T14:00,Nordeste,1176,1160,5,90
2026-07-14T14:00,Sudeste,1620,1660,4,75
2026-07-14T14:00,Sul,1054,1060,2,55
2026-07-14T15:00,Norte,941,949,3,65
2026-07-14T15:00,Nordeste,1097,1149,5,90
2026-07-14T15:00,Sudeste,1635,1649,4,75
2026-07-14T15:00,Sul,997,1049,2,55
2026-07-14T16:00,Norte,916,934,3,65
2026-07-14T16:00,Nordeste,1106,1134,5,90
2026-07-14T16:00,Sudeste,1612,1634,4,75
2026-07-14T16:00,Sul,1015,1034,2,55
2026-07-14T17:00,Norte,875,918,3,65
2026-07-14T17:00,Nordeste,1100,1118,5,90
2026-07-14T17:00,Sudeste,1578,1618,4,75
2026-07-14T17:00,Sul,979,1018,2,55
2026-07-14T18:00,Norte,888,900,3,65
2026-07-14T18:00,Nordeste,1065,1100,5,90
2026-07-14T18:00,Sudeste,1572,1600,4,75
2026-07-14T18:00,Sul,974,1000,2,55
2026-07-14T19:00,Norte,845,900,3,65
2026-07-14T19:00,Nordeste,1025,1100,5,90
2026-07-14T19:00,Sudeste,1494,1600,4,75
2026-07-14T19:00,Sul,942,1000,2,55
2026-07-14T20:00,Norte,767,900,3,65
2026-07-14T20:00,Nordeste,956,1100,5,90
2026-07-14T20:00,Sudeste,1522,1600,4,75
2026-07-14T20:00,Sul,887,1000,2,55
2026-07-14T21:00,Norte,764,900,3,65
2026-07-14T21:00,Nordeste,936,1100,5,90
2026-07-14T21:00,Sudeste,1431,1600,4,75
2026-07-14T21:00,Sul,884,1000,2,55
2026-07-14T22:00,Norte,695,900,3,65
2026-07-14T22:00,Nordeste,901,1100,5,90
2026-07-14T22:00,Sudeste,1402,1600,4,75
2026-07-14T22:00,Sul,833,1000,2,55
2026-07-14T23:00,Norte,709,900,3,65
2026-07-14T23:00,Nordeste,878,1100,5,90
2026-07-14T23:00,Sudeste,1407,1600,4,75
2026-07-14T23:00,Sul,816,1000,2,55
2026-07-15T00:00,Norte,691,900,3,65
2026-07-15T00:00,Nordeste,890,1100,5,90
2026-07-15T00:00,Sudeste,1384,1600,4,75
2026-07-15T00:00,Sul,792,1000,2,55
2026-07-15T01:00,Norte,669,900,3,65
2026-07-15T01:00,Nordeste,900,1100,5,90
2026-07-15T01:00,Sudeste,1356,1600,4,75
2026-07-15T01:00,Sul,812,1000,2,55
2026-07-15T02:00,Norte,668,900,3,65
2026-07-15T02:00,Nordeste,891,1100,5,90
2026-07-15T02:00,Sudeste,1389,1600,4,75
2026-07-15T02:00,Sul,781,1000,2,55
2026-07-15T03:00,Norte,731,900,3,65
2026-07-15T03:00,Nordeste,919,1100,5,90
2026-07-15T03:00,Sudeste,1411,1600,4,75
2026-07-15T03:00,Sul,837,1000,2,55
2026-07-15T04:00,Norte,716,900,3,65
2026-07-15T04:00,Nordeste,943,1100,5,90
2026-07-15T04:00,Sudeste,1453,1600,4,75
2026-07-15T04:00,Sul,836,1000,2,55
2026-07-15T05:00,Norte,724,900,3,65
2026-07-15T05:00,Nordeste,949,1100,5,90
2026-07-15T05:00,Sudeste,1454,1600,4,75
2026-07-15T05:00,Sul,831,1000,2,55
2026-07-15T06:00,Norte,819,900,3,65
2026-07-15T06:00,Nordeste,983,1100,5,90
2026-07-15T06:00,Sudeste,1496,1600,4,75
2026-07-15T06:00,Sul,869,1000,2,55
2026-07-15T07:00,Norte,808,918,3,65
2026-07-15T07:00,Nordeste,1008,1118,5,90
2026-07-15T07:00,Sudeste,1489,1618,4,75
2026-07-15T07:00,Sul,933,1018,2,55
2026-07-15T08:00,Norte,886,934,3,65
2026-07-15T08:00,Nordeste,1068,1134,5,90
2026-07-15T08:00,Sudeste,1527,1634,4,75
2026-07-15T08:00,Sul,981,1034,2,55
2026-07-15T09:00,Norte,910,949,3,65
2026-07-15T09:00,Nordeste,1072,1149,5,90
2026-07-15T09:00,Sudeste,1589,1649,4,75
2026-07-15T09:00,Sul,969,1049,2,55
2026-07-15T10:00,Norte,890,960,3,65
2026-07-15T10:00,Nordeste,1113,1160,5,90
2026-07-15T10:00,Sudeste,1577,1660,4,75
2026-07-15T10:00,Sul,997,1060,2,55
2026-07-15T11:00,Norte,945,967,3,65
2026-07-15T11:00,Nordeste,1112,1167,5,90
2026-07-15T11:00,Sudeste,1623,1667,4,75
2026-07-15T11:00,Sul,1067,1067,2,55
2026-07-15T12:00,Norte,920,970,3,65
2026-07-15T12:00,Nordeste,1147,1170,5,90
2026-07-15T12:00,Sudeste,1679,1670,4,75
2026-07-15T12:00,Sul,1035,1070,2,55
2026-07-15T13:00,Norte,940,967,3,65
2026-07-15T13:00,Nordeste,1136,1167,5,90
2026-07-15T13:00,Sudeste,1624,1667,4,75
2026-07-15T13:00,Sul,1084,1067,2,55
2026-07-15T14:00,Norte,934,960,3,65
2026-07-15T14:00,Nordeste,1114,1160,5,90
2026-07-15T14:00,Sudeste,1641,1660,4,75
2026-07-15T14:00,Sul,1045,1060,2,55
2026-07-15T15:00,Norte,898,949,3,65
2026-07-15T15:00,Nordeste,1148,1149,5,90
2026-07-15T15:00,Sudeste,1621,1649,4,75
2026-07-15T15:00,Sul,1066,1049,2,55
2026-07-15T16:00,Norte,912,934,3,65
2026-07-15T16:00,Nordeste,1076,1134,5,90
2026-07-15T16:00,Sudeste,1629,1634,4,75
2026-07-15T16:00,Sul,976,1034,2,55
2026-07-15T17:00,Norte,909,918,3,65
2026-07-15T17:00,Nordeste,1099,1118,5,90
2026-07-15T17:00,Sudeste,1575,1618,4,75
2026-07-15T17:00,Sul,1000,1018,2,55
2026-07-15T18:00,Norte,888,900,3,65
2026-07-15T18:00,Nordeste,1026,1100,5,90
2026-07-15T18:00,Sudeste,1540,1600,4,75
2026-07-15T18:00,Sul,952,1000,2,55
2026-07-15T19:00,Norte,855,900,3,65
2026-07-15T19:00,Nordeste,1049,1100,5,90
2026-07-15T19:00,Sudeste,1543,1600,4,75
2026-07-15T19:00,Sul,923,1000,2,55
2026-07-15T20:00,Norte,811,900,3,65
2026-07-15T20:00,Nordeste,1022,1100,5,90
2026-07-15T20:00,Sudeste,1501,1600,4,75
2026-07-15T20:00,Sul,889,1000,2,55
2026-07-15T21:00,Norte,771,900,3,65
2026-07-15T21:00,Nordeste,967,1100,5,90
2026-07-15T21:00,Sudeste,1480,1600,4,75
2026-07-15T21:00,Sul,822,1000,2,55
2026-07-15T22:00,Norte,706,900,3,65
2026-07-15T22:00,Nordeste,919,1100,5,90
2026-07-15T22:00,Sudeste,1402,1600,4,75
2026-07-15T22:00,Sul,852,1000,2,55
2026-07-15T23:00,Norte,693,900,3,65
2026-07-15T23:00,Nordeste,888,1100,5,90
2026-07-15T23:00,Sudeste,1405,1600,4,75
2026-07-15T23:00,Sul,809,1000,2,55
2026-07-16T00:00,Norte,661,900,3,65
2026-07-16T00:00,Nordeste,911,1100,5,90
2026-07-16T00:00,Sudeste,1360,1600,4,75
2026-07-16T00:00,Sul,772,1000,2,55
2026-07-16T01:00,Norte,678,900,3,65
2026-07-16T01:00,Nordeste,916,1100,5,90
2026-07-16T01:00,Sudeste,1372,1600,4,75
2026-07-16T01:00,Sul,785,1000,2,55
2026-07-16T02:00,Norte,698,900,3,65
2026-07-16T02:00,Nordeste,918,1100,5,90
2026-07-16T02:00,Sudeste,1394,1600,4,75
2026-07-16T02:00,Sul,819,1000,2,55
2026-07-16T03:00,Norte,700,900,3,65
2026-07-16T03:00,Nordeste,897,1100,5,90
2026-07-16T03:00,Sudeste,1433,1600,4,75
2026-07-16T03:00,Sul,801,1000,2,55
2026-07-16T04:00,Norte,748,900,3,65
2026-07-16T04:00,Nordeste,935,1100,5,90
2026-07-16T04:00,Sudeste,1439,1600,4,75
2026-07-16T04:00,Sul,807,1000,2,55
2026-07-16T05:00,Norte,743,900,3,65
2026-07-16T05:00,Nordeste,922,1100,5,90
2026-07-16T05:00,Sudeste,1438,1600,4,75
2026-07-16T05:00,Sul,877,1000,2,55
2026-07-16T06:00,Norte,781,900,3,65
2026-07-16T06:00,Nordeste,989,1100,5,90
2026-07-16T06:00,Sudeste,1520,1600,4,75
2026-07-16T06:00,Sul,876,1000,2,55
2026-07-16T07:00,Norte,850,918,3,65
2026-07-16T07:00,Nordeste,1027,1118,5,90
2026-07-16T07:00,Sudeste,1540,1618,4,75
2026-07-16T07:00,Sul,898,1018,2,55
2026-07-16T08:00,Norte,874,934,3,65
2026-07-16T08:00,Nordeste,1073,1134,5,90
2026-07-16T08:00,Sudeste,1563,1634,4,75
2026-07-16T08:00,Sul,957,1034,2,55
2026-07-16T09:00,Norte,859,949,3,65
2026-07-16T09:00,Nordeste,1119,1149,5,90
2026-07-16T09:00,Sudeste,1575,1649,4,75
2026-07-16T09:00,Sul,967,1049,2,55
2026-07-16T10:00,Norte,938,960,3,65
2026-07-16T10:00,Nordeste,1087,1160,5,90
2026-07-16T10:00,Sudeste,1582,1660,4,75
2026-07-16T10:00,Sul,979,1060,2,55
2026-07-16T11:00,Norte,951,967,3,65
2026-07-16T11:00,Nordeste,1134,1167,5,90
2026-07-16T11:00,Sudeste,1620,1667,4,75
2026-07-16T11:00,Sul,1055,1067,2,55
2026-07-16T12:00,Norte,951,970,3,65
2026-07-16T12:00,Nordeste,1144,1170,5,90
2026-07-16T12:00,Sudeste,1637,1670,4,75
2026-07-16T12:00,Sul,1041,1070,2,55
2026-07-16T13:00,Norte,985,967,3,65
2026-07-16T13:00,Nordeste,1130,1167,5,90
2026-07-16T13:00,Sudeste,1617,1667,4,75
2026-07-16T13:00,Sul,1037,1067,2,55
2026-07-16T14:00,Norte,911,960,3,65
2026-07-16T14:00,Nordeste,1134,1160,5,90
2026-07-16T14:00,Sudeste,1649,1660,4,75
2026-07-16T14:00,Sul,1029,1060,2,55
2026-07-16T15:00,Norte,898,949,3,65
2026-07-16T15:00,Nordeste,1146,1149,5,90
2026-07-16T15:00,Sudeste,1665,1649,4,75
2026-07-16T15:00,Sul,1015,1049,2,55
2026-07-16T16:00,Norte,907,934,3,65
2026-07-16T16:00,Nordeste,1133,1134,5,90
2026-07-16T16:00,Sudeste,1586,1634,4,75
2026-07-16T16:00,Sul,1045,1034,2,55
2026-07-16T17:00,Norte,864,918,3,65
2026-07-16T17:00,Nordeste,1064,1118,5,90
2026-07-16T17:00,Sudeste,1588,1618,4,75
2026-07-16T17:00,Sul,980,1018,2,55
2026-07-16T18:00,Norte,844,900,3,65
2026-07-16T18:00,Nordeste,1076,1100,5,90
2026-07-16T18:00,Sudeste,1537,1600,4,75
2026-07-16T18:00,Sul,969,1000,2,55
2026-07-16T19:00,Norte,843,900,3,65
2026-07-16T19:00,Nordeste,1025,1100,5,90
2026-07-16T19:00,Sudeste,1502,1600,4,75
2026-07-16T19:00,Sul,948,1000,2,55
2026-07-16T20:00,Norte,811,900,3,65
2026-07-16T20:00,Nordeste,1012,1100,5,90
2026-07-16T20:00,Sudeste,1498,1600,4,75
2026-07-16T20:00,Sul,886,1000,2,55
2026-07-16T21:00,Norte,749,900,3,65
2026-07-16T21:00,Nordeste,973,1100,5,90
2026-07-16T21:00,Sudeste,1449,1600,4,75
2026-07-16T21:00,Sul,845,1000,2,55
2026-07-16T22:00,Norte,708,900,3,65
2026-07-16T22:00,Nordeste,946,1100,5,90
2026-07-16T22:00,Sudeste,1422,1600,4,75
2026-07-16T22:00,Sul,803,1000,2,55
2026-07-16T23:00,Norte,688,900,3,65
2026-07-16T23:00,Nordeste,917,1100,5,90
2026-07-16T23:00,Sudeste,1414,1600,4,75
2026-07-16T23:00,Sul,793,1000,2,55
2026-07-17T00:00,Norte,684,900,3,65
2026-07-17T00:00,Nordeste,920,1100,5,90
2026-07-17T00:00,Sudeste,1369,1600,4,75
2026-07-17T00:00,Sul,792,1000,2,55
2026-07-17T01:00,Norte,713,900,3,65
2026-07-17T01:00,Nordeste,910,1100,5,90
2026-07-17T01:00,Sudeste,1420,1600,4,75
2026-07-17T01:00,Sul,766,1000,2,55
2026-07-17T02:00,Norte,676,900,3,65
2026-07-17T02:00,Nordeste,916,1100,5,90
2026-07-17T02:00,Sudeste,1372,1600,4,75
2026-07-17T02:00,Sul,772,1000,2,55
2026-07-17T03:00,Norte,696,900,3,65
2026-07-17T03:00,Nordeste,936,1100,5,90
2026-07-17T03:00,Sudeste,1399,1600,4,75
2026-07-17T03:00,Sul,829,1000,2,55
2026-07-17T04:00,Norte,695,900,3,65
2026-07-17T04:00,Nordeste,902,1100,5,90
2026-07-17T04:00,Sudeste,1406,1600,4,75
2026-07-17T04:00,Sul,794,1000,2,55
2026-07-17T05:00,Norte,775,900,3,65
2026-07-17T05:00,Nordeste,965,1100,5,90
2026-07-17T05:00,Sudeste,1453,1600,4,75
2026-07-17T05:00,Sul,890,1000,2,55
2026-07-17T06:00,Norte,794,900,3,65
2026-07-17T06:00,Nordeste,958,1100,5,90
2026-07-17T06:00,Sudeste,1494,1600,4,75
2026-07-17T06:00,Sul,914,1000,2,55
2026-07-17T07:00,Norte,808,918,3,65
2026-07-17T07:00,Nordeste,1045,1118,5,90
2026-07-17T07:00,Sudeste,1518,1618,4,75
2026-07-17T07:00,Sul,942,1018,2,55
2026-07-17T08:00,Norte,836,934,3,65
2026-07-17T08:00,Nordeste,1030,1134,5,90
2026-07-17T08:00,Sudeste,1520,1634,4,75
2026-07-17T08:00,Sul,986,1034,2,55
2026-07-17T09:00,Norte,888,949,3,65
2026-07-17T09:00,Nordeste,1067,1149,5,90
2026-07-17T09:00,Sudeste,1553,1649,4,75
2026-07-17T09:00,Sul,986,1049,2,55
2026-07-17T10:00,Norte,946,960,3,65
2026-07-17T10:00,Nordeste,1088,1160,5,90
2026-07-17T10:00,Sudeste,1598,1660,4,75
2026-07-17T10:00,Sul,1020,1060,2,55
2026-07-17T11:00,Norte,904,967,3,65
2026-07-17T11:00,Nordeste,1151,1167,5,90
2026-07-17T11:00,Sudeste,1659,1667,4,75
2026-07-17T11:00,Sul,1053,1067,2,55
2026-07-17T12:00,Norte,954,970,3,65
2026-07-17T12:00,Nordeste,1131,1170,5,90
2026-07-17T12:00,Sudeste,1615,1670,4,75
2026-07-17T12:00,Sul,1011,1070,2,55
2026-07-17T13:00,Norte,962,967,3,65
2026-07-17T13:00,Nordeste,1126,1167,5,90
2026-07-17T13:00,Sudeste,1682,1667,4,75
2026-07-17T13:00,Sul,1064,1067,2,55
2026-07-17T14:00,Norte,948,960,3,65
2026-07-17T14:00,Nordeste,1155,1160,5,90
2026-07-17T14:00,Sudeste,1644,1660,4,75
2026-07-17T14:00,Sul,1063,1060,2,55
2026-07-17T15:00,Norte,937,949,3,65
2026-07-17T15:00,Nordeste,1128,1149,5,90
2026-07-17T15:00,Sudeste,1655,1649,4,75
2026-07-17T15:00,Sul,1003,1049,2,55
2026-07-17T16:00,Norte,916,934,3,65
2026-07-17T16:00,Nordeste,1144,1134,5,90
2026-07-17T16:00,Sudeste,1630,1634,4,75
2026-07-17T16:00,Sul,1024,1034,2,55
2026-07-17T17:00,Norte,860,918,3,65
2026-07-17T17:00,Nordeste,1068,1118,5,90
2026-07-17T17:00,Sudeste,1612,1618,4,75
2026-07-17T17:00,Sul,1017,1018,2,55
2026-07-17T18:00,Norte,861,900,3,65
2026-07-17T18:00,Nordeste,1066,1100,5,90
2026-07-17T18:00,Sudeste,1518,1600,4,75
2026-07-17T18:00,Sul,939,1000,2,55
2026-07-17T19:00,Norte,810,900,3,65
2026-07-17T19:00,Nordeste,1049,1100,5,90
2026-07-17T19:00,Sudeste,1550,1600,4,75
2026-07-17T19:00,Sul,928,1000,2,55
2026-07-17T20:00,Norte,766,900,3,65
2026-07-17T20:00,Nordeste,997,1100,5,90
2026-07-17T20:00,Sudeste,1515,1600,4,75
2026-07-17T20:00,Sul,856,1000,2,55
2026-07-17T21:00,Norte,770,900,3,65
2026-07-17T21:00,Nordeste,932,1100,5,90
2026-07-17T21:00,Sudeste,1484,1600,4,75
2026-07-17T21:00,Sul,862,1000,2,55
2026-07-17T22:00,Norte,707,900,3,65
2026-07-17T22:00,Nordeste,898,1100,5,90
2026-07-17T22:00,Sudeste,1461,1600,4,75
2026-07-17T22:00,Sul,804,1000,2,55
2026-07-17T23:00,Norte,725,900,3,65
2026-07-17T23:00,Nordeste,913,1100,5,90
2026-07-17T23:00,Sudeste,1381,1600,4,75
2026-07-17T23:00,Sul,843,1000,2,55
2026-07-18T00:00,Norte,673,900,3,65
2026-07-18T00:00,Nordeste,898,1100,5,90
2026-07-18T00:00,Sudeste,1417,1600,4,75
2026-07-18T00:00,Sul,820,1000,2,55
2026-07-18T01:00,Norte,715,900,3,65
2026-07-18T01:00,Nordeste,900,1100,5,90
2026-07-18T01:00,Sudeste,1370,1600,4,75
2026-07-18T01:00,Sul,777,1000,2,55
2026-07-18T02:00,Norte,718,900,3,65
2026-07-18T02:00,Nordeste,879,1100,5,90
2026-07-18T02:00,Sudeste,1425,1600,4,75
2026-07-18T02:00,Sul,788,1000,2,55
2026-07-18T03:00,Norte,688,900,3,65
2026-07-18T03:00,Nordeste,939,1100,5,90
2026-07-18T03:00,Sudeste,1401,1600,4,75
2026-07-18T03:00,Sul,818,1000,2,55
2026-07-18T04:00,Norte,751,900,3,65
2026-07-18T04:00,Nordeste,938,1100,5,90
2026-07-18T04:00,Sudeste,1419,1600,4,75
2026-07-18T04:00,Sul,800,1000,2,55
2026-07-18T05:00,Norte,750,900,3,65
2026-07-18T05:00,Nordeste,947,1100,5,90
2026-07-18T05:00,Sudeste,1490,1600,4,75
2026-07-18T05:00,Sul,873,1000,2,55
2026-07-18T06:00,Norte,762,900,3,65
2026-07-18T06:00,Nordeste,1009,1100,5,90
2026-07-18T06:00,Sudeste,1467,1600,4,75
2026-07-18T06:00,Sul,895,1000,2,55
2026-07-18T07:00,Norte,843,918,3,65
2026-07-18T07:00,Nordeste,1014,1118,5,90
2026-07-18T07:00,Sudeste,1549,1618,4,75
2026-07-18T07:00,Sul,930,1018,2,55
2026-07-18T08:00,Norte,846,934,3,65
2026-07-18T08:00,Nordeste,1074,1134,5,90
2026-07-18T08:00,Sudeste,1565,1634,4,75
2026-07-18T08:00,Sul,958,1034,2,55
2026-07-18T09:00,Norte,859,949,3,65
2026-07-18T09:00,Nordeste,1118,1149,5,90
2026-07-18T09:00,Sudeste,1579,1649,4,75
2026-07-18T09:00,Sul,1010,1049,2,55
2026-07-18T10:00,Norte,884,960,3,65
2026-07-18T10:00,Nordeste,1115,1160,5,90
2026-07-18T10:00,Sudeste,1633,1660,4,75
2026-07-18T10:00,Sul,1007,1060,2,55
2026-07-18T11:00,Norte,908,967,3,65
2026-07-18T11:00,Nordeste,1124,1167,5,90
2026-07-18T11:00,Sudeste,1600,1667,4,75
2026-07-18T11:00,Sul,1033,1067,2,55
2026-07-18T12:00,Norte,945,970,3,65
2026-07-18T12:00,Nordeste,1166,1170,5,90
2026-07-18T12:00,Sudeste,1647,1670,4,75
2026-07-18T12:00,Sul,1052,1070,2,55
2026-07-18T13:00,Norte,984,967,3,65
2026-07-18T13:00,Nordeste,1184,1167,5,90
2026-07-18T13:00,Sudeste,1674,1667,4,75
2026-07-18T13:00,Sul,1034,1067,2,55
2026-07-18T14:00,Norte,973,960,3,65
2026-07-18T14:00,Nordeste,1151,1160,5,90
2026-07-18T14:00,Sudeste,1669,1660,4,75
2026-07-18T14:00,Sul,1049,1060,2,55
2026-07-18T15:00,Norte,905,949,3,65
2026-07-18T15:00,Nordeste,1162,1149,5,90
2026-07-18T15:00,Sudeste,1597,1649,4,75
2026-07-18T15:00,Sul,1003,1049,2,55
2026-07-18T16:00,Norte,920,934,3,65
2026-07-18T16:00,Nordeste,1102,1134,5,90
2026-07-18T16:00,Sudeste,1618,1634,4,75
2026-07-18T16:00,Sul,996,1034,2,55
2026-07-18T17:00,Norte,881,918,3,65
2026-07-18T17:00,Nordeste,1062,1118,5,90
2026-07-18T17:00,Sudeste,1612,1618,4,75
2026-07-18T17:00,Sul,1003,1018,2,55
2026-07-18T18:00,Norte,879,900,3,65
2026-07-18T18:00,Nordeste,1053,1100,5,90
2026-07-18T18:00,Sudeste,1542,1600,4,75
2026-07-18T18:00,Sul,938,1000,2,55
2026-07-18T19:00,Norte,830,900,3,65
2026-07-18T19:00,Nordeste,1042,1100,5,90
2026-07-18T19:00,Sudeste,1509,1600,4,75
2026-07-18T19:00,Sul,915,1000,2,55
2026-07-18T20:00,Norte,778,900,3,65
2026-07-18T20:00,Nordeste,1010,1100,5,90
2026-07-18T20:00,Sudeste,1485,1600,4,75
2026-07-18T20:00,Sul,907,1000,2,55
2026-07-18T21:00,Norte,757,900,3,65
2026-07-18T21:00,Nordeste,925,1100,5,90
2026-07-18T21:00,Sudeste,1484,1600,4,75
2026-07-18T21:00,Sul,865,1000,2,55
2026-07-18T22:00,Norte,699,900,3,65
2026-07-18T22:00,Nordeste,933,1100,5,90
2026-07-18T22:00,Sudeste,1462,1600,4,75
2026-07-18T22:00,Sul,854,1000,2,55
2026-07-18T23:00,Norte,680,900,3,65
2026-07-18T23:00,Nordeste,928,1100,5,90
2026-07-18T23:00,Sudeste,1413,1600,4,75
2026-07-18T23:00,Sul,832,1000,2,55
2026-07-19T00:00,Norte,705,900,3,65
2026-07-19T00:00,Nordeste,886,1100,5,90
2026-07-19T00:00,Sudeste,1409,1600,4,75
2026-07-19T00:00,Sul,784,1000,2,55
2026-07-19T01:00,Norte,721,900,3,65
2026-07-19T01:00,Nordeste,920,1100,5,90
2026-07-19T01:00,Sudeste,1408,1600,4,75
2026-07-19T01:00,Sul,781,1000,2,55
2026-07-19T02:00,Norte,681,900,3,65
2026-07-19T02:00,Nordeste,895,1100,5,90
2026-07-19T02:00,Sudeste,1370,1600,4,75
2026-07-19T02:00,Sul,819,1000,2,55
2026-07-19T03:00,Norte,706,900,3,65
2026-07-19T03:00,Nordeste,923,1100,5,90
2026-07-19T03:00,Sudeste,1390,1600,4,75
2026-07-19T03:00,Sul,820,1000,2,55
2026-07-19T04:00,Norte,743,900,3,65
2026-07-19T04:00,Nordeste,907,1100,5,90
2026-07-19T04:00,Sudeste,1399,1600,4,75
2026-07-19T04:00,Sul,846,1000,2,55
2026-07-19T05:00,Norte,733,900,3,65
2026-07-19T05:00,Nordeste,962,1100,5,90
2026-07-19T05:00,Sudeste,1444,1600,4,75
2026-07-19T05:00,Sul,853,1000,2,55
2026-07-19T06:00,Norte,805,900,3,65
2026-07-19T06:00,Nordeste,987,1100,5,90
2026-07-19T06:00,Sudeste,1462,1600,4,75
2026-07-19T06:00,Sul,899,1000,2,55
2026-07-19T07:00,Norte,843,918,3,65
2026-07-19T07:00,Nordeste,1034,1118,5,90
2026-07-19T07:00,Sudeste,1487,1618,4,75
2026-07-19T07:00,Sul,898,1018,2,55
2026-07-19T08:00,Norte,883,934,3,65
2026-07-19T08:00,Nordeste,1031,1134,5,90
2026-07-19T08:00,Sudeste,1550,1634,4,75
2026-07-19T08:00,Sul,950,1034,2,55
2026-07-19T09:00,Norte,873,949,3,65
2026-07-19T09:00,Nordeste,1101,1149,5,90
2026-07-19T09:00,Sudeste,1572,1649,4,75
2026-07-19T09:00,Sul,970,1049,2,55
2026-07-19T10:00,Norte,879,960,3,65
2026-07-19T10:00,Nordeste,1130,1160,5,90
2026-07-19T10:00,Sudeste,1608,1660,4,75
2026-07-19T10:00,Sul,1010,1060,2,55
2026-07-19T11:00,Norte,904,967,3,65
2026-07-19T11:00,Nordeste,1163,1167,5,90
2026-07-19T11:00,Sudeste,1644,1667,4,75
2026-07-19T11:00,Sul,1038,1067,2,55
2026-07-19T12:00,Norte,955,970,3,65
2026-07-19T12:00,Nordeste,1155,1170,5,90
2026-07-19T12:00,Sudeste,1617,1670,4,75
2026-07-19T12:00,Sul,1079,1070,2,55
2026-07-19T13:00,Norte,959,967,3,65
2026-07-19T13:00,Nordeste,1117,1167,5,90
2026-07-19T13:00,Sudeste,1682,1667,4,75
2026-07-19T13:00,Sul,1059,1067,2,55
2026-07-19T14:00,Norte,939,960,3,65
2026-07-19T14:00,Nordeste,1110,1160,5,90
2026-07-19T14:00,Sudeste,1623,1660,4,75
2026-07-19T14:00,Sul,1017,1060,2,55
2026-07-19T15:00,Norte,944,949,3,65
2026-07-19T15:00,Nordeste,1142,1149,5,90
2026-07-19T15:00,Sudeste,1619,1649,4,75
2026-07-19T15:00,Sul,1010,1049,2,55
2026-07-19T16:00,Norte,944,934,3,65
2026-07-19T16:00,Nordeste,1119,1134,5,90
2026-07-19T16:00,Sudeste,1603,1634,4,75
2026-07-19T16:00,Sul,1029,1034,2,55
2026-07-19T17:00,Norte,897,918,3,65
2026-07-19T17:00,Nordeste,1116,1118,5,90
2026-07-19T17:00,Sudeste,1590,1618,4,75
2026-07-19T17:00,Sul,963,1018,2,55
2026-07-19T18:00,Norte,829,900,3,65
2026-07-19T18:00,Nordeste,1040,1100,5,90
2026-07-19T18:00,Sudeste,1551,1600,4,75
2026-07-19T18:00,Sul,946,1000,2,55
2026-07-19T19:00,Norte,798,900,3,65
2026-07-19T19:00,Nordeste,1037,1100,5,90
2026-07-19T19:00,Sudeste,1513,1600,4,75
2026-07-19T19:00,Sul,899,1000,2,55
2026-07-19T20:00,Norte,769,900,3,65
2026-07-19T20:00,Nordeste,1004,1100,5,90
2026-07-19T20:00,Sudeste,1463,1600,4,75
2026-07-19T20:00,Sul,916,1000,2,55
2026-07-19T21:00,Norte,782,900,3,65
2026-07-19T21:00,Nordeste,958,1100,5,90
2026-07-19T21:00,Sudeste,1483,1600,4,75
2026-07-19T21:00,Sul,862,1000,2,55
2026-07-19T22:00,Norte,722,900,3,65
2026-07-19T22:00,Nordeste,911,1100,5,90
2026-07-19T22:00,Sudeste,1407,1600,4,75
2026-07-19T22:00,Sul,807,1000,2,55
2026-07-19T23:00,Norte,690,900,3,65
2026-07-19T23:00,Nordeste,938,1100,5,90
2026-07-19T23:00,Sudeste,1392,1600,4,75
2026-07-19T23:00,Sul,842,1000,2,55
2026-07-20T00:00,Norte,675,900,3,65
2026-07-20T00:00,Nordeste,917,1100,5,90
2026-07-20T00:00,Sudeste,1368,1600,4,75
2026-07-20T00:00,Sul,816,1000,2,55
2026-07-20T01:00,Norte,718,900,3,65
2026-07-20T01:00,Nordeste,880,1100,5,90
2026-07-20T01:00,Sudeste,1380,1600,4,75
2026-07-20T01:00,Sul,786,1000,2,55
2026-07-20T02:00,Norte,683,900,3,65
2026-07-20T02:00,Nordeste,929,1100,5,90
2026-07-20T02:00,Sudeste,1405,1600,4,75
2026-07-20T02:00,Sul,787,1000,2,55
2026-07-20T03:00,Norte,734,900,3,65
2026-07-20T03:00,Nordeste,917,1100,5,90
2026-07-20T03:00,Sudeste,1376,1600,4,75
2026-07-20T03:00,Sul,813,1000,2,55
2026-07-20T04:00,Norte,736,900,3,65
2026-07-20T04:00,Nordeste,938,1100,5,90
2026-07-20T04:00,Sudeste,1445,1600,4,75
2026-07-20T04:00,Sul,797,1000,2,55
2026-07-20T05:00,Norte,772,900,3,65
2026-07-20T05:00,Nordeste,974,1100,5,90
2026-07-20T05:00,Sudeste,1421,1600,4,75
2026-07-20T05:00,Sul,830,1000,2,55
2026-07-20T06:00,Norte,822,900,3,65
2026-07-20T06:00,Nordeste,999,1100,5,90
2026-07-20T06:00,Sudeste,1522,1600,4,75
2026-07-20T06:00,Sul,920,1000,2,55
2026-07-20T07:00,Norte,831,918,3,65
2026-07-20T07:00,Nordeste,1046,1118,5,90
2026-07-20T07:00,Sudeste,1553,1618,4,75
2026-07-20T07:00,Sul,946,1018,2,55
2026-07-20T08:00,Norte,836,934,3,65
2026-07-20T08:00,Nordeste,1069,1134,5,90
2026-07-20T08:00,Sudeste,1531,1634,4,75
2026-07-20T08:00,Sul,931,1034,2,55
2026-07-20T09:00,Norte,858,949,3,65
2026-07-20T09:00,Nordeste,1050,1149,5,90
2026-07-20T09:00,Sudeste,1565,1649,4,75
2026-07-20T09:00,Sul,1001,1049,2,55
2026-07-20T10:00,Norte,878,960,3,65
2026-07-20T10:00,Nordeste,1110,1160,5,90
2026-07-20T10:00,Sudeste,1625,1660,4,75
2026-07-20T10:00,Sul,987,1060,2,55
2026-07-20T11:00,Norte,957,967,3,65
2026-07-20T11:00,Nordeste,1137,1167,5,90
2026-07-20T11:00,Sudeste,1609,1667,4,75
2026-07-20T11:00,Sul,1024,1067,2,55
2026-07-20T12:00,Norte,967,970,3,65
2026-07-20T12:00,Nordeste,1148,1170,5,90
2026-07-20T12:00,Sudeste,1677,1670,4,75
2026-07-20T12:00,Sul,1032,1070,2,55
2026-07-20T13:00,Norte,980,967,3,65
2026-07-20T13:00,Nordeste,1162,1167,5,90
2026-07-20T13:00,Sudeste,1630,1667,4,75
2026-07-20T13:00,Sul,1063,1067,2,55
2026-07-20T14:00,Norte,916,960,3,65
2026-07-20T14:00,Nordeste,1126,1160,5,90
2026-07-20T14:00,Sudeste,1658,1660,4,75
2026-07-20T14:00,Sul,1039,1060,2,55
2026-07-20T15:00,Norte,904,949,3,65
2026-07-20T15:00,Nordeste,1133,1149,5,90
2026-07-20T15:00,Sudeste,1649,1649,4,75
2026-07-20T15:00,Sul,1015,1049,2,55
2026-07-20T16:00,Norte,884,934,3,65
2026-07-20T16:00,Nordeste,1143,1134,5,90
2026-07-20T16:00,Sudeste,1576,1634,4,75
2026-07-20T16:00,Sul,1036,1034,2,55
2026-07-20T17:00,Norte,882,918,3,65
2026-07-20T17:00,Nordeste,1056,1118,5,90
2026-07-20T17:00,Sudeste,1615,1618,4,75
2026-07-20T17:00,Sul,978,1018,2,55
2026-07-20T18:00,Norte,845,900,3,65
2026-07-20T18:00,Nordeste,1025,1100,5,90
2026-07-20T18:00,Sudeste,1587,1600,4,75
2026-07-20T18:00,Sul,919,1000,2,55
2026-07-20T19:00,Norte,838,900,3,65
2026-07-20T19:00,Nordeste,1051,1100,5,90
2026-07-20T19:00,Sudeste,1553,1600,4,75
2026-07-20T19:00,Sul,902,1000,2,55
2026-07-20T20:00,Norte,769,900,3,65
2026-07-20T20:00,Nordeste,974,1100,5,90
2026-07-20T20:00,Sudeste,1454,1600,4,75
2026-07-20T20:00,Sul,889,1000,2,55
2026-07-20T21:00,Norte,773,900,3,65
2026-07-20T21:00,Nordeste,989,1100,5,90
2026-07-20T21:00,Sudeste,1457,1600,4,75
2026-07-20T21:00,Sul,881,1000,2,55
2026-07-20T22:00,Norte,740,900,3,65
2026-07-20T22:00,Nordeste,938,1100,5,90
2026-07-20T22:00,Sudeste,1419,1600,4,75
2026-07-20T22:00,Sul,805,1000,2,55
2026-07-20T23:00,Norte,698,900,3,65
2026-07-20T23:00,Nordeste,936,1100,5,90
2026-07-20T23:00,Sudeste,1380,1600,4,75
2026-07-20T23:00,Sul,836,1000,2,55
2026-07-21T00:00,Norte,706,900,3,65
2026-07-21T00:00,Nordeste,868,1100,5,90
2026-07-21T00:00,Sudeste,1425,1600,4,75
2026-07-21T00:00,Sul,783,1000,2,55
2026-07-21T01:00,Norte,675,900,3,65
2026-07-21T01:00,Nordeste,918,1100,5,90
2026-07-21T01:00,Sudeste,1425,1600,4,75
2026-07-21T01:00,Sul,797,1000,2,55
2026-07-21T02:00,Norte,721,900,3,65
2026-07-21T02:00,Nordeste,926,1100,5,90
2026-07-21T02:00,Sudeste,1424,1600,4,75
2026-07-21T02:00,Sul,766,1000,2,55
2026-07-21T03:00,Norte,703,900,3,65
2026-07-21T03:00,Nordeste,888,1100,5,90
2026-07-21T03:00,Sudeste,1413,1600,4,75
2026-07-21T03:00,Sul,798,1000,2,55
2026-07-21T04:00,Norte,726,900,3,65
2026-07-21T04:00,Nordeste,958,1100,5,90
2026-07-21T04:00,Sudeste,1446,1600,4,75
2026-07-21T04:00,Sul,809,1000,2,55
2026-07-21T05:00,Norte,778,900,3,65
2026-07-21T05:00,Nordeste,976,1100,5,90
2026-07-21T05:00,Sudeste,1460,1600,4,75
2026-07-21T05:00,Sul,852,1000,2,55
2026-07-21T06:00,Norte,788,900,3,65
2026-07-21T06:00,Nordeste,959,1100,5,90
2026-07-21T06:00,Sudeste,1520,1600,4,75
2026-07-21T06:00,Sul,869,1000,2,55
2026-07-21T07:00,Norte,844,918,3,65
2026-07-21T07:00,Nordeste,1022,1118,5,90
2026-07-21T07:00,Sudeste,1500,1618,4,75
2026-07-21T07:00,Sul,947,1018,2,55
2026-07-21T08:00,Norte,835,934,3,65
2026-07-21T08:00,Nordeste,1057,1134,5,90
2026-07-21T08:00,Sudeste,1580,1634,4,75
2026-07-21T08:00,Sul,957,1034,2,55
2026-07-21T09:00,Norte,882,949,3,65
2026-07-21T09:00,Nordeste,1080,1149,5,90
2026-07-21T09:00,Sudeste,1610,1649,4,75
2026-07-21T09:00,Sul,954,1049,2,55
2026-07-21T10:00,Norte,924,960,3,65
2026-07-21T10:00,Nordeste,1083,1160,5,90
2026-07-21T10:00,Sudeste,1604,1660,4,75
2026-07-21T10:00,Sul,1042,1060,2,55
2026-07-21T11:00,Norte,951,967,3,65
2026-07-21T11:00,Nordeste,1163,1167,5,90
2026-07-21T11:00,Sudeste,1662,1667,4,75
2026-07-21T11:00,Sul,1014,1067,2,55
2026-07-21T12:00,Norte,910,970,3,65
2026-07-21T12:00,Nordeste,1122,1170,5,90
2026-07-21T12:00,Sudeste,1669,1670,4,75
2026-07-21T12:00,Sul,1014,1070,2,55
2026-07-21T13:00,Norte,970,967,3,65
2026-07-21T13:00,Nordeste,1136,1167,5,90
2026-07-21T13:00,Sudeste,1633,1667,4,75
2026-07-21T13:00,Sul,1015,1067,2,55
2026-07-21T14:00,Norte,939,960,3,65
2026-07-21T14:00,Nordeste,1152,1160,5,90
2026-07-21T14:00,Sudeste,1630,1660,4,75
2026-07-21T14:00,Sul,1078,1060,2,55
2026-07-21T15:00,Norte,926,949,3,65
2026-07-21T15:00,Nordeste,1132,1149,5,90
2026-07-21T15:00,Sudeste,1649,1649,4,75
2026-07-21T15:00,Sul,1031,1049,2,55
2026-07-21T16:00,Norte,919,934,3,65
2026-07-21T16:00,Nordeste,1093,1134,5,90
2026-07-21T16:00,Sudeste,1623,1634,4,75
2026-07-21T16:00,Sul,991,1034,2,55
2026-07-21T17:00,Norte,890,918,3,65
2026-07-21T17:00,Nordeste,1063,1118,5,90
2026-07-21T17:00,Sudeste,1559,1618,4,75
2026-07-21T17:00,Sul,1003,1018,2,55
2026-07-21T18:00,Norte,872,900,3,65
2026-07-21T18:00,Nordeste,1088,1100,5,90
2026-07-21T18:00,Sudeste,1520,1600,4,75
2026-07-21T18:00,Sul,925,1000,2,55
2026-07-21T19:00,Norte,855,900,3,65
2026-07-21T19:00,Nordeste,1027,1100,5,90
2026-07-21T19:00,Sudeste,1511,1600,4,75
2026-07-21T19:00,Sul,921,1000,2,55
2026-07-21T20:00,Norte,797,900,3,65
2026-07-21T20:00,Nordeste,968,1100,5,90
2026-07-21T20:00,Sudeste,1471,1600,4,75
2026-07-21T20:00,Sul,910,1000,2,55
2026-07-21T21:00,Norte,723,900,3,65
2026-07-21T21:00,Nordeste,922,1100,5,90
2026-07-21T21:00,Sudeste,1447,1600,4,75
2026-07-21T21:00,Sul,883,1000,2,55
2026-07-21T22:00,Norte,701,900,3,65
2026-07-21T22:00,Nordeste,955,1100,5,90
2026-07-21T22:00,Sudeste,1435,1600,4,75
2026-07-21T22:00,Sul,816,1000,2,55
2026-07-21T23:00,Norte,737,900,3,65
2026-07-21T23:00,Nordeste,939,1100,5,90
2026-07-21T23:00,Sudeste,1401,1600,4,75
2026-07-21T23:00,Sul,823,1000,2,55
2026-07-22T00:00,Norte,674,900,3,65
2026-07-22T00:00,Nordeste,924,1100,5,90
2026-07-22T00:00,Sudeste,1423,1600,4,75
2026-07-22T00:00,Sul,792,1000,2,55
2026-07-22T01:00,Norte,711,900,3,65
2026-07-22T01:00,Nordeste,914,1100,5,90
2026-07-22T01:00,Sudeste,1359,1600,4,75
2026-07-22T01:00,Sul,778,1000,2,55
2026-07-22T02:00,Norte,672,900,3,65
2026-07-22T02:00,Nordeste,894,1100,5,90
2026-07-22T02:00,Sudeste,1377,1600,4,75
2026-07-22T02:00,Sul,802,1000,2,55
2026-07-22T03:00,Norte,727,900,3,65
2026-07-22T03:00,Nordeste,889,1100,5,90
2026-07-22T03:00,Sudeste,1437,1600,4,75
2026-07-22T03:00,Sul,813,1000,2,55
2026-07-22T04:00,Norte,764,900,3,65
2026-07-22T04:00,Nordeste,912,1100,5,90
2026-07-22T04:00,Sudeste,1438,1600,4,75
2026-07-22T04:00,Sul,844,1000,2,55
2026-07-22T05:00,Norte,764,900,3,65
2026-07-22T05:00,Nordeste,929,1100,5,90
2026-07-22T05:00,Sudeste,1479,1600,4,75
2026-07-22T05:00,Sul,874,1000,2,55
2026-07-22T06:00,Norte,796,900,3,65
2026-07-22T06:00,Nordeste,1018,1100,5,90
2026-07-22T06:00,Sudeste,1521,1600,4,75
2026-07-22T06:00,Sul,884,1000,2,55
2026-07-22T07:00,Norte,846,918,3,65
2026-07-22T07:00,Nordeste,1000,1118,5,90
2026-07-22T07:00,Sudeste,1551,1618,4,75
2026-07-22T07:00,Sul,899,1018,2,55
2026-07-22T08:00,Norte,845,934,3,65
2026-07-22T08:00,Nordeste,1062,1134,5,90
2026-07-22T08:00,Sudeste,1577,1634,4,75
2026-07-22T08:00,Sul,976,1034,2,55
2026-07-22T09:00,Norte,910,949,3,65
2026-07-22T09:00,Nordeste,1077,1149,5,90
2026-07-22T09:00,Sudeste,1619,1649,4,75
2026-07-22T09:00,Sul,973,1049,2,55
2026-07-22T10:00,Norte,911,960,3,65
2026-07-22T10:00,Nordeste,1084,1160,5,90
2026-07-22T10:00,Sudeste,1581,1660,4,75
2026-07-22T10:00,Sul,1004,1060,2,55
2026-07-22T11:00,Norte,941,967,3,65
2026-07-22T11:00,Nordeste,1130,1167,5,90
2026-07-22T11:00,Sudeste,1601,1667,4,75
2026-07-22T11:00,Sul,1022,1067,2,55
2026-07-22T12:00,Norte,962,970,3,65
2026-07-22T12:00,Nordeste,1110,1170,5,90
2026-07-22T12:00,Sudeste,1610,1670,4,75
2026-07-22T12:00,Sul,1044,1070,2,55
2026-07-22T13:00,Norte,925,967,3,65
2026-07-22T13:00,Nordeste,1142,1167,5,90
2026-07-22T13:00,Sudeste,1667,1667,4,75
2026-07-22T13:00,Sul,1027,1067,2,55
2026-07-22T14:00,Norte,979,960,3,65
2026-07-22T14:00,Nordeste,1165,1160,5,90
2026-07-22T14:00,Sudeste,1661,1660,4,75
2026-07-22T14:00,Sul,1068,1060,2,55
2026-07-22T15:00,Norte,901,949,3,65
2026-07-22T15:00,Nordeste,1164,1149,5,90
2026-07-22T15:00,Sudeste,1625,1649,4,75
2026-07-22T15:00,Sul,1028,1049,2,55
2026-07-22T16:00,Norte,931,934,3,65
2026-07-22T16:00,Nordeste,1107,1134,5,90
2026-07-22T16:00,Sudeste,1586,1634,4,75
2026-07-22T16:00,Sul,986,1034,2,55
2026-07-22T17:00,Norte,854,918,3,65
2026-07-22T17:00,Nordeste,1051,1118,5,90
2026-07-22T17:00,Sudeste,1565,1618,4,75
2026-07-22T17:00,Sul,1013,1018,2,55
2026-07-22T18:00,Norte,883,900,3,65
2026-07-22T18:00,Nordeste,1031,1100,5,90
2026-07-22T18:00,Sudeste,1545,1600,4,75
2026-07-22T18:00,Sul,947,1000,2,55
2026-07-22T19:00,Norte,820,900,3,65
2026-07-22T19:00,Nordeste,1007,1100,5,90
2026-07-22T19:00,Sudeste,1552,1600,4,75
2026-07-22T19:00,Sul,916,1000,2,55
2026-07-22T20:00,Norte,781,900,3,65
2026-07-22T20:00,Nordeste,990,1100,5,90
2026-07-22T20:00,Sudeste,1505,1600,4,75
2026-07-22T20:00,Sul,893,1000,2,55
2026-07-22T21:00,Norte,745,900,3,65
2026-07-22T21:00,Nordeste,975,1100,5,90
2026-07-22T21:00,Sudeste,1465,1600,4,75
2026-07-22T21:00,Sul,842,1000,2,55
2026-07-22T22:00,Norte,747,900,3,65
2026-07-22T22:00,Nordeste,926,1100,5,90
2026-07-22T22:00,Sudeste,1440,1600,4,75
2026-07-22T22:00,Sul,795,1000,2,55
2026-07-22T23:00,Norte,726,900,3,65
2026-07-22T23:00,Nordeste,941,1100,5,90
2026-07-22T23:00,Sudeste,1435,1600,4,75
2026-07-22T23:00,Sul,841,1000,2,55
2026-07-23T00:00,Norte,700,900,3,65
2026-07-23T00:00,Nordeste,862,1100,5,90
2026-07-23T00:00,Sudeste,1412,1600,4,75
2026-07-23T00:00,Sul,816,1000,2,55
2026-07-23T01:00,Norte,666,900,3,65
2026-07-23T01:00,Nordeste,911,1100,5,90
2026-07-23T01:00,Sudeste,1356,1600,4,75
2026-07-23T01:00,Sul,783,1000,2,55
2026-07-23T02:00,Norte,698,900,3,65
2026-07-23T02:00,Nordeste,870,1100,5,90
2026-07-23T02:00,Sudeste,1419,1600,4,75
2026-07-23T02:00,Sul,778,1000,2,55
2026-07-23T03:00,Norte,684,900,3,65
2026-07-23T03:00,Nordeste,888,1100,5,90
2026-07-23T03:00,Sudeste,1390,1600,4,75
2026-07-23T03:00,Sul,803,1000,2,55
2026-07-23T04:00,Norte,733,900,3,65
2026-07-23T04:00,Nordeste,901,1100,5,90
2026-07-23T04:00,Sudeste,1398,1600,4,75
2026-07-23T04:00,Sul,845,1000,2,55
2026-07-23T05:00,Norte,768,900,3,65
2026-07-23T05:00,Nordeste,943,1100,5,90
2026-07-23T05:00,Sudeste,1423,1600,4,75
2026-07-23T05:00,Sul,831,1000,2,55
2026-07-23T06:00,Norte,764,900,3,65
2026-07-23T06:00,Nordeste,992,1100,5,90
2026-07-23T06:00,Sudeste,1479,1600,4,75
2026-07-23T06:00,Sul,915,1000,2,55
2026-07-23T07:00,Norte,795,918,3,65
2026-07-23T07:00,Nordeste,1017,1118,5,90
2026-07-23T07:00,Sudeste,1505,1618,4,75
2026-07-23T07:00,Sul,895,1018,2,55
2026-07-23T08:00,Norte,853,934,3,65
2026-07-23T08:00,Nordeste,1065,1134,5,90
2026-07-23T08:00,Sudeste,1554,1634,4,75
2026-07-23T08:00,Sul,974,1034,2,55
2026-07-23T09:00,Norte,864,949,3,65
2026-07-23T09:00,Nordeste,1089,1149,5,90
2026-07-23T09:00,Sudeste,1588,1649,4,75
2026-07-23T09:00,Sul,1017,1049,2,55
2026-07-23T10:00,Norte,887,960,3,65
2026-07-23T10:00,Nordeste,1081,1160,5,90
2026-07-23T10:00,Sudeste,1612,1660,4,75
2026-07-23T10:00,Sul,1041,1060,2,55
2026-07-23T11:00,Norte,916,967,3,65
2026-07-23T11:00,Nordeste,1163,1167,5,90
2026-07-23T11:00,Sudeste,1641,1667,4,75
2026-07-23T11:00,Sul,1039,1067,2,55
2026-07-23T12:00,Norte,947,970,3,65
2026-07-23T12:00,Nordeste,1152,1170,5,90
2026-07-23T12:00,Sudeste,1626,1670,4,75
2026-07-23T12:00,Sul,1021,1070,2,55
2026-07-23T13:00,Norte,973,967,3,65
2026-07-23T13:00,Nordeste,1163,1167,5,90
2026-07-23T13:00,Sudeste,1660,1667,4,75
2026-07-23T13:00,Sul,1069,1067,2,55
2026-07-23T14:00,Norte,972,960,3,65
2026-07-23T14:00,Nordeste,1131,1160,5,90
2026-07-23T14:00,Sudeste,1671,1660,4,75
2026-07-23T14:00,Sul,1078,1060,2,55
2026-07-23T15:00,Norte,903,949,3,65
2026-07-23T15:00,Nordeste,1107,1149,5,90
2026-07-23T15:00,Sudeste,1600,1649,4,75
2026-07-23T15:00,Sul,1025,1049,2,55
2026-07-23T16:00,Norte,926,934,3,65
2026-07-23T16:00,Nordeste,1116,1134,5,90
2026-07-23T16:00,Sudeste,1592,1634,4,75
2026-07-23T16:00,Sul,1001,1034,2,55
2026-07-23T17:00,Norte,900,918,3,65
2026-07-23T17:00,Nordeste,1112,1118,5,90
2026-07-23T17:00,Sudeste,1579,1618,4,75
2026-07-23T17:00,Sul,1018,1018,2,55
2026-07-23T18:00,Norte,888,900,3,65
2026-07-23T18:00,Nordeste,1023,1100,5,90
2026-07-23T18:00,Sudeste,1581,1600,4,75
2026-07-23T18:00,Sul,938,1000,2,55
2026-07-23T19:00,Norte,819,900,3,65
2026-07-23T19:00,Nordeste,1051,1100,5,90
2026-07-23T19:00,Sudeste,1555,1600,4,75
2026-07-23T19:00,Sul,936,1000,2,55
2026-07-23T20:00,Norte,765,900,3,65
2026-07-23T20:00,Nordeste,976,1100,5,90
2026-07-23T20:00,Sudeste,1506,1600,4,75
2026-07-23T20:00,Sul,855,1000,2,55
2026-07-23T21:00,Norte,730,900,3,65
2026-07-23T21:00,Nordeste,990,1100,5,90
2026-07-23T21:00,Sudeste,1439,1600,4,75
2026-07-23T21:00,Sul,879,1000,2,55
2026-07-23T22:00,Norte,715,900,3,65
2026-07-23T22:00,Nordeste,928,1100,5,90
2026-07-23T22:00,Sudeste,1439,1600,4,75
2026-07-23T22:00,Sul,837,1000,2,55
2026-07-23T23:00,Norte,735,900,3,65
2026-07-23T23:00,Nordeste,909,1100,5,90
2026-07-23T23:00,Sudeste,1378,1600,4,75
2026-07-23T23:00,Sul,829,1000,2,55
2026-07-24T00:00,Norte,726,900,3,65
2026-07-24T00:00,Nordeste,896,1100,5,90
2026-07-24T00:00,Sudeste,1393,1600,4,75
2026-07-24T00:00,Sul,796,1000,2,55
2026-07-24T01:00,Norte,666,900,3,65
2026-07-24T01:00,Nordeste,892,1100,5,90
2026-07-24T01:00,Sudeste,1418,1600,4,75
2026-07-24T01:00,Sul,805,1000,2,55
2026-07-24T02:00,Norte,710,900,3,65
2026-07-24T02:00,Nordeste,887,1100,5,90
2026-07-24T02:00,Sudeste,1362,1600,4,75
2026-07-24T02:00,Sul,763,1000,2,55
2026-07-24T03:00,Norte,699,900,3,65
2026-07-24T03:00,Nordeste,917,1100,5,90
2026-07-24T03:00,Sudeste,1408,1600,4,75
2026-07-24T03:00,Sul,790,1000,2,55
2026-07-24T04:00,Norte,694,900,3,65
2026-07-24T04:00,Nordeste,920,1100,5,90
2026-07-24T04:00,Sudeste,1409,1600,4,75
2026-07-24T04:00,Sul,808,1000,2,55
2026-07-24T05:00,Norte,723,900,3,65
2026-07-24T05:00,Nordeste,968,1100,5,90
2026-07-24T05:00,Sudeste,1464,1600,4,75
2026-07-24T05:00,Sul,831,1000,2,55
2026-07-24T06:00,Norte,753,900,3,65
2026-07-24T06:00,Nordeste,979,1100,5,90
2026-07-24T06:00,Sudeste,1485,1600,4,75
2026-07-24T06:00,Sul,906,1000,2,55
2026-07-24T07:00,Norte,809,918,3,65
2026-07-24T07:00,Nordeste,1006,1118,5,90
2026-07-24T07:00,Sudeste,1523,1618,4,75
2026-07-24T07:00,Sul,923,1018,2,55
2026-07-24T08:00,Norte,871,934,3,65
2026-07-24T08:00,Nordeste,1030,1134,5,90
2026-07-24T08:00,Sudeste,1531,1634,4,75
2026-07-24T08:00,Sul,941,1034,2,55
2026-07-24T09:00,Norte,888,949,3,65
2026-07-24T09:00,Nordeste,1111,1149,5,90
2026-07-24T09:00,Sudeste,1577,1649,4,75
2026-07-24T09:00,Sul,967,1049,2,55
2026-07-24T10:00,Norte,944,960,3,65
2026-07-24T10:00,Nordeste,1120,1160,5,90
2026-07-24T10:00,Sudeste,1631,1660,4,75
2026-07-24T10:00,Sul,1045,1060,2,55
2026-07-24T11:00,Norte,947,967,3,65
2026-07-24T11:00,Nordeste,1136,1167,5,90
2026-07-24T11:00,Sudeste,1648,1667,4,75
2026-07-24T11:00,Sul,1050,1067,2,55
2026-07-24T12:00,Norte,912,970,3,65
2026-07-24T12:00,Nordeste,1146,1170,5,90
2026-07-24T12:00,Sudeste,1673,1670,4,75
2026-07-24T12:00,Sul,1078,1070,2,55
2026-07-24T13:00,Norte,949,967,3,65
2026-07-24T13:00,Nordeste,1126,1167,5,90
2026-07-24T13:00,Sudeste,1643,1667,4,75
2026-07-24T13:00,Sul,1073,1067,2,55
2026-07-24T14:00,Norte,966,960,3,65
2026-07-24T14:00,Nordeste,1159,1160,5,90
2026-07-24T14:00,Sudeste,1660,1660,4,75
2026-07-24T14:00,Sul,1070,1060,2,55
2026-07-24T15:00,Norte,934,949,3,65
2026-07-24T15:00,Nordeste,1106,1149,5,90
2026-07-24T15:00,Sudeste,1638,1649,4,75
2026-07-24T15:00,Sul,1037,1049,2,55
2026-07-24T16:00,Norte,927,934,3,65
2026-07-24T16:00,Nordeste,1132,1134,5,90
2026-07-24T16:00,Sudeste,1617,1634,4,75
2026-07-24T16:00,Sul,1037,1034,2,55
2026-07-24T17:00,Norte,911,918,3,65
2026-07-24T17:00,Nordeste,1076,1118,5,90
2026-07-24T17:00,Sudeste,1613,1618,4,75
2026-07-24T17:00,Sul,985,1018,2,55
2026-07-24T18:00,Norte,873,900,3,65
2026-07-24T18:00,Nordeste,1044,1100,5,90
2026-07-24T18:00,Sudeste,1586,1600,4,75
2026-07-24T18:00,Sul,932,1000,2,55
2026-07-24T19:00,Norte,822,900,3,65
2026-07-24T19:00,Nordeste,1039,1100,5,90
2026-07-24T19:00,Sudeste,1525,1600,4,75
2026-07-24T19:00,Sul,950,1000,2,55
2026-07-24T20:00,Norte,793,900,3,65
2026-07-24T20:00,Nordeste,1013,1100,5,90
2026-07-24T20:00,Sudeste,1453,1600,4,75
2026-07-24T20:00,Sul,887,1000,2,55
2026-07-24T21:00,Norte,759,900,3,65
2026-07-24T21:00,Nordeste,925,1100,5,90
2026-07-24T21:00,Sudeste,1458,1600,4,75
2026-07-24T21:00,Sul,830,1000,2,55
2026-07-24T22:00,Norte,714,900,3,65
2026-07-24T22:00,Nordeste,921,1100,5,90
2026-07-24T22:00,Sudeste,1443,1600,4,75
2026-07-24T22:00,Sul,852,1000,2,55
2026-07-24T23:00,Norte,702,900,3,65
2026-07-24T23:00,Nordeste,919,1100,5,90
2026-07-24T23:00,Sudeste,1424,1600,4,75
2026-07-24T23:00,Sul,823,1000,2,55
2026-07-25T00:00,Norte,679,900,3,65
2026-07-25T00:00,Nordeste,895,1100,5,90
2026-07-25T00:00,Sudeste,1417,1600,4,75
2026-07-25T00:00,Sul,808,1000,2,55
2026-07-25T01:00,Norte,682,900,3,65
2026-07-25T01:00,Nordeste,860,1100,5,90
2026-07-25T01:00,Sudeste,1389,1600,4,75
2026-07-25T01:00,Sul,793,1000,2,55
2026-07-25T02:00,Norte,687,900,3,65
2026-07-25T02:00,Nordeste,876,1100,5,90
2026-07-25T02:00,Sudeste,1413,1600,4,75
2026-07-25T02:00,Sul,795,1000,2,55
2026-07-25T03:00,Norte,683,900,3,65
2026-07-25T03:00,Nordeste,943,1100,5,90
2026-07-25T03:00,Sudeste,1391,1600,4,75
2026-07-25T03:00,Sul,802,1000,2,55
2026-07-25T04:00,Norte,699,900,3,65
2026-07-25T04:00,Nordeste,920,1100,5,90
2026-07-25T04:00,Sudeste,1403,1600,4,75
2026-07-25T04:00,Sul,824,1000,2,55
2026-07-25T05:00,Norte,769,900,3,65
2026-07-25T05:00,Nordeste,927,1100,5,90
2026-07-25T05:00,Sudeste,1480,1600,4,75
2026-07-25T05:00,Sul,846,1000,2,55
2026-07-25T06:00,Norte,805,900,3,65
2026-07-25T06:00,Nordeste,965,1100,5,90
2026-07-25T06:00,Sudeste,1498,1600,4,75
2026-07-25T06:00,Sul,897,1000,2,55
2026-07-25T07:00,Norte,827,918,3,65
2026-07-25T07:00,Nordeste,987,1118,5,90
2026-07-25T07:00,Sudeste,1516,1618,4,75
2026-07-25T07:00,Sul,903,1018,2,55
2026-07-25T08:00,Norte,833,934,3,65
2026-07-25T08:00,Nordeste,1020,1134,5,90
2026-07-25T08:00,Sudeste,1533,1634,4,75
2026-07-25T08:00,Sul,934,1034,2,55
2026-07-25T09:00,Norte,910,949,3,65
2026-07-25T09:00,Nordeste,1082,1149,5,90
2026-07-25T09:00,Sudeste,1617,1649,4,75
2026-07-25T09:00,Sul,1004,1049,2,55
2026-07-25T10:00,Norte,890,960,3,65
2026-07-25T10:00,Nordeste,1077,1160,5,90
2026-07-25T10:00,Sudeste,1627,1660,4,75
2026-07-25T10:00,Sul,1037,1060,2,55
2026-07-25T11:00,Norte,903,967,3,65
2026-07-25T11:00,Nordeste,1120,1167,5,90
2026-07-25T11:00,Sudeste,1660,1667,4,75
2026-07-25T11:00,Sul,1017,1067,2,55
2026-07-25T12:00,Norte,937,970,3,65
2026-07-25T12:00,Nordeste,1138,1170,5,90
2026-07-25T12:00,Sudeste,1644,1670,4,75
2026-07-25T12:00,Sul,1025,1070,2,55
2026-07-25T13:00,Norte,937,967,3,65
2026-07-25T13:00,Nordeste,1139,1167,5,90
2026-07-25T13:00,Sudeste,1682,1667,4,75
2026-07-25T13:00,Sul,1083,1067,2,55
2026-07-25T14:00,Norte,929,960,3,65
2026-07-25T14:00,Nordeste,1177,1160,5,90
2026-07-25T14:00,Sudeste,1615,1660,4,75
2026-07-25T14:00,Sul,1072,1060,2,55
2026-07-25T15:00,Norte,930,949,3,65
2026-07-25T15:00,Nordeste,1159,1149,5,90
2026-07-25T15:00,Sudeste,1617,1649,4,75
2026-07-25T15:00,Sul,1027,1049,2,55
2026-07-25T16:00,Norte,890,934,3,65
2026-07-25T16:00,Nordeste,1144,1134,5,90
2026-07-25T16:00,Sudeste,1596,1634,4,75
2026-07-25T16:00,Sul,1044,1034,2,55
2026-07-25T17:00,Norte,884,918,3,65
2026-07-25T17:00,Nordeste,1103,1118,5,90
2026-07-25T17:00,Sudeste,1581,1618,4,75
2026-07-25T17:00,Sul,994,1018,2,55
2026-07-25T18:00,Norte,820,900,3,65
2026-07-25T18:00,Nordeste,1052,1100,5,90
2026-07-25T18:00,Sudeste,1527,1600,4,75
2026-07-25T18:00,Sul,987,1000,2,55
2026-07-25T19:00,Norte,809,900,3,65
2026-07-25T19:00,Nordeste,1022,1100,5,90
2026-07-25T19:00,Sudeste,1552,1600,4,75
2026-07-25T19:00,Sul,908,1000,2,55
2026-07-25T20:00,Norte,786,900,3,65
2026-07-25T20:00,Nordeste,1011,1100,5,90
2026-07-25T20:00,Sudeste,1476,1600,4,75
2026-07-25T20:00,Sul,880,1000,2,55
2026-07-25T21:00,Norte,725,900,3,65
2026-07-25T21:00,Nordeste,923,1100,5,90
2026-07-25T21:00,Sudeste,1448,1600,4,75
2026-07-25T21:00,Sul,844,1000,2,55
2026-07-25T22:00,Norte,700,900,3,65
2026-07-25T22:00,Nordeste,956,1100,5,90
2026-07-25T22:00,Sudeste,1423,1600,4,75
2026-07-25T22:00,Sul,841,1000,2,55
2026-07-25T23:00,Norte,705,900,3,65
2026-07-25T23:00,Nordeste,896,1100,5,90
2026-07-25T23:00,Sudeste,1437,1600,4,75
2026-07-25T23:00,Sul,842,1000,2,55
2026-07-26T00:00,Norte,665,900,3,65
2026-07-26T00:00,Nordeste,899,1100,5,90
2026-07-26T00:00,Sudeste,1396,1600,4,75
2026-07-26T00:00,Sul,768,1000,2,55
2026-07-26T01:00,Norte,697,900,3,65
2026-07-26T01:00,Nordeste,856,1100,5,90
2026-07-26T01:00,Sudeste,1422,1600,4,75
2026-07-26T01:00,Sul,823,1000,2,55
2026-07-26T02:00,Norte,675,900,3,65
2026-07-26T02:00,Nordeste,885,1100,5,90
2026-07-26T02:00,Sudeste,1385,1600,4,75
2026-07-26T02:00,Sul,817,1000,2,55
2026-07-26T03:00,Norte,732,900,3,65
2026-07-26T03:00,Nordeste,897,1100,5,90
2026-07-26T03:00,Sudeste,1417,1600,4,75
2026-07-26T03:00,Sul,801,1000,2,55
2026-07-26T04:00,Norte,694,900,3,65
2026-07-26T04:00,Nordeste,909,1100,5,90
2026-07-26T04:00,Sudeste,1452,1600,4,75
2026-07-26T04:00,Sul,816,1000,2,55
2026-07-26T05:00,Norte,786,900,3,65
2026-07-26T05:00,Nordeste,973,1100,5,90
2026-07-26T05:00,Sudeste,1465,1600,4,75
2026-07-26T05:00,Sul,839,1000,2,55
2026-07-26T06:00,Norte,812,900,3,65
2026-07-26T06:00,Nordeste,1001,1100,5,90
2026-07-26T06:00,Sudeste,1496,1600,4,75
2026-07-26T06:00,Sul,870,1000,2,55
2026-07-26T07:00,Norte,839,918,3,65
2026-07-26T07:00,Nordeste,1054,1118,5,90
2026-07-26T07:00,Sudeste,1498,1618,4,75
2026-07-26T07:00,Sul,917,1018,2,55
2026-07-26T08:00,Norte,826,934,3,65
2026-07-26T08:00,Nordeste,1061,1134,5,90
2026-07-26T08:00,Sudeste,1521,1634,4,75
2026-07-26T08:00,Sul,951,1034,2,55
2026-07-26T09:00,Norte,884,949,3,65
2026-07-26T09:00,Nordeste,1054,1149,5,90
2026-07-26T09:00,Sudeste,1581,1649,4,75
2026-07-26T09:00,Sul,996,1049,2,55
2026-07-26T10:00,Norte,885,960,3,65
2026-07-26T10:00,Nordeste,1081,1160,5,90
2026-07-26T10:00,Sudeste,1637,1660,4,75
2026-07-26T10:00,Sul,976,1060,2,55
2026-07-26T11:00,Norte,960,967,3,65
2026-07-26T11:00,Nordeste,1128,1167,5,90
2026-07-26T11:00,Sudeste,1645,1667,4,75
2026-07-26T11:00,Sul,1064,1067,2,55
2026-07-26T12:00,Norte,946,970,3,65
2026-07-26T12:00,Nordeste,1128,1170,5,90
2026-07-26T12:00,Sudeste,1635,1670,4,75
2026-07-26T12:00,Sul,1071,1070,2,55
2026-07-26T13:00,Norte,915,967,3,65
2026-07-26T13:00,Nordeste,1143,1167,5,90
2026-07-26T13:00,Sudeste,1652,1667,4,75
2026-07-26T13:00,Sul,1085,1067,2,55
2026-07-26T14:00,Norte,953,960,3,65
2026-07-26T14:00,Nordeste,1176,1160,5,90
2026-07-26T14:00,Sudeste,1679,1660,4,75
2026-07-26T14:00,Sul,1039,1060,2,55
2026-07-26T15:00,Norte,922,949,3,65
2026-07-26T15:00,Nordeste,1116,1149,5,90
2026-07-26T15:00,Sudeste,1639,1649,4,75
2026-07-26T15:00,Sul,1036,1049,2,55
2026-07-26T16:00,Norte,917,934,3,65
2026-07-26T16:00,Nordeste,1129,1134,5,90
2026-07-26T16:00,Sudeste,1589,1634,4,75
2026-07-26T16:00,Sul,1003,1034,2,55
2026-07-26T17:00,Norte,916,918,3,65
2026-07-26T17:00,Nordeste,1099,1118,5,90
2026-07-26T17:00,Sudeste,1585,1618,4,75
2026-07-26T17:00,Sul,991,1018,2,55
2026-07-26T18:00,Norte,821,900,3,65
2026-07-26T18:00,Nordeste,1052,1100,5,90
2026-07-26T18:00,Sudeste,1559,1600,4,75
2026-07-26T18:00,Sul,988,1000,2,55
2026-07-26T19:00,Norte,838,900,3,65
2026-07-26T19:00,Nordeste,1032,1100,5,90
2026-07-26T19:00,Sudeste,1519,1600,4,75
2026-07-26T19:00,Sul,922,1000,2,55
2026-07-26T20:00,Norte,779,900,3,65
2026-07-26T20:00,Nordeste,1018,1100,5,90
2026-07-26T20:00,Sudeste,1490,1600,4,75
2026-07-26T20:00,Sul,906,1000,2,55
2026-07-26T21:00,Norte,783,900,3,65
2026-07-26T21:00,Nordeste,978,1100,5,90
2026-07-26T21:00,Sudeste,1477,1600,4,75
2026-07-26T21:00,Sul,868,1000,2,55
2026-07-26T22:00,Norte,702,900,3,65
2026-07-26T22:00,Nordeste,922,1100,5,90
2026-07-26T22:00,Sudeste,1457,1600,4,75
2026-07-26T22:00,Sul,816,1000,2,55
2026-07-26T23:00,Norte,673,900,3,65
2026-07-26T23:00,Nordeste,880,1100,5,90
2026-07-26T23:00,Sudeste,1426,1600,4,75
2026-07-26T23:00,Sul,773,1000,2,55
2026-07-27T00:00,Norte,679,900,3,65
2026-07-27T00:00,Nordeste,868,1100,5,90
2026-07-27T00:00,Sudeste,1373,1600,4,75
2026-07-27T00:00,Sul,818,1000,2,55
2026-07-27T01:00,Norte,687,900,3,65
2026-07-27T01:00,Nordeste,870,1100,5,90
2026-07-27T01:00,Sudeste,1400,1600,4,75
2026-07-27T01:00,Sul,763,1000,2,55
2026-07-27T02:00,Norte,686,900,3,65
2026-07-27T02:00,Nordeste,902,1100,5,90
2026-07-27T02:00,Sudeste,1418,1600,4,75
2026-07-27T02:00,Sul,773,1000,2,55
2026-07-27T03:00,Norte,703,900,3,65
2026-07-27T03:00,Nordeste,937,1100,5,90
2026-07-27T03:00,Sudeste,1410,1600,4,75
2026-07-27T03:00,Sul,821,1000,2,55
2026-07-27T04:00,Norte,753,900,3,65
2026-07-27T04:00,Nordeste,926,1100,5,90
2026-07-27T04:00,Sudeste,1426,1600,4,75
2026-07-27T04:00,Sul,825,1000,2,55
2026-07-27T05:00,Norte,723,900,3,65
2026-07-27T05:00,Nordeste,968,1100,5,90
2026-07-27T05:00,Sudeste,1480,1600,4,75
2026-07-27T05:00,Sul,878,1000,2,55
2026-07-27T06:00,Norte,796,900,3,65
2026-07-27T06:00,Nordeste,1004,1100,5,90
2026-07-27T06:00,Sudeste,1515,1600,4,75
2026-07-27T06:00,Sul,894,1000,2,55
2026-07-27T07:00,Norte,847,918,3,65
2026-07-27T07:00,Nordeste,1027,1118,5,90
2026-07-27T07:00,Sudeste,1527,1618,4,75
2026-07-27T07:00,Sul,947,1018,2,55
2026-07-27T08:00,Norte,875,934,3,65
2026-07-27T08:00,Nordeste,1064,1134,5,90
2026-07-27T08:00,Sudeste,1586,1634,4,75
2026-07-27T08:00,Sul,922,1034,2,55
2026-07-27T09:00,Norte,889,949,3,65
2026-07-27T09:00,Nordeste,1103,1149,5,90
2026-07-27T09:00,Sudeste,1614,1649,4,75
2026-07-27T09:00,Sul,998,1049,2,55
2026-07-27T10:00,Norte,906,960,3,65
2026-07-27T10:00,Nordeste,1086,1160,5,90
2026-07-27T10:00,Sudeste,1597,1660,4,75
2026-07-27T10:00,Sul,1007,1060,2,55
2026-07-27T11:00,Norte,944,967,3,65
2026-07-27T11:00,Nordeste,1132,1167,5,90
2026-07-27T11:00,Sudeste,1648,1667,4,75
2026-07-27T11:00,Sul,1020,1067,2,55
2026-07-27T12:00,Norte,941,970,3,65
2026-07-27T12:00,Nordeste,1150,1170,5,90
2026-07-27T12:00,Sudeste,1662,1670,4,75
2026-07-27T12:00,Sul,1050,1070,2,55
2026-07-27T13:00,Norte,935,967,3,65
2026-07-27T13:00,Nordeste,1181,1167,5,90
2026-07-27T13:00,Sudeste,1636,1667,4,75
2026-07-27T13:00,Sul,1058,1067,2,55
2026-07-27T14:00,Norte,924,960,3,65
2026-07-27T14:00,Nordeste,1180,1160,5,90
2026-07-27T14:00,Sudeste,1678,1660,4,75
2026-07-27T14:00,Sul,1020,1060,2,55
2026-07-27T15:00,Norte,932,949,3,65
2026-07-27T15:00,Nordeste,1164,1149,5,90
2026-07-27T15:00,Sudeste,1661,1649,4,75
2026-07-27T15:00,Sul,1047,1049,2,55
2026-07-27T16:00,Norte,879,934,3,65
2026-07-27T16:00,Nordeste,1142,1134,5,90
2026-07-27T16:00,Sudeste,1606,1634,4,75
2026-07-27T16:00,Sul,993,1034,2,55
2026-07-27T17:00,Norte,881,918,3,65
2026-07-27T17:00,Nordeste,1051,1118,5,90
2026-07-27T17:00,Sudeste,1591,1618,4,75
2026-07-27T17:00,Sul,962,1018,2,55
2026-07-27T18:00,Norte,867,900,3,65
2026-07-27T18:00,Nordeste,1031,1100,5,90
2026-07-27T18:00,Sudeste,1526,1600,4,75
2026-07-27T18:00,Sul,981,1000,2,55
2026-07-27T19:00,Norte,825,900,3,65
2026-07-27T19:00,Nordeste,1018,1100,5,90
2026-07-27T19:00,Sudeste,1518,1600,4,75
2026-07-27T19:00,Sul,898,1000,2,55
2026-07-27T20:00,Norte,821,900,3,65
2026-07-27T20:00,Nordeste,955,1100,5,90
2026-07-27T20:00,Sudeste,1471,1600,4,75
2026-07-27T20:00,Sul,870,1000,2,55
2026-07-27T21:00,Norte,751,900,3,65
2026-07-27T21:00,Nordeste,973,1100,5,90
2026-07-27T21:00,Sudeste,1473,1600,4,75
2026-07-27T21:00,Sul,827,1000,2,55
2026-07-27T22:00,Norte,754,900,3,65
2026-07-27T22:00,Nordeste,913,1100,5,90
2026-07-27T22:00,Sudeste,1409,1600,4,75
2026-07-27T22:00,Sul,813,1000,2,55
2026-07-27T23:00,Norte,737,900,3,65
2026-07-27T23:00,Nordeste,915,1100,5,90
2026-07-27T23:00,Sudeste,1403,1600,4,75
2026-07-27T23:00,Sul,785,1000,2,55
2026-07-28T00:00,Norte,668,900,3,65
2026-07-28T00:00,Nordeste,921,1100,5,90
2026-07-28T00:00,Sudeste,1403,1600,4,75
2026-07-28T00:00,Sul,792,1000,2,55
2026-07-28T01:00,Norte,681,900,3,65
2026-07-28T01:00,Nordeste,903,1100,5,90
2026-07-28T01:00,Sudeste,1425,1600,4,75
2026-07-28T01:00,Sul,801,1000,2,55
2026-07-28T02:00,Norte,700,900,3,65
2026-07-28T02:00,Nordeste,879,1100,5,90
2026-07-28T02:00,Sudeste,1373,1600,4,75
2026-07-28T02:00,Sul,791,1000,2,55
2026-07-28T03:00,Norte,705,900,3,65
2026-07-28T03:00,Nordeste,884,1100,5,90
2026-07-28T03:00,Sudeste,1406,1600,4,75
2026-07-28T03:00,Sul,826,1000,2,55
2026-07-28T04:00,Norte,728,900,3,65
2026-07-28T04:00,Nordeste,947,1100,5,90
2026-07-28T04:00,Sudeste,1439,1600,4,75
2026-07-28T04:00,Sul,826,1000,2,55
2026-07-28T05:00,Norte,772,900,3,65
2026-07-28T05:00,Nordeste,926,1100,5,90
2026-07-28T05:00,Sudeste,1446,1600,4,75
2026-07-28T05:00,Sul,886,1000,2,55
2026-07-28T06:00,Norte,796,900,3,65
2026-07-28T06:00,Nordeste,984,1100,5,90
2026-07-28T06:00,Sudeste,1517,1600,4,75
2026-07-28T06:00,Sul,920,1000,2,55
2026-07-28T07:00,Norte,790,918,3,65
2026-07-28T07:00,Nordeste,995,1118,5,90
2026-07-28T07:00,Sudeste,1501,1618,4,75
2026-07-28T07:00,Sul,896,1018,2,55
